{
    "description": "",
    "tags": [
        {
            "id": 21884008,
            "tagId": 32512,
            "name": "sequence",
            "value": "0000",
            "labelerLogin": "inbox@datasetninja.com",
            "createdAt": "2024-03-12T15:18:31.068Z",
            "updatedAt": "2024-03-12T15:18:31.068Z"
        }
    ],
    "size": {
        "height": 375,
        "width": 1242
    },
    "objects": [
        {
            "id": 159506026,
            "classId": 6551258,
            "objectId": null,
            "description": "",
            "geometryType": "polygon",
            "labelerLogin": "inbox@datasetninja.com",
            "createdAt": "2024-03-12T15:18:31.070Z",
            "updatedAt": "2024-03-12T15:18:31.070Z",
            "tags": [
                {
                    "id": 121963889,
                    "tagId": 32511,
                    "name": "object id",
                    "value": 1005,
                    "labelerLogin": "inbox@datasetninja.com",
                    "createdAt": "2024-03-12T15:18:31.070Z",
                    "updatedAt": "2024-03-12T15:18:31.070Z"
                },
                {
                    "id": 121963890,
                    "tagId": 32513,
                    "name": "instance id",
                    "value": 5,
                    "labelerLogin": "inbox@datasetninja.com",
                    "createdAt": "2024-03-12T15:18:31.070Z",
                    "updatedAt": "2024-03-12T15:18:31.070Z"
                }
            ],
            "classTitle": "car",
            "points": {
                "exterior": [
                    [
                        803,
                        190
                    ],
                    [
                        802,
                        191
                    ],
                    [
                        798,
                        191
                    ],
                    [
                        797,
                        192
                    ],
                    [
                        792,
                        192
                    ],
                    [
                        791,
                        193
                    ],
                    [
                        790,
                        193
                    ],
                    [
                        789,
                        194
                    ],
                    [
                        788,
                        194
                    ],
                    [
                        787,
                        195
                    ],
                    [
                        786,
                        195
                    ],
                    [
                        782,
                        199
                    ],
                    [
                        782,
                        200
                    ],
                    [
                        779,
                        203
                    ],
                    [
                        779,
                        204
                    ],
                    [
                        778,
                        205
                    ],
                    [
                        778,
                        207
                    ],
                    [
                        776,
                        209
                    ],
                    [
                        776,
                        210
                    ],
                    [
                        775,
                        211
                    ],
                    [
                        775,
                        212
                    ],
                    [
                        774,
                        213
                    ],
                    [
                        774,
                        214
                    ],
                    [
                        773,
                        215
                    ],
                    [
                        773,
                        216
                    ],
                    [
                        772,
                        217
                    ],
                    [
                        772,
                        219
                    ],
                    [
                        771,
                        220
                    ],
                    [
                        771,
                        223
                    ],
                    [
                        770,
                        224
                    ],
                    [
                        770,
                        228
                    ],
                    [
                        769,
                        229
                    ],
                    [
                        769,
                        233
                    ],
                    [
                        768,
                        234
                    ],
                    [
                        768,
                        239
                    ],
                    [
                        767,
                        240
                    ],
                    [
                        767,
                        248
                    ],
                    [
                        768,
                        249
                    ],
                    [
                        768,
                        252
                    ],
                    [
                        769,
                        253
                    ],
                    [
                        769,
                        257
                    ],
                    [
                        770,
                        258
                    ],
                    [
                        770,
                        260
                    ],
                    [
                        771,
                        261
                    ],
                    [
                        771,
                        262
                    ],
                    [
                        773,
                        264
                    ],
                    [
                        774,
                        264
                    ],
                    [
                        775,
                        265
                    ],
                    [
                        781,
                        265
                    ],
                    [
                        781,
                        264
                    ],
                    [
                        782,
                        263
                    ],
                    [
                        782,
                        262
                    ],
                    [
                        786,
                        258
                    ],
                    [
                        788,
                        258
                    ],
                    [
                        790,
                        256
                    ],
                    [
                        793,
                        256
                    ],
                    [
                        794,
                        255
                    ],
                    [
                        802,
                        255
                    ],
                    [
                        803,
                        254
                    ],
                    [
                        812,
                        254
                    ],
                    [
                        813,
                        255
                    ],
                    [
                        823,
                        255
                    ],
                    [
                        824,
                        256
                    ],
                    [
                        829,
                        256
                    ],
                    [
                        830,
                        257
                    ],
                    [
                        833,
                        257
                    ],
                    [
                        835,
                        259
                    ],
                    [
                        836,
                        259
                    ],
                    [
                        839,
                        262
                    ],
                    [
                        839,
                        263
                    ],
                    [
                        843,
                        267
                    ],
                    [
                        845,
                        267
                    ],
                    [
                        846,
                        268
                    ],
                    [
                        848,
                        268
                    ],
                    [
                        853,
                        263
                    ],
                    [
                        853,
                        261
                    ],
                    [
                        859,
                        255
                    ],
                    [
                        861,
                        255
                    ],
                    [
                        862,
                        254
                    ],
                    [
                        870,
                        254
                    ],
                    [
                        871,
                        253
                    ],
                    [
                        874,
                        253
                    ],
                    [
                        875,
                        252
                    ],
                    [
                        876,
                        252
                    ],
                    [
                        877,
                        251
                    ],
                    [
                        877,
                        248
                    ],
                    [
                        878,
                        247
                    ],
                    [
                        878,
                        235
                    ],
                    [
                        877,
                        234
                    ],
                    [
                        877,
                        227
                    ],
                    [
                        876,
                        226
                    ],
                    [
                        876,
                        224
                    ],
                    [
                        875,
                        223
                    ],
                    [
                        875,
                        222
                    ],
                    [
                        874,
                        221
                    ],
                    [
                        874,
                        213
                    ],
                    [
                        872,
                        211
                    ],
                    [
                        871,
                        211
                    ],
                    [
                        870,
                        210
                    ],
                    [
                        869,
                        210
                    ],
                    [
                        868,
                        209
                    ],
                    [
                        867,
                        209
                    ],
                    [
                        860,
                        202
                    ],
                    [
                        859,
                        202
                    ],
                    [
                        856,
                        199
                    ],
                    [
                        855,
                        199
                    ],
                    [
                        852,
                        196
                    ],
                    [
                        851,
                        196
                    ],
                    [
                        850,
                        195
                    ],
                    [
                        846,
                        195
                    ],
                    [
                        845,
                        194
                    ],
                    [
                        843,
                        194
                    ],
                    [
                        842,
                        193
                    ],
                    [
                        838,
                        193
                    ],
                    [
                        837,
                        192
                    ],
                    [
                        827,
                        192
                    ],
                    [
                        826,
                        191
                    ],
                    [
                        813,
                        191
                    ],
                    [
                        812,
                        190
                    ]
                ],
                "interior": []
            }
        },
        {
            "id": 159506027,
            "classId": 6551258,
            "objectId": null,
            "description": "",
            "geometryType": "rectangle",
            "labelerLogin": "inbox@datasetninja.com",
            "createdAt": "2024-03-12T15:18:31.072Z",
            "updatedAt": "2024-03-12T15:18:31.072Z",
            "tags": [
                {
                    "id": 121963891,
                    "tagId": 32511,
                    "name": "object id",
                    "value": 1005,
                    "labelerLogin": "inbox@datasetninja.com",
                    "createdAt": "2024-03-12T15:18:31.072Z",
                    "updatedAt": "2024-03-12T15:18:31.072Z"
                },
                {
                    "id": 121963892,
                    "tagId": 32513,
                    "name": "instance id",
                    "value": 5,
                    "labelerLogin": "inbox@datasetninja.com",
                    "createdAt": "2024-03-12T15:18:31.072Z",
                    "updatedAt": "2024-03-12T15:18:31.072Z"
                }
            ],
            "classTitle": "car",
            "points": {
                "exterior": [
                    [
                        767,
                        190
                    ],
                    [
                        878,
                        268
                    ]
                ],
                "interior": []
            }
        },
        {
            "id": 159506028,
            "classId": 6551258,
            "objectId": null,
            "description": "",
            "geometryType": "polygon",
            "labelerLogin": "inbox@datasetninja.com",
            "createdAt": "2024-03-12T15:18:31.076Z",
            "updatedAt": "2024-03-12T15:18:31.076Z",
            "tags": [
                {
                    "id": 121963893,
                    "tagId": 32511,
                    "name": "object id",
                    "value": 1006,
                    "labelerLogin": "inbox@datasetninja.com",
                    "createdAt": "2024-03-12T15:18:31.076Z",
                    "updatedAt": "2024-03-12T15:18:31.076Z"
                },
                {
                    "id": 121963894,
                    "tagId": 32513,
                    "name": "instance id",
                    "value": 6,
                    "labelerLogin": "inbox@datasetninja.com",
                    "createdAt": "2024-03-12T15:18:31.076Z",
                    "updatedAt": "2024-03-12T15:18:31.076Z"
                }
            ],
            "classTitle": "car",
            "points": {
                "exterior": [
                    [
                        706,
                        202
                    ],
                    [
                        704,
                        204
                    ],
                    [
                        704,
                        205
                    ],
                    [
                        699,
                        210
                    ],
                    [
                        698,
                        210
                    ],
                    [
                        698,
                        211
                    ],
                    [
                        697,
                        212
                    ],
                    [
                        697,
                        213
                    ],
                    [
                        696,
                        214
                    ],
                    [
                        696,
                        215
                    ],
                    [
                        695,
                        216
                    ],
                    [
                        695,
                        219
                    ],
                    [
                        693,
                        221
                    ],
                    [
                        691,
                        221
                    ],
                    [
                        692,
                        222
                    ],
                    [
                        692,
                        226
                    ],
                    [
                        693,
                        227
                    ],
                    [
                        693,
                        228
                    ],
                    [
                        694,
                        229
                    ],
                    [
                        694,
                        230
                    ],
                    [
                        695,
                        231
                    ],
                    [
                        695,
                        235
                    ],
                    [
                        696,
                        236
                    ],
                    [
                        702,
                        236
                    ],
                    [
                        703,
                        235
                    ],
                    [
                        703,
                        233
                    ],
                    [
                        704,
                        232
                    ],
                    [
                        707,
                        232
                    ],
                    [
                        708,
                        233
                    ],
                    [
                        709,
                        233
                    ],
                    [
                        710,
                        234
                    ],
                    [
                        711,
                        234
                    ],
                    [
                        712,
                        235
                    ],
                    [
                        715,
                        235
                    ],
                    [
                        716,
                        234
                    ],
                    [
                        716,
                        232
                    ],
                    [
                        715,
                        231
                    ],
                    [
                        715,
                        230
                    ],
                    [
                        714,
                        229
                    ],
                    [
                        713,
                        230
                    ],
                    [
                        707,
                        230
                    ],
                    [
                        703,
                        226
                    ],
                    [
                        703,
                        225
                    ],
                    [
                        702,
                        224
                    ],
                    [
                        702,
                        222
                    ],
                    [
                        701,
                        221
                    ],
                    [
                        701,
                        215
                    ],
                    [
                        703,
                        213
                    ],
                    [
                        703,
                        210
                    ],
                    [
                        705,
                        208
                    ],
                    [
                        705,
                        206
                    ],
                    [
                        706,
                        205
                    ]
                ],
                "interior": []
            }
        },
        {
            "id": 159506029,
            "classId": 6551258,
            "objectId": null,
            "description": "",
            "geometryType": "rectangle",
            "labelerLogin": "inbox@datasetninja.com",
            "createdAt": "2024-03-12T15:18:31.082Z",
            "updatedAt": "2024-03-12T15:18:31.082Z",
            "tags": [
                {
                    "id": 121963895,
                    "tagId": 32511,
                    "name": "object id",
                    "value": 1006,
                    "labelerLogin": "inbox@datasetninja.com",
                    "createdAt": "2024-03-12T15:18:31.078Z",
                    "updatedAt": "2024-03-12T15:18:31.078Z"
                },
                {
                    "id": 121963896,
                    "tagId": 32513,
                    "name": "instance id",
                    "value": 6,
                    "labelerLogin": "inbox@datasetninja.com",
                    "createdAt": "2024-03-12T15:18:31.078Z",
                    "updatedAt": "2024-03-12T15:18:31.078Z"
                }
            ],
            "classTitle": "car",
            "points": {
                "exterior": [
                    [
                        691,
                        202
                    ],
                    [
                        716,
                        236
                    ]
                ],
                "interior": []
            }
        },
        {
            "id": 159506030,
            "classId": 6551258,
            "objectId": null,
            "description": "",
            "geometryType": "polygon",
            "labelerLogin": "inbox@datasetninja.com",
            "createdAt": "2024-03-12T15:18:31.084Z",
            "updatedAt": "2024-03-12T15:18:31.084Z",
            "tags": [
                {
                    "id": 121963897,
                    "tagId": 32511,
                    "name": "object id",
                    "value": 1006,
                    "labelerLogin": "inbox@datasetninja.com",
                    "createdAt": "2024-03-12T15:18:31.084Z",
                    "updatedAt": "2024-03-12T15:18:31.084Z"
                },
                {
                    "id": 121963898,
                    "tagId": 32513,
                    "name": "instance id",
                    "value": 6,
                    "labelerLogin": "inbox@datasetninja.com",
                    "createdAt": "2024-03-12T15:18:31.084Z",
                    "updatedAt": "2024-03-12T15:18:31.084Z"
                }
            ],
            "classTitle": "car",
            "points": {
                "exterior": [
                    [
                        732,
                        189
                    ],
                    [
                        731,
                        190
                    ],
                    [
                        731,
                        193
                    ],
                    [
                        734,
                        196
                    ],
                    [
                        735,
                        196
                    ],
                    [
                        736,
                        197
                    ],
                    [
                        736,
                        198
                    ],
                    [
                        737,
                        199
                    ],
                    [
                        737,
                        200
                    ],
                    [
                        738,
                        201
                    ],
                    [
                        738,
                        203
                    ],
                    [
                        739,
                        204
                    ],
                    [
                        739,
                        206
                    ],
                    [
                        740,
                        207
                    ],
                    [
                        740,
                        209
                    ],
                    [
                        741,
                        210
                    ],
                    [
                        741,
                        211
                    ],
                    [
                        744,
                        214
                    ],
                    [
                        744,
                        215
                    ],
                    [
                        745,
                        216
                    ],
                    [
                        745,
                        217
                    ],
                    [
                        746,
                        218
                    ],
                    [
                        746,
                        220
                    ],
                    [
                        747,
                        221
                    ],
                    [
                        746,
                        222
                    ],
                    [
                        746,
                        225
                    ],
                    [
                        744,
                        227
                    ],
                    [
                        743,
                        227
                    ],
                    [
                        742,
                        228
                    ],
                    [
                        742,
                        235
                    ],
                    [
                        743,
                        236
                    ],
                    [
                        743,
                        237
                    ],
                    [
                        746,
                        240
                    ],
                    [
                        746,
                        241
                    ],
                    [
                        751,
                        236
                    ],
                    [
                        764,
                        236
                    ],
                    [
                        767,
                        239
                    ],
                    [
                        767,
                        234
                    ],
                    [
                        768,
                        233
                    ],
                    [
                        768,
                        229
                    ],
                    [
                        769,
                        228
                    ],
                    [
                        769,
                        224
                    ],
                    [
                        770,
                        223
                    ],
                    [
                        770,
                        220
                    ],
                    [
                        771,
                        219
                    ],
                    [
                        771,
                        217
                    ],
                    [
                        772,
                        216
                    ],
                    [
                        772,
                        215
                    ],
                    [
                        773,
                        214
                    ],
                    [
                        773,
                        213
                    ],
                    [
                        774,
                        212
                    ],
                    [
                        774,
                        211
                    ],
                    [
                        775,
                        210
                    ],
                    [
                        775,
                        208
                    ],
                    [
                        769,
                        202
                    ],
                    [
                        769,
                        201
                    ],
                    [
                        768,
                        200
                    ],
                    [
                        768,
                        199
                    ],
                    [
                        762,
                        193
                    ],
                    [
                        761,
                        193
                    ],
                    [
                        760,
                        192
                    ],
                    [
                        758,
                        192
                    ],
                    [
                        757,
                        191
                    ],
                    [
                        755,
                        191
                    ],
                    [
                        754,
                        190
                    ],
                    [
                        738,
                        190
                    ],
                    [
                        737,
                        189
                    ]
                ],
                "interior": []
            }
        },
        {
            "id": 159506031,
            "classId": 6551258,
            "objectId": null,
            "description": "",
            "geometryType": "rectangle",
            "labelerLogin": "inbox@datasetninja.com",
            "createdAt": "2024-03-12T15:18:31.087Z",
            "updatedAt": "2024-03-12T15:18:31.087Z",
            "tags": [
                {
                    "id": 121963899,
                    "tagId": 32511,
                    "name": "object id",
                    "value": 1006,
                    "labelerLogin": "inbox@datasetninja.com",
                    "createdAt": "2024-03-12T15:18:31.087Z",
                    "updatedAt": "2024-03-12T15:18:31.087Z"
                },
                {
                    "id": 121963900,
                    "tagId": 32513,
                    "name": "instance id",
                    "value": 6,
                    "labelerLogin": "inbox@datasetninja.com",
                    "createdAt": "2024-03-12T15:18:31.087Z",
                    "updatedAt": "2024-03-12T15:18:31.087Z"
                }
            ],
            "classTitle": "car",
            "points": {
                "exterior": [
                    [
                        731,
                        189
                    ],
                    [
                        775,
                        241
                    ]
                ],
                "interior": []
            }
        },
        {
            "id": 159506032,
            "classId": 6551258,
            "objectId": null,
            "description": "",
            "geometryType": "polygon",
            "labelerLogin": "inbox@datasetninja.com",
            "createdAt": "2024-03-12T15:18:31.090Z",
            "updatedAt": "2024-03-12T15:18:31.090Z",
            "tags": [
                {
                    "id": 121963901,
                    "tagId": 32511,
                    "name": "object id",
                    "value": 1007,
                    "labelerLogin": "inbox@datasetninja.com",
                    "createdAt": "2024-03-12T15:18:31.089Z",
                    "updatedAt": "2024-03-12T15:18:31.089Z"
                },
                {
                    "id": 121963902,
                    "tagId": 32513,
                    "name": "instance id",
                    "value": 7,
                    "labelerLogin": "inbox@datasetninja.com",
                    "createdAt": "2024-03-12T15:18:31.089Z",
                    "updatedAt": "2024-03-12T15:18:31.089Z"
                }
            ],
            "classTitle": "car",
            "points": {
                "exterior": [
                    [
                        436,
                        183
                    ],
                    [
                        435,
                        184
                    ],
                    [
                        434,
                        184
                    ],
                    [
                        431,
                        187
                    ],
                    [
                        431,
                        188
                    ],
                    [
                        428,
                        191
                    ],
                    [
                        428,
                        192
                    ],
                    [
                        424,
                        196
                    ],
                    [
                        424,
                        197
                    ],
                    [
                        420,
                        201
                    ],
                    [
                        420,
                        203
                    ],
                    [
                        417,
                        206
                    ],
                    [
                        417,
                        207
                    ],
                    [
                        416,
                        208
                    ],
                    [
                        416,
                        209
                    ],
                    [
                        415,
                        210
                    ],
                    [
                        415,
                        211
                    ],
                    [
                        414,
                        212
                    ],
                    [
                        414,
                        223
                    ],
                    [
                        415,
                        224
                    ],
                    [
                        415,
                        226
                    ],
                    [
                        416,
                        227
                    ],
                    [
                        431,
                        227
                    ],
                    [
                        432,
                        228
                    ],
                    [
                        442,
                        228
                    ],
                    [
                        442,
                        227
                    ],
                    [
                        443,
                        226
                    ],
                    [
                        443,
                        209
                    ],
                    [
                        445,
                        207
                    ],
                    [
                        447,
                        209
                    ],
                    [
                        447,
                        211
                    ],
                    [
                        446,
                        212
                    ],
                    [
                        446,
                        215
                    ],
                    [
                        447,
                        216
                    ],
                    [
                        447,
                        228
                    ],
                    [
                        448,
                        229
                    ],
                    [
                        449,
                        228
                    ],
                    [
                        451,
                        228
                    ],
                    [
                        451,
                        222
                    ],
                    [
                        452,
                        221
                    ],
                    [
                        452,
                        217
                    ],
                    [
                        454,
                        215
                    ],
                    [
                        454,
                        214
                    ],
                    [
                        455,
                        213
                    ],
                    [
                        456,
                        213
                    ],
                    [
                        457,
                        214
                    ],
                    [
                        458,
                        214
                    ],
                    [
                        460,
                        216
                    ],
                    [
                        460,
                        223
                    ],
                    [
                        459,
                        224
                    ],
                    [
                        459,
                        226
                    ],
                    [
                        460,
                        227
                    ],
                    [
                        460,
                        228
                    ],
                    [
                        463,
                        228
                    ],
                    [
                        464,
                        229
                    ],
                    [
                        465,
                        229
                    ],
                    [
                        466,
                        230
                    ],
                    [
                        468,
                        230
                    ],
                    [
                        470,
                        232
                    ],
                    [
                        473,
                        232
                    ],
                    [
                        474,
                        231
                    ],
                    [
                        475,
                        231
                    ],
                    [
                        478,
                        228
                    ],
                    [
                        479,
                        228
                    ],
                    [
                        479,
                        227
                    ],
                    [
                        483,
                        223
                    ],
                    [
                        483,
                        216
                    ],
                    [
                        484,
                        215
                    ],
                    [
                        484,
                        210
                    ],
                    [
                        485,
                        209
                    ],
                    [
                        485,
                        193
                    ],
                    [
                        484,
                        193
                    ],
                    [
                        483,
                        192
                    ],
                    [
                        481,
                        192
                    ],
                    [
                        479,
                        190
                    ],
                    [
                        479,
                        189
                    ],
                    [
                        478,
                        189
                    ],
                    [
                        477,
                        188
                    ],
                    [
                        477,
                        187
                    ],
                    [
                        476,
                        187
                    ],
                    [
                        474,
                        185
                    ],
                    [
                        472,
                        185
                    ],
                    [
                        471,
                        184
                    ],
                    [
                        462,
                        184
                    ],
                    [
                        461,
                        183
                    ]
                ],
                "interior": [
                    [
                        [
                            456,
                            209
                        ],
                        [
                            457,
                            208
                        ],
                        [
                            459,
                            208
                        ],
                        [
                            460,
                            209
                        ],
                        [
                            459,
                            210
                        ],
                        [
                            457,
                            210
                        ]
                    ],
                    [
                        [
                            453,
                            206
                        ],
                        [
                            454,
                            205
                        ],
                        [
                            455,
                            205
                        ],
                        [
                            456,
                            206
                        ],
                        [
                            456,
                            209
                        ],
                        [
                            455,
                            210
                        ],
                        [
                            454,
                            210
                        ],
                        [
                            453,
                            209
                        ]
                    ]
                ]
            }
        },
        {
            "id": 159506033,
            "classId": 6551258,
            "objectId": null,
            "description": "",
            "geometryType": "rectangle",
            "labelerLogin": "inbox@datasetninja.com",
            "createdAt": "2024-03-12T15:18:31.092Z",
            "updatedAt": "2024-03-12T15:18:31.092Z",
            "tags": [
                {
                    "id": 121963903,
                    "tagId": 32511,
                    "name": "object id",
                    "value": 1007,
                    "labelerLogin": "inbox@datasetninja.com",
                    "createdAt": "2024-03-12T15:18:31.092Z",
                    "updatedAt": "2024-03-12T15:18:31.092Z"
                },
                {
                    "id": 121963904,
                    "tagId": 32513,
                    "name": "instance id",
                    "value": 7,
                    "labelerLogin": "inbox@datasetninja.com",
                    "createdAt": "2024-03-12T15:18:31.092Z",
                    "updatedAt": "2024-03-12T15:18:31.092Z"
                }
            ],
            "classTitle": "car",
            "points": {
                "exterior": [
                    [
                        414,
                        183
                    ],
                    [
                        485,
                        232
                    ]
                ],
                "interior": []
            }
        },
        {
            "id": 159506034,
            "classId": 6551258,
            "objectId": null,
            "description": "",
            "geometryType": "polygon",
            "labelerLogin": "inbox@datasetninja.com",
            "createdAt": "2024-03-12T15:18:31.093Z",
            "updatedAt": "2024-03-12T15:18:31.093Z",
            "tags": [
                {
                    "id": 121963905,
                    "tagId": 32511,
                    "name": "object id",
                    "value": 1009,
                    "labelerLogin": "inbox@datasetninja.com",
                    "createdAt": "2024-03-12T15:18:31.093Z",
                    "updatedAt": "2024-03-12T15:18:31.093Z"
                },
                {
                    "id": 121963906,
                    "tagId": 32513,
                    "name": "instance id",
                    "value": 9,
                    "labelerLogin": "inbox@datasetninja.com",
                    "createdAt": "2024-03-12T15:18:31.093Z",
                    "updatedAt": "2024-03-12T15:18:31.093Z"
                }
            ],
            "classTitle": "car",
            "points": {
                "exterior": [
                    [
                        670,
                        183
                    ],
                    [
                        669,
                        184
                    ],
                    [
                        662,
                        184
                    ],
                    [
                        661,
                        185
                    ],
                    [
                        660,
                        185
                    ],
                    [
                        659,
                        186
                    ],
                    [
                        658,
                        186
                    ],
                    [
                        658,
                        187
                    ],
                    [
                        655,
                        190
                    ],
                    [
                        655,
                        191
                    ],
                    [
                        654,
                        192
                    ],
                    [
                        654,
                        193
                    ],
                    [
                        652,
                        195
                    ],
                    [
                        652,
                        196
                    ],
                    [
                        650,
                        198
                    ],
                    [
                        650,
                        200
                    ],
                    [
                        649,
                        201
                    ],
                    [
                        649,
                        202
                    ],
                    [
                        648,
                        203
                    ],
                    [
                        648,
                        205
                    ],
                    [
                        647,
                        206
                    ],
                    [
                        647,
                        217
                    ],
                    [
                        648,
                        218
                    ],
                    [
                        648,
                        219
                    ],
                    [
                        650,
                        221
                    ],
                    [
                        651,
                        220
                    ],
                    [
                        652,
                        220
                    ],
                    [
                        654,
                        218
                    ],
                    [
                        658,
                        218
                    ],
                    [
                        661,
                        221
                    ],
                    [
                        661,
                        223
                    ],
                    [
                        663,
                        225
                    ],
                    [
                        665,
                        223
                    ],
                    [
                        666,
                        223
                    ],
                    [
                        668,
                        221
                    ],
                    [
                        670,
                        221
                    ],
                    [
                        671,
                        220
                    ],
                    [
                        681,
                        220
                    ],
                    [
                        682,
                        221
                    ],
                    [
                        689,
                        221
                    ],
                    [
                        690,
                        220
                    ],
                    [
                        693,
                        220
                    ],
                    [
                        694,
                        219
                    ],
                    [
                        694,
                        216
                    ],
                    [
                        695,
                        215
                    ],
                    [
                        695,
                        214
                    ],
                    [
                        696,
                        213
                    ],
                    [
                        696,
                        212
                    ],
                    [
                        697,
                        211
                    ],
                    [
                        697,
                        210
                    ],
                    [
                        698,
                        209
                    ],
                    [
                        699,
                        209
                    ],
                    [
                        703,
                        205
                    ],
                    [
                        703,
                        202
                    ],
                    [
                        704,
                        201
                    ],
                    [
                        704,
                        200
                    ],
                    [
                        705,
                        199
                    ],
                    [
                        705,
                        196
                    ],
                    [
                        704,
                        195
                    ],
                    [
                        704,
                        193
                    ],
                    [
                        703,
                        192
                    ],
                    [
                        703,
                        191
                    ],
                    [
                        702,
                        190
                    ],
                    [
                        702,
                        189
                    ],
                    [
                        701,
                        189
                    ],
                    [
                        700,
                        188
                    ],
                    [
                        700,
                        187
                    ],
                    [
                        699,
                        186
                    ],
                    [
                        698,
                        186
                    ],
                    [
                        697,
                        185
                    ],
                    [
                        696,
                        185
                    ],
                    [
                        695,
                        184
                    ],
                    [
                        683,
                        184
                    ],
                    [
                        682,
                        183
                    ]
                ],
                "interior": []
            }
        },
        {
            "id": 159506035,
            "classId": 6551258,
            "objectId": null,
            "description": "",
            "geometryType": "rectangle",
            "labelerLogin": "inbox@datasetninja.com",
            "createdAt": "2024-03-12T15:18:31.094Z",
            "updatedAt": "2024-03-12T15:18:31.094Z",
            "tags": [
                {
                    "id": 121963907,
                    "tagId": 32511,
                    "name": "object id",
                    "value": 1009,
                    "labelerLogin": "inbox@datasetninja.com",
                    "createdAt": "2024-03-12T15:18:31.094Z",
                    "updatedAt": "2024-03-12T15:18:31.094Z"
                },
                {
                    "id": 121963908,
                    "tagId": 32513,
                    "name": "instance id",
                    "value": 9,
                    "labelerLogin": "inbox@datasetninja.com",
                    "createdAt": "2024-03-12T15:18:31.094Z",
                    "updatedAt": "2024-03-12T15:18:31.094Z"
                }
            ],
            "classTitle": "car",
            "points": {
                "exterior": [
                    [
                        647,
                        183
                    ],
                    [
                        705,
                        225
                    ]
                ],
                "interior": []
            }
        },
        {
            "id": 159506036,
            "classId": 6551259,
            "objectId": null,
            "description": "",
            "geometryType": "polygon",
            "labelerLogin": "inbox@datasetninja.com",
            "createdAt": "2024-03-12T15:18:31.095Z",
            "updatedAt": "2024-03-12T15:18:31.095Z",
            "tags": [],
            "classTitle": "ignore region",
            "points": {
                "exterior": [
                    [
                        698,
                        176
                    ],
                    [
                        698,
                        185
                    ],
                    [
                        699,
                        185
                    ],
                    [
                        701,
                        187
                    ],
                    [
                        701,
                        188
                    ],
                    [
                        702,
                        188
                    ],
                    [
                        703,
                        189
                    ],
                    [
                        703,
                        190
                    ],
                    [
                        704,
                        191
                    ],
                    [
                        704,
                        192
                    ],
                    [
                        705,
                        193
                    ],
                    [
                        705,
                        195
                    ],
                    [
                        706,
                        196
                    ],
                    [
                        706,
                        199
                    ],
                    [
                        705,
                        200
                    ],
                    [
                        705,
                        201
                    ],
                    [
                        704,
                        202
                    ],
                    [
                        704,
                        203
                    ],
                    [
                        706,
                        201
                    ],
                    [
                        707,
                        202
                    ],
                    [
                        707,
                        205
                    ],
                    [
                        706,
                        206
                    ],
                    [
                        706,
                        208
                    ],
                    [
                        704,
                        210
                    ],
                    [
                        704,
                        213
                    ],
                    [
                        702,
                        215
                    ],
                    [
                        702,
                        221
                    ],
                    [
                        703,
                        222
                    ],
                    [
                        703,
                        224
                    ],
                    [
                        704,
                        225
                    ],
                    [
                        704,
                        226
                    ],
                    [
                        707,
                        229
                    ],
                    [
                        713,
                        229
                    ],
                    [
                        714,
                        228
                    ],
                    [
                        716,
                        230
                    ],
                    [
                        716,
                        231
                    ],
                    [
                        717,
                        232
                    ],
                    [
                        717,
                        234
                    ],
                    [
                        715,
                        236
                    ],
                    [
                        712,
                        236
                    ],
                    [
                        711,
                        235
                    ],
                    [
                        710,
                        235
                    ],
                    [
                        709,
                        234
                    ],
                    [
                        708,
                        234
                    ],
                    [
                        707,
                        233
                    ],
                    [
                        704,
                        233
                    ],
                    [
                        704,
                        235
                    ],
                    [
                        702,
                        237
                    ],
                    [
                        698,
                        237
                    ],
                    [
                        698,
                        277
                    ],
                    [
                        758,
                        277
                    ],
                    [
                        758,
                        237
                    ],
                    [
                        751,
                        237
                    ],
                    [
                        746,
                        242
                    ],
                    [
                        745,
                        241
                    ],
                    [
                        745,
                        240
                    ],
                    [
                        742,
                        237
                    ],
                    [
                        742,
                        236
                    ],
                    [
                        741,
                        235
                    ],
                    [
                        741,
                        228
                    ],
                    [
                        743,
                        226
                    ],
                    [
                        744,
                        226
                    ],
                    [
                        745,
                        225
                    ],
                    [
                        745,
                        222
                    ],
                    [
                        746,
                        221
                    ],
                    [
                        745,
                        220
                    ],
                    [
                        745,
                        218
                    ],
                    [
                        744,
                        217
                    ],
                    [
                        744,
                        216
                    ],
                    [
                        743,
                        215
                    ],
                    [
                        743,
                        214
                    ],
                    [
                        740,
                        211
                    ],
                    [
                        740,
                        210
                    ],
                    [
                        739,
                        209
                    ],
                    [
                        739,
                        207
                    ],
                    [
                        738,
                        206
                    ],
                    [
                        738,
                        204
                    ],
                    [
                        737,
                        203
                    ],
                    [
                        737,
                        201
                    ],
                    [
                        736,
                        200
                    ],
                    [
                        736,
                        199
                    ],
                    [
                        735,
                        198
                    ],
                    [
                        735,
                        197
                    ],
                    [
                        734,
                        197
                    ],
                    [
                        730,
                        193
                    ],
                    [
                        730,
                        190
                    ],
                    [
                        732,
                        188
                    ],
                    [
                        737,
                        188
                    ],
                    [
                        738,
                        189
                    ],
                    [
                        754,
                        189
                    ],
                    [
                        755,
                        190
                    ],
                    [
                        757,
                        190
                    ],
                    [
                        758,
                        191
                    ],
                    [
                        758,
                        176
                    ]
                ],
                "interior": [
                    [
                        [
                            714,
                            191
                        ],
                        [
                            715,
                            190
                        ],
                        [
                            716,
                            191
                        ],
                        [
                            715,
                            192
                        ]
                    ]
                ]
            }
        },
        {
            "id": 159506037,
            "classId": 6551259,
            "objectId": null,
            "description": "",
            "geometryType": "rectangle",
            "labelerLogin": "inbox@datasetninja.com",
            "createdAt": "2024-03-12T15:18:31.095Z",
            "updatedAt": "2024-03-12T15:18:31.095Z",
            "tags": [],
            "classTitle": "ignore region",
            "points": {
                "exterior": [
                    [
                        698,
                        176
                    ],
                    [
                        758,
                        277
                    ]
                ],
                "interior": []
            }
        },
        {
            "id": 159506038,
            "classId": 6551259,
            "objectId": null,
            "description": "",
            "geometryType": "polygon",
            "labelerLogin": "inbox@datasetninja.com",
            "createdAt": "2024-03-12T15:18:31.096Z",
            "updatedAt": "2024-03-12T15:18:31.096Z",
            "tags": [],
            "classTitle": "ignore region",
            "points": {
                "exterior": [
                    [
                        1,
                        169
                    ],
                    [
                        1,
                        363
                    ],
                    [
                        49,
                        363
                    ],
                    [
                        49,
                        262
                    ],
                    [
                        50,
                        261
                    ],
                    [
                        50,
                        169
                    ]
                ],
                "interior": []
            }
        },
        {
            "id": 159506039,
            "classId": 6551259,
            "objectId": null,
            "description": "",
            "geometryType": "rectangle",
            "labelerLogin": "inbox@datasetninja.com",
            "createdAt": "2024-03-12T15:18:31.096Z",
            "updatedAt": "2024-03-12T15:18:31.096Z",
            "tags": [],
            "classTitle": "ignore region",
            "points": {
                "exterior": [
                    [
                        1,
                        169
                    ],
                    [
                        50,
                        363
                    ]
                ],
                "interior": []
            }
        },
        {
            "id": 159506040,
            "classId": 6551259,
            "objectId": null,
            "description": "",
            "geometryType": "polygon",
            "labelerLogin": "inbox@datasetninja.com",
            "createdAt": "2024-03-12T15:18:31.097Z",
            "updatedAt": "2024-03-12T15:18:31.097Z",
            "tags": [],
            "classTitle": "ignore region",
            "points": {
                "exterior": [
                    [
                        431,
                        153
                    ],
                    [
                        431,
                        186
                    ],
                    [
                        434,
                        183
                    ],
                    [
                        435,
                        183
                    ],
                    [
                        436,
                        182
                    ],
                    [
                        461,
                        182
                    ],
                    [
                        462,
                        183
                    ],
                    [
                        471,
                        183
                    ],
                    [
                        472,
                        184
                    ],
                    [
                        474,
                        184
                    ],
                    [
                        476,
                        186
                    ],
                    [
                        477,
                        186
                    ],
                    [
                        478,
                        187
                    ],
                    [
                        478,
                        188
                    ],
                    [
                        479,
                        188
                    ],
                    [
                        480,
                        189
                    ],
                    [
                        480,
                        190
                    ],
                    [
                        481,
                        191
                    ],
                    [
                        483,
                        191
                    ],
                    [
                        484,
                        192
                    ],
                    [
                        485,
                        192
                    ],
                    [
                        486,
                        193
                    ],
                    [
                        486,
                        209
                    ],
                    [
                        485,
                        210
                    ],
                    [
                        485,
                        215
                    ],
                    [
                        484,
                        216
                    ],
                    [
                        484,
                        218
                    ],
                    [
                        507,
                        218
                    ],
                    [
                        507,
                        193
                    ],
                    [
                        508,
                        192
                    ],
                    [
                        549,
                        192
                    ],
                    [
                        550,
                        193
                    ],
                    [
                        550,
                        213
                    ],
                    [
                        588,
                        213
                    ],
                    [
                        589,
                        214
                    ],
                    [
                        589,
                        219
                    ],
                    [
                        647,
                        219
                    ],
                    [
                        647,
                        218
                    ],
                    [
                        646,
                        217
                    ],
                    [
                        646,
                        206
                    ],
                    [
                        647,
                        205
                    ],
                    [
                        647,
                        203
                    ],
                    [
                        648,
                        202
                    ],
                    [
                        648,
                        201
                    ],
                    [
                        649,
                        200
                    ],
                    [
                        649,
                        198
                    ],
                    [
                        651,
                        196
                    ],
                    [
                        651,
                        195
                    ],
                    [
                        653,
                        193
                    ],
                    [
                        653,
                        192
                    ],
                    [
                        654,
                        191
                    ],
                    [
                        654,
                        190
                    ],
                    [
                        657,
                        187
                    ],
                    [
                        657,
                        186
                    ],
                    [
                        658,
                        185
                    ],
                    [
                        659,
                        185
                    ],
                    [
                        659,
                        177
                    ],
                    [
                        592,
                        177
                    ],
                    [
                        591,
                        176
                    ],
                    [
                        591,
                        172
                    ],
                    [
                        555,
                        172
                    ],
                    [
                        554,
                        171
                    ],
                    [
                        554,
                        159
                    ],
                    [
                        508,
                        159
                    ],
                    [
                        507,
                        158
                    ],
                    [
                        507,
                        153
                    ]
                ],
                "interior": []
            }
        },
        {
            "id": 159506041,
            "classId": 6551259,
            "objectId": null,
            "description": "",
            "geometryType": "rectangle",
            "labelerLogin": "inbox@datasetninja.com",
            "createdAt": "2024-03-12T15:18:31.099Z",
            "updatedAt": "2024-03-12T15:18:31.099Z",
            "tags": [],
            "classTitle": "ignore region",
            "points": {
                "exterior": [
                    [
                        431,
                        153
                    ],
                    [
                        659,
                        219
                    ]
                ],
                "interior": []
            }
        }
    ]
}