{
    "description": "",
    "tags": [
        {
            "id": 21883961,
            "tagId": 32512,
            "name": "sequence",
            "value": "0000",
            "labelerLogin": "inbox@datasetninja.com",
            "createdAt": "2024-03-12T15:18:21.875Z",
            "updatedAt": "2024-03-12T15:18:21.875Z"
        }
    ],
    "size": {
        "height": 375,
        "width": 1242
    },
    "objects": [
        {
            "id": 159505544,
            "classId": 6551258,
            "objectId": null,
            "description": "",
            "geometryType": "polygon",
            "labelerLogin": "inbox@datasetninja.com",
            "createdAt": "2024-03-12T15:18:21.876Z",
            "updatedAt": "2024-03-12T15:18:21.876Z",
            "tags": [
                {
                    "id": 121963521,
                    "tagId": 32511,
                    "name": "object id",
                    "value": 1005,
                    "labelerLogin": "inbox@datasetninja.com",
                    "createdAt": "2024-03-12T15:18:21.875Z",
                    "updatedAt": "2024-03-12T15:18:21.875Z"
                },
                {
                    "id": 121963522,
                    "tagId": 32513,
                    "name": "instance id",
                    "value": 5,
                    "labelerLogin": "inbox@datasetninja.com",
                    "createdAt": "2024-03-12T15:18:21.875Z",
                    "updatedAt": "2024-03-12T15:18:21.875Z"
                }
            ],
            "classTitle": "car",
            "points": {
                "exterior": [
                    [
                        761,
                        188
                    ],
                    [
                        760,
                        189
                    ],
                    [
                        755,
                        189
                    ],
                    [
                        754,
                        190
                    ],
                    [
                        753,
                        190
                    ],
                    [
                        752,
                        191
                    ],
                    [
                        750,
                        191
                    ],
                    [
                        748,
                        193
                    ],
                    [
                        747,
                        193
                    ],
                    [
                        744,
                        196
                    ],
                    [
                        744,
                        197
                    ],
                    [
                        741,
                        200
                    ],
                    [
                        741,
                        202
                    ],
                    [
                        739,
                        204
                    ],
                    [
                        739,
                        205
                    ],
                    [
                        738,
                        206
                    ],
                    [
                        738,
                        207
                    ],
                    [
                        736,
                        209
                    ],
                    [
                        736,
                        210
                    ],
                    [
                        735,
                        211
                    ],
                    [
                        735,
                        212
                    ],
                    [
                        733,
                        214
                    ],
                    [
                        733,
                        216
                    ],
                    [
                        731,
                        218
                    ],
                    [
                        731,
                        219
                    ],
                    [
                        730,
                        220
                    ],
                    [
                        730,
                        224
                    ],
                    [
                        729,
                        225
                    ],
                    [
                        729,
                        233
                    ],
                    [
                        728,
                        234
                    ],
                    [
                        728,
                        237
                    ],
                    [
                        727,
                        238
                    ],
                    [
                        727,
                        246
                    ],
                    [
                        726,
                        247
                    ],
                    [
                        726,
                        263
                    ],
                    [
                        727,
                        264
                    ],
                    [
                        727,
                        268
                    ],
                    [
                        728,
                        269
                    ],
                    [
                        728,
                        270
                    ],
                    [
                        729,
                        271
                    ],
                    [
                        729,
                        273
                    ],
                    [
                        731,
                        275
                    ],
                    [
                        732,
                        275
                    ],
                    [
                        734,
                        277
                    ],
                    [
                        735,
                        277
                    ],
                    [
                        736,
                        278
                    ],
                    [
                        738,
                        278
                    ],
                    [
                        739,
                        277
                    ],
                    [
                        740,
                        277
                    ],
                    [
                        741,
                        276
                    ],
                    [
                        741,
                        274
                    ],
                    [
                        742,
                        273
                    ],
                    [
                        742,
                        272
                    ],
                    [
                        747,
                        267
                    ],
                    [
                        749,
                        267
                    ],
                    [
                        750,
                        266
                    ],
                    [
                        752,
                        266
                    ],
                    [
                        753,
                        265
                    ],
                    [
                        786,
                        265
                    ],
                    [
                        787,
                        266
                    ],
                    [
                        801,
                        266
                    ],
                    [
                        802,
                        267
                    ],
                    [
                        806,
                        267
                    ],
                    [
                        808,
                        269
                    ],
                    [
                        809,
                        269
                    ],
                    [
                        813,
                        273
                    ],
                    [
                        813,
                        274
                    ],
                    [
                        815,
                        276
                    ],
                    [
                        816,
                        276
                    ],
                    [
                        817,
                        277
                    ],
                    [
                        819,
                        277
                    ],
                    [
                        820,
                        278
                    ],
                    [
                        823,
                        278
                    ],
                    [
                        825,
                        276
                    ],
                    [
                        826,
                        276
                    ],
                    [
                        826,
                        275
                    ],
                    [
                        827,
                        274
                    ],
                    [
                        827,
                        272
                    ],
                    [
                        829,
                        270
                    ],
                    [
                        829,
                        268
                    ],
                    [
                        830,
                        267
                    ],
                    [
                        830,
                        266
                    ],
                    [
                        835,
                        261
                    ],
                    [
                        836,
                        261
                    ],
                    [
                        837,
                        260
                    ],
                    [
                        838,
                        260
                    ],
                    [
                        839,
                        259
                    ],
                    [
                        842,
                        259
                    ],
                    [
                        843,
                        258
                    ],
                    [
                        844,
                        258
                    ],
                    [
                        845,
                        257
                    ],
                    [
                        846,
                        257
                    ],
                    [
                        846,
                        255
                    ],
                    [
                        847,
                        254
                    ],
                    [
                        847,
                        246
                    ],
                    [
                        848,
                        245
                    ],
                    [
                        848,
                        243
                    ],
                    [
                        847,
                        242
                    ],
                    [
                        847,
                        232
                    ],
                    [
                        846,
                        231
                    ],
                    [
                        846,
                        222
                    ],
                    [
                        845,
                        221
                    ],
                    [
                        845,
                        219
                    ],
                    [
                        844,
                        218
                    ],
                    [
                        844,
                        212
                    ],
                    [
                        842,
                        210
                    ],
                    [
                        841,
                        210
                    ],
                    [
                        840,
                        209
                    ],
                    [
                        839,
                        209
                    ],
                    [
                        837,
                        207
                    ],
                    [
                        836,
                        207
                    ],
                    [
                        829,
                        200
                    ],
                    [
                        829,
                        199
                    ],
                    [
                        828,
                        199
                    ],
                    [
                        827,
                        198
                    ],
                    [
                        827,
                        197
                    ],
                    [
                        826,
                        197
                    ],
                    [
                        825,
                        196
                    ],
                    [
                        824,
                        196
                    ],
                    [
                        822,
                        194
                    ],
                    [
                        821,
                        194
                    ],
                    [
                        820,
                        193
                    ],
                    [
                        818,
                        193
                    ],
                    [
                        817,
                        192
                    ],
                    [
                        815,
                        192
                    ],
                    [
                        814,
                        191
                    ],
                    [
                        810,
                        191
                    ],
                    [
                        809,
                        190
                    ],
                    [
                        803,
                        190
                    ],
                    [
                        802,
                        189
                    ],
                    [
                        792,
                        189
                    ],
                    [
                        791,
                        188
                    ]
                ],
                "interior": []
            }
        },
        {
            "id": 159505545,
            "classId": 6551258,
            "objectId": null,
            "description": "",
            "geometryType": "rectangle",
            "labelerLogin": "inbox@datasetninja.com",
            "createdAt": "2024-03-12T15:18:21.877Z",
            "updatedAt": "2024-03-12T15:18:21.877Z",
            "tags": [
                {
                    "id": 121963523,
                    "tagId": 32511,
                    "name": "object id",
                    "value": 1005,
                    "labelerLogin": "inbox@datasetninja.com",
                    "createdAt": "2024-03-12T15:18:21.877Z",
                    "updatedAt": "2024-03-12T15:18:21.877Z"
                },
                {
                    "id": 121963524,
                    "tagId": 32513,
                    "name": "instance id",
                    "value": 5,
                    "labelerLogin": "inbox@datasetninja.com",
                    "createdAt": "2024-03-12T15:18:21.877Z",
                    "updatedAt": "2024-03-12T15:18:21.877Z"
                }
            ],
            "classTitle": "car",
            "points": {
                "exterior": [
                    [
                        726,
                        188
                    ],
                    [
                        848,
                        278
                    ]
                ],
                "interior": []
            }
        },
        {
            "id": 159505546,
            "classId": 6551258,
            "objectId": null,
            "description": "",
            "geometryType": "polygon",
            "labelerLogin": "inbox@datasetninja.com",
            "createdAt": "2024-03-12T15:18:21.878Z",
            "updatedAt": "2024-03-12T15:18:21.878Z",
            "tags": [
                {
                    "id": 121963525,
                    "tagId": 32511,
                    "name": "object id",
                    "value": 1006,
                    "labelerLogin": "inbox@datasetninja.com",
                    "createdAt": "2024-03-12T15:18:21.877Z",
                    "updatedAt": "2024-03-12T15:18:21.877Z"
                },
                {
                    "id": 121963526,
                    "tagId": 32513,
                    "name": "instance id",
                    "value": 6,
                    "labelerLogin": "inbox@datasetninja.com",
                    "createdAt": "2024-03-12T15:18:21.877Z",
                    "updatedAt": "2024-03-12T15:18:21.877Z"
                }
            ],
            "classTitle": "car",
            "points": {
                "exterior": [
                    [
                        668,
                        187
                    ],
                    [
                        667,
                        188
                    ],
                    [
                        661,
                        188
                    ],
                    [
                        660,
                        189
                    ],
                    [
                        657,
                        189
                    ],
                    [
                        656,
                        190
                    ],
                    [
                        655,
                        190
                    ],
                    [
                        653,
                        192
                    ],
                    [
                        653,
                        193
                    ],
                    [
                        650,
                        196
                    ],
                    [
                        650,
                        197
                    ],
                    [
                        649,
                        198
                    ],
                    [
                        649,
                        206
                    ],
                    [
                        650,
                        207
                    ],
                    [
                        650,
                        208
                    ],
                    [
                        651,
                        208
                    ],
                    [
                        652,
                        209
                    ],
                    [
                        652,
                        210
                    ],
                    [
                        653,
                        211
                    ],
                    [
                        653,
                        212
                    ],
                    [
                        654,
                        213
                    ],
                    [
                        654,
                        214
                    ],
                    [
                        655,
                        215
                    ],
                    [
                        655,
                        217
                    ],
                    [
                        656,
                        218
                    ],
                    [
                        655,
                        219
                    ],
                    [
                        655,
                        220
                    ],
                    [
                        652,
                        223
                    ],
                    [
                        652,
                        224
                    ],
                    [
                        651,
                        225
                    ],
                    [
                        651,
                        229
                    ],
                    [
                        652,
                        230
                    ],
                    [
                        652,
                        232
                    ],
                    [
                        653,
                        233
                    ],
                    [
                        653,
                        237
                    ],
                    [
                        654,
                        238
                    ],
                    [
                        654,
                        240
                    ],
                    [
                        656,
                        242
                    ],
                    [
                        656,
                        243
                    ],
                    [
                        658,
                        245
                    ],
                    [
                        658,
                        246
                    ],
                    [
                        660,
                        248
                    ],
                    [
                        661,
                        248
                    ],
                    [
                        663,
                        250
                    ],
                    [
                        664,
                        250
                    ],
                    [
                        665,
                        251
                    ],
                    [
                        671,
                        251
                    ],
                    [
                        674,
                        248
                    ],
                    [
                        674,
                        246
                    ],
                    [
                        678,
                        242
                    ],
                    [
                        680,
                        242
                    ],
                    [
                        681,
                        241
                    ],
                    [
                        687,
                        241
                    ],
                    [
                        688,
                        242
                    ],
                    [
                        699,
                        242
                    ],
                    [
                        700,
                        241
                    ],
                    [
                        703,
                        241
                    ],
                    [
                        704,
                        240
                    ],
                    [
                        714,
                        240
                    ],
                    [
                        715,
                        241
                    ],
                    [
                        716,
                        241
                    ],
                    [
                        718,
                        243
                    ],
                    [
                        718,
                        245
                    ],
                    [
                        719,
                        246
                    ],
                    [
                        719,
                        247
                    ],
                    [
                        720,
                        248
                    ],
                    [
                        724,
                        248
                    ],
                    [
                        726,
                        246
                    ],
                    [
                        726,
                        238
                    ],
                    [
                        727,
                        237
                    ],
                    [
                        727,
                        234
                    ],
                    [
                        728,
                        233
                    ],
                    [
                        728,
                        225
                    ],
                    [
                        729,
                        224
                    ],
                    [
                        729,
                        220
                    ],
                    [
                        730,
                        219
                    ],
                    [
                        730,
                        217
                    ],
                    [
                        731,
                        216
                    ],
                    [
                        731,
                        212
                    ],
                    [
                        730,
                        211
                    ],
                    [
                        730,
                        210
                    ],
                    [
                        728,
                        208
                    ],
                    [
                        728,
                        207
                    ],
                    [
                        727,
                        207
                    ],
                    [
                        725,
                        205
                    ],
                    [
                        725,
                        204
                    ],
                    [
                        723,
                        202
                    ],
                    [
                        723,
                        201
                    ],
                    [
                        722,
                        200
                    ],
                    [
                        722,
                        199
                    ],
                    [
                        719,
                        196
                    ],
                    [
                        719,
                        195
                    ],
                    [
                        718,
                        194
                    ],
                    [
                        717,
                        194
                    ],
                    [
                        714,
                        191
                    ],
                    [
                        713,
                        191
                    ],
                    [
                        712,
                        190
                    ],
                    [
                        711,
                        190
                    ],
                    [
                        710,
                        189
                    ],
                    [
                        709,
                        189
                    ],
                    [
                        708,
                        188
                    ],
                    [
                        705,
                        188
                    ],
                    [
                        704,
                        187
                    ]
                ],
                "interior": []
            }
        },
        {
            "id": 159505547,
            "classId": 6551258,
            "objectId": null,
            "description": "",
            "geometryType": "rectangle",
            "labelerLogin": "inbox@datasetninja.com",
            "createdAt": "2024-03-12T15:18:21.879Z",
            "updatedAt": "2024-03-12T15:18:21.879Z",
            "tags": [
                {
                    "id": 121963527,
                    "tagId": 32511,
                    "name": "object id",
                    "value": 1006,
                    "labelerLogin": "inbox@datasetninja.com",
                    "createdAt": "2024-03-12T15:18:21.878Z",
                    "updatedAt": "2024-03-12T15:18:21.878Z"
                },
                {
                    "id": 121963528,
                    "tagId": 32513,
                    "name": "instance id",
                    "value": 6,
                    "labelerLogin": "inbox@datasetninja.com",
                    "createdAt": "2024-03-12T15:18:21.878Z",
                    "updatedAt": "2024-03-12T15:18:21.878Z"
                }
            ],
            "classTitle": "car",
            "points": {
                "exterior": [
                    [
                        649,
                        187
                    ],
                    [
                        731,
                        251
                    ]
                ],
                "interior": []
            }
        },
        {
            "id": 159505548,
            "classId": 6551258,
            "objectId": null,
            "description": "",
            "geometryType": "polygon",
            "labelerLogin": "inbox@datasetninja.com",
            "createdAt": "2024-03-12T15:18:21.880Z",
            "updatedAt": "2024-03-12T15:18:21.880Z",
            "tags": [
                {
                    "id": 121963529,
                    "tagId": 32511,
                    "name": "object id",
                    "value": 1007,
                    "labelerLogin": "inbox@datasetninja.com",
                    "createdAt": "2024-03-12T15:18:21.880Z",
                    "updatedAt": "2024-03-12T15:18:21.880Z"
                },
                {
                    "id": 121963530,
                    "tagId": 32513,
                    "name": "instance id",
                    "value": 7,
                    "labelerLogin": "inbox@datasetninja.com",
                    "createdAt": "2024-03-12T15:18:21.880Z",
                    "updatedAt": "2024-03-12T15:18:21.880Z"
                }
            ],
            "classTitle": "car",
            "points": {
                "exterior": [
                    [
                        337,
                        184
                    ],
                    [
                        336,
                        185
                    ],
                    [
                        330,
                        185
                    ],
                    [
                        329,
                        186
                    ],
                    [
                        328,
                        186
                    ],
                    [
                        326,
                        188
                    ],
                    [
                        326,
                        189
                    ],
                    [
                        324,
                        191
                    ],
                    [
                        323,
                        191
                    ],
                    [
                        318,
                        196
                    ],
                    [
                        318,
                        197
                    ],
                    [
                        315,
                        200
                    ],
                    [
                        315,
                        201
                    ],
                    [
                        313,
                        203
                    ],
                    [
                        313,
                        204
                    ],
                    [
                        312,
                        205
                    ],
                    [
                        312,
                        206
                    ],
                    [
                        310,
                        208
                    ],
                    [
                        310,
                        209
                    ],
                    [
                        307,
                        212
                    ],
                    [
                        306,
                        212
                    ],
                    [
                        305,
                        213
                    ],
                    [
                        305,
                        214
                    ],
                    [
                        304,
                        215
                    ],
                    [
                        304,
                        217
                    ],
                    [
                        303,
                        218
                    ],
                    [
                        303,
                        222
                    ],
                    [
                        302,
                        223
                    ],
                    [
                        302,
                        231
                    ],
                    [
                        303,
                        232
                    ],
                    [
                        303,
                        238
                    ],
                    [
                        305,
                        240
                    ],
                    [
                        317,
                        240
                    ],
                    [
                        318,
                        239
                    ],
                    [
                        319,
                        239
                    ],
                    [
                        320,
                        238
                    ],
                    [
                        320,
                        221
                    ],
                    [
                        322,
                        219
                    ],
                    [
                        323,
                        219
                    ],
                    [
                        325,
                        221
                    ],
                    [
                        325,
                        224
                    ],
                    [
                        326,
                        225
                    ],
                    [
                        326,
                        228
                    ],
                    [
                        325,
                        229
                    ],
                    [
                        325,
                        233
                    ],
                    [
                        326,
                        234
                    ],
                    [
                        325,
                        235
                    ],
                    [
                        325,
                        239
                    ],
                    [
                        338,
                        239
                    ],
                    [
                        338,
                        238
                    ],
                    [
                        339,
                        237
                    ],
                    [
                        340,
                        238
                    ],
                    [
                        341,
                        238
                    ],
                    [
                        343,
                        240
                    ],
                    [
                        345,
                        240
                    ],
                    [
                        346,
                        239
                    ],
                    [
                        347,
                        239
                    ],
                    [
                        348,
                        238
                    ],
                    [
                        349,
                        238
                    ],
                    [
                        350,
                        239
                    ],
                    [
                        366,
                        239
                    ],
                    [
                        367,
                        240
                    ],
                    [
                        368,
                        240
                    ],
                    [
                        371,
                        243
                    ],
                    [
                        375,
                        243
                    ],
                    [
                        377,
                        241
                    ],
                    [
                        377,
                        240
                    ],
                    [
                        378,
                        239
                    ],
                    [
                        378,
                        237
                    ],
                    [
                        377,
                        236
                    ],
                    [
                        380,
                        233
                    ],
                    [
                        381,
                        234
                    ],
                    [
                        382,
                        234
                    ],
                    [
                        385,
                        237
                    ],
                    [
                        386,
                        237
                    ],
                    [
                        387,
                        236
                    ],
                    [
                        388,
                        236
                    ],
                    [
                        388,
                        235
                    ],
                    [
                        389,
                        234
                    ],
                    [
                        389,
                        233
                    ],
                    [
                        390,
                        232
                    ],
                    [
                        390,
                        226
                    ],
                    [
                        391,
                        225
                    ],
                    [
                        391,
                        220
                    ],
                    [
                        392,
                        219
                    ],
                    [
                        392,
                        210
                    ],
                    [
                        391,
                        209
                    ],
                    [
                        391,
                        201
                    ],
                    [
                        390,
                        200
                    ],
                    [
                        390,
                        199
                    ],
                    [
                        385,
                        194
                    ],
                    [
                        385,
                        193
                    ],
                    [
                        381,
                        189
                    ],
                    [
                        381,
                        188
                    ],
                    [
                        379,
                        188
                    ],
                    [
                        378,
                        187
                    ],
                    [
                        377,
                        187
                    ],
                    [
                        376,
                        186
                    ],
                    [
                        370,
                        186
                    ],
                    [
                        369,
                        185
                    ],
                    [
                        350,
                        185
                    ],
                    [
                        349,
                        184
                    ],
                    [
                        344,
                        184
                    ],
                    [
                        343,
                        185
                    ],
                    [
                        342,
                        185
                    ],
                    [
                        341,
                        184
                    ]
                ],
                "interior": [
                    [
                        [
                            338,
                            234
                        ],
                        [
                            339,
                            233
                        ],
                        [
                            340,
                            234
                        ],
                        [
                            339,
                            235
                        ]
                    ],
                    [
                        [
                            346,
                            224
                        ],
                        [
                            347,
                            223
                        ],
                        [
                            348,
                            223
                        ],
                        [
                            350,
                            225
                        ],
                        [
                            350,
                            232
                        ],
                        [
                            349,
                            233
                        ],
                        [
                            349,
                            236
                        ],
                        [
                            348,
                            237
                        ],
                        [
                            346,
                            235
                        ]
                    ],
                    [
                        [
                            339,
                            213
                        ],
                        [
                            340,
                            214
                        ],
                        [
                            341,
                            214
                        ],
                        [
                            342,
                            215
                        ],
                        [
                            342,
                            221
                        ],
                        [
                            341,
                            222
                        ],
                        [
                            341,
                            225
                        ],
                        [
                            340,
                            226
                        ],
                        [
                            339,
                            226
                        ],
                        [
                            338,
                            225
                        ],
                        [
                            338,
                            218
                        ],
                        [
                            337,
                            217
                        ],
                        [
                            337,
                            215
                        ]
                    ]
                ]
            }
        },
        {
            "id": 159505549,
            "classId": 6551258,
            "objectId": null,
            "description": "",
            "geometryType": "rectangle",
            "labelerLogin": "inbox@datasetninja.com",
            "createdAt": "2024-03-12T15:18:21.881Z",
            "updatedAt": "2024-03-12T15:18:21.881Z",
            "tags": [
                {
                    "id": 121963531,
                    "tagId": 32511,
                    "name": "object id",
                    "value": 1007,
                    "labelerLogin": "inbox@datasetninja.com",
                    "createdAt": "2024-03-12T15:18:21.881Z",
                    "updatedAt": "2024-03-12T15:18:21.881Z"
                },
                {
                    "id": 121963532,
                    "tagId": 32513,
                    "name": "instance id",
                    "value": 7,
                    "labelerLogin": "inbox@datasetninja.com",
                    "createdAt": "2024-03-12T15:18:21.881Z",
                    "updatedAt": "2024-03-12T15:18:21.881Z"
                }
            ],
            "classTitle": "car",
            "points": {
                "exterior": [
                    [
                        302,
                        184
                    ],
                    [
                        392,
                        243
                    ]
                ],
                "interior": []
            }
        },
        {
            "id": 159505550,
            "classId": 6551258,
            "objectId": null,
            "description": "",
            "geometryType": "polygon",
            "labelerLogin": "inbox@datasetninja.com",
            "createdAt": "2024-03-12T15:18:21.882Z",
            "updatedAt": "2024-03-12T15:18:21.882Z",
            "tags": [
                {
                    "id": 121963533,
                    "tagId": 32511,
                    "name": "object id",
                    "value": 1009,
                    "labelerLogin": "inbox@datasetninja.com",
                    "createdAt": "2024-03-12T15:18:21.882Z",
                    "updatedAt": "2024-03-12T15:18:21.882Z"
                },
                {
                    "id": 121963534,
                    "tagId": 32513,
                    "name": "instance id",
                    "value": 9,
                    "labelerLogin": "inbox@datasetninja.com",
                    "createdAt": "2024-03-12T15:18:21.882Z",
                    "updatedAt": "2024-03-12T15:18:21.882Z"
                }
            ],
            "classTitle": "car",
            "points": {
                "exterior": [
                    [
                        606,
                        181
                    ],
                    [
                        605,
                        182
                    ],
                    [
                        597,
                        182
                    ],
                    [
                        596,
                        183
                    ],
                    [
                        595,
                        183
                    ],
                    [
                        593,
                        185
                    ],
                    [
                        593,
                        187
                    ],
                    [
                        591,
                        189
                    ],
                    [
                        591,
                        190
                    ],
                    [
                        589,
                        192
                    ],
                    [
                        589,
                        193
                    ],
                    [
                        584,
                        198
                    ],
                    [
                        584,
                        200
                    ],
                    [
                        583,
                        201
                    ],
                    [
                        583,
                        203
                    ],
                    [
                        582,
                        204
                    ],
                    [
                        582,
                        211
                    ],
                    [
                        581,
                        212
                    ],
                    [
                        581,
                        218
                    ],
                    [
                        582,
                        219
                    ],
                    [
                        582,
                        221
                    ],
                    [
                        583,
                        222
                    ],
                    [
                        583,
                        223
                    ],
                    [
                        584,
                        223
                    ],
                    [
                        586,
                        221
                    ],
                    [
                        587,
                        221
                    ],
                    [
                        589,
                        219
                    ],
                    [
                        592,
                        219
                    ],
                    [
                        593,
                        220
                    ],
                    [
                        594,
                        220
                    ],
                    [
                        596,
                        222
                    ],
                    [
                        596,
                        225
                    ],
                    [
                        597,
                        226
                    ],
                    [
                        597,
                        227
                    ],
                    [
                        598,
                        228
                    ],
                    [
                        600,
                        228
                    ],
                    [
                        601,
                        227
                    ],
                    [
                        602,
                        227
                    ],
                    [
                        606,
                        223
                    ],
                    [
                        607,
                        223
                    ],
                    [
                        608,
                        222
                    ],
                    [
                        612,
                        222
                    ],
                    [
                        613,
                        221
                    ],
                    [
                        615,
                        221
                    ],
                    [
                        615,
                        217
                    ],
                    [
                        616,
                        216
                    ],
                    [
                        616,
                        211
                    ],
                    [
                        617,
                        210
                    ],
                    [
                        617,
                        207
                    ],
                    [
                        618,
                        206
                    ],
                    [
                        618,
                        203
                    ],
                    [
                        619,
                        202
                    ],
                    [
                        619,
                        200
                    ],
                    [
                        621,
                        198
                    ],
                    [
                        621,
                        196
                    ],
                    [
                        622,
                        195
                    ],
                    [
                        622,
                        193
                    ],
                    [
                        623,
                        192
                    ],
                    [
                        624,
                        192
                    ],
                    [
                        626,
                        190
                    ],
                    [
                        626,
                        188
                    ],
                    [
                        625,
                        187
                    ],
                    [
                        626,
                        186
                    ],
                    [
                        626,
                        182
                    ],
                    [
                        625,
                        182
                    ],
                    [
                        624,
                        181
                    ]
                ],
                "interior": []
            }
        },
        {
            "id": 159505551,
            "classId": 6551258,
            "objectId": null,
            "description": "",
            "geometryType": "rectangle",
            "labelerLogin": "inbox@datasetninja.com",
            "createdAt": "2024-03-12T15:18:21.882Z",
            "updatedAt": "2024-03-12T15:18:21.882Z",
            "tags": [
                {
                    "id": 121963535,
                    "tagId": 32511,
                    "name": "object id",
                    "value": 1009,
                    "labelerLogin": "inbox@datasetninja.com",
                    "createdAt": "2024-03-12T15:18:21.882Z",
                    "updatedAt": "2024-03-12T15:18:21.882Z"
                },
                {
                    "id": 121963536,
                    "tagId": 32513,
                    "name": "instance id",
                    "value": 9,
                    "labelerLogin": "inbox@datasetninja.com",
                    "createdAt": "2024-03-12T15:18:21.882Z",
                    "updatedAt": "2024-03-12T15:18:21.882Z"
                }
            ],
            "classTitle": "car",
            "points": {
                "exterior": [
                    [
                        581,
                        181
                    ],
                    [
                        626,
                        228
                    ]
                ],
                "interior": []
            }
        },
        {
            "id": 159505552,
            "classId": 6551258,
            "objectId": null,
            "description": "",
            "geometryType": "polygon",
            "labelerLogin": "inbox@datasetninja.com",
            "createdAt": "2024-03-12T15:18:21.883Z",
            "updatedAt": "2024-03-12T15:18:21.883Z",
            "tags": [
                {
                    "id": 121963537,
                    "tagId": 32511,
                    "name": "object id",
                    "value": 1010,
                    "labelerLogin": "inbox@datasetninja.com",
                    "createdAt": "2024-03-12T15:18:21.883Z",
                    "updatedAt": "2024-03-12T15:18:21.883Z"
                },
                {
                    "id": 121963538,
                    "tagId": 32513,
                    "name": "instance id",
                    "value": 10,
                    "labelerLogin": "inbox@datasetninja.com",
                    "createdAt": "2024-03-12T15:18:21.883Z",
                    "updatedAt": "2024-03-12T15:18:21.883Z"
                }
            ],
            "classTitle": "car",
            "points": {
                "exterior": [
                    [
                        568,
                        182
                    ],
                    [
                        567,
                        183
                    ],
                    [
                        565,
                        183
                    ],
                    [
                        564,
                        184
                    ],
                    [
                        563,
                        184
                    ],
                    [
                        560,
                        187
                    ],
                    [
                        560,
                        188
                    ],
                    [
                        559,
                        189
                    ],
                    [
                        559,
                        190
                    ],
                    [
                        556,
                        193
                    ],
                    [
                        556,
                        194
                    ],
                    [
                        555,
                        195
                    ],
                    [
                        555,
                        196
                    ],
                    [
                        554,
                        197
                    ],
                    [
                        554,
                        199
                    ],
                    [
                        553,
                        200
                    ],
                    [
                        553,
                        204
                    ],
                    [
                        552,
                        205
                    ],
                    [
                        552,
                        210
                    ],
                    [
                        553,
                        211
                    ],
                    [
                        553,
                        212
                    ],
                    [
                        554,
                        213
                    ],
                    [
                        554,
                        214
                    ],
                    [
                        562,
                        214
                    ],
                    [
                        563,
                        215
                    ],
                    [
                        564,
                        215
                    ],
                    [
                        567,
                        218
                    ],
                    [
                        569,
                        218
                    ],
                    [
                        570,
                        217
                    ],
                    [
                        571,
                        217
                    ],
                    [
                        573,
                        215
                    ],
                    [
                        579,
                        215
                    ],
                    [
                        580,
                        214
                    ],
                    [
                        580,
                        212
                    ],
                    [
                        581,
                        211
                    ],
                    [
                        581,
                        204
                    ],
                    [
                        582,
                        203
                    ],
                    [
                        582,
                        201
                    ],
                    [
                        583,
                        200
                    ],
                    [
                        583,
                        198
                    ],
                    [
                        584,
                        197
                    ],
                    [
                        584,
                        196
                    ],
                    [
                        585,
                        195
                    ],
                    [
                        586,
                        195
                    ],
                    [
                        588,
                        193
                    ],
                    [
                        588,
                        192
                    ],
                    [
                        590,
                        190
                    ],
                    [
                        590,
                        189
                    ],
                    [
                        592,
                        187
                    ],
                    [
                        592,
                        185
                    ],
                    [
                        594,
                        183
                    ],
                    [
                        592,
                        183
                    ],
                    [
                        591,
                        182
                    ]
                ],
                "interior": []
            }
        },
        {
            "id": 159505553,
            "classId": 6551258,
            "objectId": null,
            "description": "",
            "geometryType": "rectangle",
            "labelerLogin": "inbox@datasetninja.com",
            "createdAt": "2024-03-12T15:18:21.884Z",
            "updatedAt": "2024-03-12T15:18:21.884Z",
            "tags": [
                {
                    "id": 121963539,
                    "tagId": 32511,
                    "name": "object id",
                    "value": 1010,
                    "labelerLogin": "inbox@datasetninja.com",
                    "createdAt": "2024-03-12T15:18:21.884Z",
                    "updatedAt": "2024-03-12T15:18:21.884Z"
                },
                {
                    "id": 121963540,
                    "tagId": 32513,
                    "name": "instance id",
                    "value": 10,
                    "labelerLogin": "inbox@datasetninja.com",
                    "createdAt": "2024-03-12T15:18:21.884Z",
                    "updatedAt": "2024-03-12T15:18:21.884Z"
                }
            ],
            "classTitle": "car",
            "points": {
                "exterior": [
                    [
                        552,
                        182
                    ],
                    [
                        594,
                        218
                    ]
                ],
                "interior": []
            }
        },
        {
            "id": 159505554,
            "classId": 6551258,
            "objectId": null,
            "description": "",
            "geometryType": "polygon",
            "labelerLogin": "inbox@datasetninja.com",
            "createdAt": "2024-03-12T15:18:21.886Z",
            "updatedAt": "2024-03-12T15:18:21.886Z",
            "tags": [
                {
                    "id": 121963541,
                    "tagId": 32511,
                    "name": "object id",
                    "value": 1014,
                    "labelerLogin": "inbox@datasetninja.com",
                    "createdAt": "2024-03-12T15:18:21.885Z",
                    "updatedAt": "2024-03-12T15:18:21.885Z"
                },
                {
                    "id": 121963542,
                    "tagId": 32513,
                    "name": "instance id",
                    "value": 14,
                    "labelerLogin": "inbox@datasetninja.com",
                    "createdAt": "2024-03-12T15:18:21.885Z",
                    "updatedAt": "2024-03-12T15:18:21.885Z"
                }
            ],
            "classTitle": "car",
            "points": {
                "exterior": [
                    [
                        553,
                        182
                    ],
                    [
                        552,
                        183
                    ],
                    [
                        546,
                        183
                    ],
                    [
                        543,
                        186
                    ],
                    [
                        543,
                        187
                    ],
                    [
                        541,
                        189
                    ],
                    [
                        541,
                        190
                    ],
                    [
                        540,
                        191
                    ],
                    [
                        540,
                        192
                    ],
                    [
                        539,
                        193
                    ],
                    [
                        539,
                        194
                    ],
                    [
                        538,
                        195
                    ],
                    [
                        538,
                        196
                    ],
                    [
                        537,
                        197
                    ],
                    [
                        537,
                        207
                    ],
                    [
                        539,
                        209
                    ],
                    [
                        540,
                        209
                    ],
                    [
                        544,
                        213
                    ],
                    [
                        547,
                        213
                    ],
                    [
                        551,
                        209
                    ],
                    [
                        551,
                        205
                    ],
                    [
                        552,
                        204
                    ],
                    [
                        552,
                        200
                    ],
                    [
                        553,
                        199
                    ],
                    [
                        553,
                        197
                    ],
                    [
                        554,
                        196
                    ],
                    [
                        554,
                        195
                    ],
                    [
                        555,
                        194
                    ],
                    [
                        555,
                        193
                    ],
                    [
                        558,
                        190
                    ],
                    [
                        558,
                        189
                    ],
                    [
                        559,
                        188
                    ],
                    [
                        559,
                        187
                    ],
                    [
                        563,
                        183
                    ],
                    [
                        563,
                        182
                    ]
                ],
                "interior": []
            }
        },
        {
            "id": 159505555,
            "classId": 6551258,
            "objectId": null,
            "description": "",
            "geometryType": "rectangle",
            "labelerLogin": "inbox@datasetninja.com",
            "createdAt": "2024-03-12T15:18:21.886Z",
            "updatedAt": "2024-03-12T15:18:21.886Z",
            "tags": [
                {
                    "id": 121963543,
                    "tagId": 32511,
                    "name": "object id",
                    "value": 1014,
                    "labelerLogin": "inbox@datasetninja.com",
                    "createdAt": "2024-03-12T15:18:21.886Z",
                    "updatedAt": "2024-03-12T15:18:21.886Z"
                },
                {
                    "id": 121963544,
                    "tagId": 32513,
                    "name": "instance id",
                    "value": 14,
                    "labelerLogin": "inbox@datasetninja.com",
                    "createdAt": "2024-03-12T15:18:21.886Z",
                    "updatedAt": "2024-03-12T15:18:21.886Z"
                }
            ],
            "classTitle": "car",
            "points": {
                "exterior": [
                    [
                        537,
                        182
                    ],
                    [
                        563,
                        213
                    ]
                ],
                "interior": []
            }
        },
        {
            "id": 159505556,
            "classId": 6551259,
            "objectId": null,
            "description": "",
            "geometryType": "polygon",
            "labelerLogin": "inbox@datasetninja.com",
            "createdAt": "2024-03-12T15:18:21.887Z",
            "updatedAt": "2024-03-12T15:18:21.887Z",
            "tags": [],
            "classTitle": "ignore region",
            "points": {
                "exterior": [
                    [
                        612,
                        174
                    ],
                    [
                        612,
                        180
                    ],
                    [
                        624,
                        180
                    ],
                    [
                        625,
                        181
                    ],
                    [
                        626,
                        181
                    ],
                    [
                        627,
                        182
                    ],
                    [
                        627,
                        186
                    ],
                    [
                        626,
                        187
                    ],
                    [
                        627,
                        188
                    ],
                    [
                        627,
                        190
                    ],
                    [
                        624,
                        193
                    ],
                    [
                        623,
                        193
                    ],
                    [
                        623,
                        195
                    ],
                    [
                        622,
                        196
                    ],
                    [
                        622,
                        198
                    ],
                    [
                        620,
                        200
                    ],
                    [
                        620,
                        202
                    ],
                    [
                        619,
                        203
                    ],
                    [
                        619,
                        206
                    ],
                    [
                        618,
                        207
                    ],
                    [
                        618,
                        210
                    ],
                    [
                        617,
                        211
                    ],
                    [
                        617,
                        216
                    ],
                    [
                        616,
                        217
                    ],
                    [
                        616,
                        221
                    ],
                    [
                        615,
                        222
                    ],
                    [
                        613,
                        222
                    ],
                    [
                        612,
                        223
                    ],
                    [
                        612,
                        274
                    ],
                    [
                        674,
                        274
                    ],
                    [
                        674,
                        249
                    ],
                    [
                        671,
                        252
                    ],
                    [
                        665,
                        252
                    ],
                    [
                        664,
                        251
                    ],
                    [
                        663,
                        251
                    ],
                    [
                        661,
                        249
                    ],
                    [
                        660,
                        249
                    ],
                    [
                        657,
                        246
                    ],
                    [
                        657,
                        245
                    ],
                    [
                        655,
                        243
                    ],
                    [
                        655,
                        242
                    ],
                    [
                        653,
                        240
                    ],
                    [
                        653,
                        238
                    ],
                    [
                        652,
                        237
                    ],
                    [
                        652,
                        233
                    ],
                    [
                        651,
                        232
                    ],
                    [
                        651,
                        230
                    ],
                    [
                        650,
                        229
                    ],
                    [
                        650,
                        225
                    ],
                    [
                        651,
                        224
                    ],
                    [
                        651,
                        223
                    ],
                    [
                        654,
                        220
                    ],
                    [
                        654,
                        219
                    ],
                    [
                        655,
                        218
                    ],
                    [
                        654,
                        217
                    ],
                    [
                        654,
                        215
                    ],
                    [
                        653,
                        214
                    ],
                    [
                        653,
                        213
                    ],
                    [
                        652,
                        212
                    ],
                    [
                        652,
                        211
                    ],
                    [
                        651,
                        210
                    ],
                    [
                        651,
                        209
                    ],
                    [
                        650,
                        209
                    ],
                    [
                        649,
                        208
                    ],
                    [
                        649,
                        207
                    ],
                    [
                        648,
                        206
                    ],
                    [
                        648,
                        198
                    ],
                    [
                        649,
                        197
                    ],
                    [
                        649,
                        196
                    ],
                    [
                        652,
                        193
                    ],
                    [
                        652,
                        192
                    ],
                    [
                        655,
                        189
                    ],
                    [
                        656,
                        189
                    ],
                    [
                        657,
                        188
                    ],
                    [
                        660,
                        188
                    ],
                    [
                        661,
                        187
                    ],
                    [
                        667,
                        187
                    ],
                    [
                        668,
                        186
                    ],
                    [
                        674,
                        186
                    ],
                    [
                        674,
                        174
                    ]
                ],
                "interior": [
                    [
                        [
                            622,
                            218
                        ],
                        [
                            623,
                            218
                        ],
                        [
                            625,
                            220
                        ],
                        [
                            625,
                            221
                        ],
                        [
                            622,
                            224
                        ],
                        [
                            620,
                            224
                        ],
                        [
                            619,
                            223
                        ],
                        [
                            619,
                            222
                        ],
                        [
                            620,
                            221
                        ],
                        [
                            620,
                            220
                        ]
                    ],
                    [
                        [
                            643,
                            195
                        ],
                        [
                            644,
                            194
                        ],
                        [
                            645,
                            194
                        ],
                        [
                            646,
                            195
                        ],
                        [
                            646,
                            197
                        ],
                        [
                            645,
                            198
                        ],
                        [
                            644,
                            197
                        ],
                        [
                            644,
                            196
                        ]
                    ]
                ]
            }
        },
        {
            "id": 159505557,
            "classId": 6551259,
            "objectId": null,
            "description": "",
            "geometryType": "rectangle",
            "labelerLogin": "inbox@datasetninja.com",
            "createdAt": "2024-03-12T15:18:21.887Z",
            "updatedAt": "2024-03-12T15:18:21.887Z",
            "tags": [],
            "classTitle": "ignore region",
            "points": {
                "exterior": [
                    [
                        612,
                        174
                    ],
                    [
                        674,
                        274
                    ]
                ],
                "interior": []
            }
        },
        {
            "id": 159505558,
            "classId": 6551259,
            "objectId": null,
            "description": "",
            "geometryType": "polygon",
            "labelerLogin": "inbox@datasetninja.com",
            "createdAt": "2024-03-12T15:18:21.887Z",
            "updatedAt": "2024-03-12T15:18:21.887Z",
            "tags": [],
            "classTitle": "ignore region",
            "points": {
                "exterior": [
                    [
                        351,
                        158
                    ],
                    [
                        351,
                        176
                    ],
                    [
                        350,
                        177
                    ],
                    [
                        341,
                        177
                    ],
                    [
                        341,
                        183
                    ],
                    [
                        342,
                        184
                    ],
                    [
                        343,
                        184
                    ],
                    [
                        344,
                        183
                    ],
                    [
                        349,
                        183
                    ],
                    [
                        350,
                        184
                    ],
                    [
                        369,
                        184
                    ],
                    [
                        370,
                        185
                    ],
                    [
                        376,
                        185
                    ],
                    [
                        377,
                        186
                    ],
                    [
                        378,
                        186
                    ],
                    [
                        379,
                        187
                    ],
                    [
                        381,
                        187
                    ],
                    [
                        382,
                        188
                    ],
                    [
                        382,
                        189
                    ],
                    [
                        386,
                        193
                    ],
                    [
                        386,
                        194
                    ],
                    [
                        391,
                        199
                    ],
                    [
                        391,
                        200
                    ],
                    [
                        392,
                        201
                    ],
                    [
                        392,
                        209
                    ],
                    [
                        393,
                        210
                    ],
                    [
                        393,
                        219
                    ],
                    [
                        392,
                        220
                    ],
                    [
                        392,
                        225
                    ],
                    [
                        391,
                        226
                    ],
                    [
                        391,
                        232
                    ],
                    [
                        390,
                        233
                    ],
                    [
                        410,
                        233
                    ],
                    [
                        410,
                        192
                    ],
                    [
                        411,
                        191
                    ],
                    [
                        473,
                        191
                    ],
                    [
                        474,
                        192
                    ],
                    [
                        474,
                        213
                    ],
                    [
                        511,
                        213
                    ],
                    [
                        512,
                        214
                    ],
                    [
                        512,
                        218
                    ],
                    [
                        554,
                        218
                    ],
                    [
                        554,
                        215
                    ],
                    [
                        553,
                        214
                    ],
                    [
                        553,
                        213
                    ],
                    [
                        552,
                        212
                    ],
                    [
                        552,
                        211
                    ],
                    [
                        551,
                        210
                    ],
                    [
                        547,
                        214
                    ],
                    [
                        544,
                        214
                    ],
                    [
                        540,
                        210
                    ],
                    [
                        539,
                        210
                    ],
                    [
                        536,
                        207
                    ],
                    [
                        536,
                        197
                    ],
                    [
                        537,
                        196
                    ],
                    [
                        537,
                        195
                    ],
                    [
                        538,
                        194
                    ],
                    [
                        538,
                        193
                    ],
                    [
                        539,
                        192
                    ],
                    [
                        539,
                        191
                    ],
                    [
                        540,
                        190
                    ],
                    [
                        540,
                        189
                    ],
                    [
                        542,
                        187
                    ],
                    [
                        542,
                        186
                    ],
                    [
                        546,
                        182
                    ],
                    [
                        552,
                        182
                    ],
                    [
                        553,
                        181
                    ],
                    [
                        554,
                        181
                    ],
                    [
                        554,
                        175
                    ],
                    [
                        516,
                        175
                    ],
                    [
                        515,
                        174
                    ],
                    [
                        515,
                        173
                    ],
                    [
                        477,
                        173
                    ],
                    [
                        476,
                        172
                    ],
                    [
                        476,
                        158
                    ]
                ],
                "interior": []
            }
        },
        {
            "id": 159505559,
            "classId": 6551259,
            "objectId": null,
            "description": "",
            "geometryType": "rectangle",
            "labelerLogin": "inbox@datasetninja.com",
            "createdAt": "2024-03-12T15:18:21.888Z",
            "updatedAt": "2024-03-12T15:18:21.888Z",
            "tags": [],
            "classTitle": "ignore region",
            "points": {
                "exterior": [
                    [
                        341,
                        158
                    ],
                    [
                        554,
                        233
                    ]
                ],
                "interior": []
            }
        }
    ]
}