{
    "description": "",
    "tags": [
        {
            "id": 21884521,
            "tagId": 32512,
            "name": "sequence",
            "value": "0001",
            "labelerLogin": "inbox@datasetninja.com",
            "createdAt": "2024-03-12T15:24:54.101Z",
            "updatedAt": "2024-03-12T15:24:54.101Z"
        }
    ],
    "size": {
        "height": 375,
        "width": 1242
    },
    "objects": [
        {
            "id": 159515906,
            "classId": 6551258,
            "objectId": null,
            "description": "",
            "geometryType": "polygon",
            "labelerLogin": "inbox@datasetninja.com",
            "createdAt": "2024-03-12T15:24:54.104Z",
            "updatedAt": "2024-03-12T15:24:54.104Z",
            "tags": [
                {
                    "id": 121976405,
                    "tagId": 32511,
                    "name": "object id",
                    "value": 1081,
                    "labelerLogin": "inbox@datasetninja.com",
                    "createdAt": "2024-03-12T15:24:54.103Z",
                    "updatedAt": "2024-03-12T15:24:54.103Z"
                },
                {
                    "id": 121976406,
                    "tagId": 32513,
                    "name": "instance id",
                    "value": 81,
                    "labelerLogin": "inbox@datasetninja.com",
                    "createdAt": "2024-03-12T15:24:54.103Z",
                    "updatedAt": "2024-03-12T15:24:54.103Z"
                }
            ],
            "classTitle": "car",
            "points": {
                "exterior": [
                    [
                        372,
                        193
                    ],
                    [
                        371,
                        194
                    ],
                    [
                        354,
                        194
                    ],
                    [
                        353,
                        195
                    ],
                    [
                        344,
                        195
                    ],
                    [
                        343,
                        196
                    ],
                    [
                        335,
                        196
                    ],
                    [
                        334,
                        197
                    ],
                    [
                        333,
                        197
                    ],
                    [
                        332,
                        198
                    ],
                    [
                        330,
                        198
                    ],
                    [
                        329,
                        199
                    ],
                    [
                        327,
                        199
                    ],
                    [
                        319,
                        207
                    ],
                    [
                        319,
                        208
                    ],
                    [
                        318,
                        209
                    ],
                    [
                        317,
                        209
                    ],
                    [
                        317,
                        210
                    ],
                    [
                        313,
                        214
                    ],
                    [
                        313,
                        215
                    ],
                    [
                        307,
                        221
                    ],
                    [
                        303,
                        221
                    ],
                    [
                        302,
                        222
                    ],
                    [
                        300,
                        222
                    ],
                    [
                        299,
                        223
                    ],
                    [
                        299,
                        227
                    ],
                    [
                        300,
                        228
                    ],
                    [
                        300,
                        229
                    ],
                    [
                        296,
                        233
                    ],
                    [
                        295,
                        233
                    ],
                    [
                        290,
                        238
                    ],
                    [
                        289,
                        238
                    ],
                    [
                        289,
                        239
                    ],
                    [
                        287,
                        241
                    ],
                    [
                        287,
                        242
                    ],
                    [
                        285,
                        244
                    ],
                    [
                        285,
                        246
                    ],
                    [
                        284,
                        247
                    ],
                    [
                        284,
                        248
                    ],
                    [
                        283,
                        249
                    ],
                    [
                        283,
                        255
                    ],
                    [
                        282,
                        256
                    ],
                    [
                        282,
                        262
                    ],
                    [
                        283,
                        263
                    ],
                    [
                        283,
                        266
                    ],
                    [
                        284,
                        267
                    ],
                    [
                        284,
                        268
                    ],
                    [
                        285,
                        269
                    ],
                    [
                        285,
                        270
                    ],
                    [
                        286,
                        271
                    ],
                    [
                        286,
                        272
                    ],
                    [
                        287,
                        273
                    ],
                    [
                        287,
                        279
                    ],
                    [
                        288,
                        280
                    ],
                    [
                        288,
                        281
                    ],
                    [
                        289,
                        282
                    ],
                    [
                        289,
                        285
                    ],
                    [
                        290,
                        285
                    ],
                    [
                        291,
                        286
                    ],
                    [
                        291,
                        287
                    ],
                    [
                        292,
                        288
                    ],
                    [
                        293,
                        288
                    ],
                    [
                        294,
                        289
                    ],
                    [
                        299,
                        289
                    ],
                    [
                        300,
                        288
                    ],
                    [
                        301,
                        288
                    ],
                    [
                        303,
                        286
                    ],
                    [
                        304,
                        286
                    ],
                    [
                        304,
                        285
                    ],
                    [
                        306,
                        283
                    ],
                    [
                        306,
                        282
                    ],
                    [
                        309,
                        279
                    ],
                    [
                        327,
                        279
                    ],
                    [
                        328,
                        278
                    ],
                    [
                        361,
                        278
                    ],
                    [
                        362,
                        277
                    ],
                    [
                        368,
                        277
                    ],
                    [
                        369,
                        276
                    ],
                    [
                        373,
                        276
                    ],
                    [
                        374,
                        275
                    ],
                    [
                        378,
                        275
                    ],
                    [
                        379,
                        276
                    ],
                    [
                        380,
                        276
                    ],
                    [
                        381,
                        277
                    ],
                    [
                        381,
                        278
                    ],
                    [
                        383,
                        280
                    ],
                    [
                        383,
                        281
                    ],
                    [
                        386,
                        284
                    ],
                    [
                        394,
                        284
                    ],
                    [
                        397,
                        281
                    ],
                    [
                        398,
                        281
                    ],
                    [
                        398,
                        278
                    ],
                    [
                        399,
                        277
                    ],
                    [
                        399,
                        276
                    ],
                    [
                        400,
                        275
                    ],
                    [
                        400,
                        263
                    ],
                    [
                        403,
                        260
                    ],
                    [
                        404,
                        260
                    ],
                    [
                        405,
                        259
                    ],
                    [
                        406,
                        259
                    ],
                    [
                        407,
                        258
                    ],
                    [
                        412,
                        258
                    ],
                    [
                        415,
                        261
                    ],
                    [
                        415,
                        262
                    ],
                    [
                        416,
                        263
                    ],
                    [
                        416,
                        264
                    ],
                    [
                        422,
                        264
                    ],
                    [
                        426,
                        260
                    ],
                    [
                        426,
                        253
                    ],
                    [
                        425,
                        252
                    ],
                    [
                        425,
                        232
                    ],
                    [
                        424,
                        231
                    ],
                    [
                        424,
                        227
                    ],
                    [
                        423,
                        226
                    ],
                    [
                        423,
                        223
                    ],
                    [
                        422,
                        222
                    ],
                    [
                        422,
                        219
                    ],
                    [
                        418,
                        215
                    ],
                    [
                        418,
                        213
                    ],
                    [
                        415,
                        210
                    ],
                    [
                        415,
                        209
                    ],
                    [
                        414,
                        208
                    ],
                    [
                        413,
                        208
                    ],
                    [
                        410,
                        205
                    ],
                    [
                        410,
                        204
                    ],
                    [
                        409,
                        203
                    ],
                    [
                        409,
                        202
                    ],
                    [
                        408,
                        201
                    ],
                    [
                        408,
                        200
                    ],
                    [
                        407,
                        199
                    ],
                    [
                        406,
                        199
                    ],
                    [
                        404,
                        197
                    ],
                    [
                        403,
                        197
                    ],
                    [
                        402,
                        196
                    ],
                    [
                        401,
                        196
                    ],
                    [
                        400,
                        195
                    ],
                    [
                        393,
                        195
                    ],
                    [
                        392,
                        194
                    ],
                    [
                        381,
                        194
                    ],
                    [
                        380,
                        193
                    ]
                ],
                "interior": []
            }
        },
        {
            "id": 159515907,
            "classId": 6551258,
            "objectId": null,
            "description": "",
            "geometryType": "rectangle",
            "labelerLogin": "inbox@datasetninja.com",
            "createdAt": "2024-03-12T15:24:54.105Z",
            "updatedAt": "2024-03-12T15:24:54.105Z",
            "tags": [
                {
                    "id": 121976407,
                    "tagId": 32511,
                    "name": "object id",
                    "value": 1081,
                    "labelerLogin": "inbox@datasetninja.com",
                    "createdAt": "2024-03-12T15:24:54.105Z",
                    "updatedAt": "2024-03-12T15:24:54.105Z"
                },
                {
                    "id": 121976408,
                    "tagId": 32513,
                    "name": "instance id",
                    "value": 81,
                    "labelerLogin": "inbox@datasetninja.com",
                    "createdAt": "2024-03-12T15:24:54.105Z",
                    "updatedAt": "2024-03-12T15:24:54.105Z"
                }
            ],
            "classTitle": "car",
            "points": {
                "exterior": [
                    [
                        282,
                        193
                    ],
                    [
                        426,
                        289
                    ]
                ],
                "interior": []
            }
        },
        {
            "id": 159515908,
            "classId": 6551258,
            "objectId": null,
            "description": "",
            "geometryType": "polygon",
            "labelerLogin": "inbox@datasetninja.com",
            "createdAt": "2024-03-12T15:24:54.107Z",
            "updatedAt": "2024-03-12T15:24:54.107Z",
            "tags": [
                {
                    "id": 121976409,
                    "tagId": 32511,
                    "name": "object id",
                    "value": 1083,
                    "labelerLogin": "inbox@datasetninja.com",
                    "createdAt": "2024-03-12T15:24:54.107Z",
                    "updatedAt": "2024-03-12T15:24:54.107Z"
                },
                {
                    "id": 121976410,
                    "tagId": 32513,
                    "name": "instance id",
                    "value": 83,
                    "labelerLogin": "inbox@datasetninja.com",
                    "createdAt": "2024-03-12T15:24:54.107Z",
                    "updatedAt": "2024-03-12T15:24:54.107Z"
                }
            ],
            "classTitle": "car",
            "points": {
                "exterior": [
                    [
                        530,
                        196
                    ],
                    [
                        530,
                        203
                    ],
                    [
                        535,
                        203
                    ],
                    [
                        535,
                        197
                    ],
                    [
                        533,
                        197
                    ],
                    [
                        532,
                        196
                    ]
                ],
                "interior": []
            }
        },
        {
            "id": 159515909,
            "classId": 6551258,
            "objectId": null,
            "description": "",
            "geometryType": "rectangle",
            "labelerLogin": "inbox@datasetninja.com",
            "createdAt": "2024-03-12T15:24:54.109Z",
            "updatedAt": "2024-03-12T15:24:54.109Z",
            "tags": [
                {
                    "id": 121976411,
                    "tagId": 32511,
                    "name": "object id",
                    "value": 1083,
                    "labelerLogin": "inbox@datasetninja.com",
                    "createdAt": "2024-03-12T15:24:54.108Z",
                    "updatedAt": "2024-03-12T15:24:54.108Z"
                },
                {
                    "id": 121976412,
                    "tagId": 32513,
                    "name": "instance id",
                    "value": 83,
                    "labelerLogin": "inbox@datasetninja.com",
                    "createdAt": "2024-03-12T15:24:54.108Z",
                    "updatedAt": "2024-03-12T15:24:54.108Z"
                }
            ],
            "classTitle": "car",
            "points": {
                "exterior": [
                    [
                        530,
                        196
                    ],
                    [
                        535,
                        203
                    ]
                ],
                "interior": []
            }
        },
        {
            "id": 159515910,
            "classId": 6551258,
            "objectId": null,
            "description": "",
            "geometryType": "polygon",
            "labelerLogin": "inbox@datasetninja.com",
            "createdAt": "2024-03-12T15:24:54.115Z",
            "updatedAt": "2024-03-12T15:24:54.115Z",
            "tags": [
                {
                    "id": 121976413,
                    "tagId": 32511,
                    "name": "object id",
                    "value": 1083,
                    "labelerLogin": "inbox@datasetninja.com",
                    "createdAt": "2024-03-12T15:24:54.113Z",
                    "updatedAt": "2024-03-12T15:24:54.113Z"
                },
                {
                    "id": 121976414,
                    "tagId": 32513,
                    "name": "instance id",
                    "value": 83,
                    "labelerLogin": "inbox@datasetninja.com",
                    "createdAt": "2024-03-12T15:24:54.113Z",
                    "updatedAt": "2024-03-12T15:24:54.113Z"
                }
            ],
            "classTitle": "car",
            "points": {
                "exterior": [
                    [
                        513,
                        188
                    ],
                    [
                        512,
                        189
                    ],
                    [
                        505,
                        189
                    ],
                    [
                        504,
                        190
                    ],
                    [
                        501,
                        190
                    ],
                    [
                        499,
                        192
                    ],
                    [
                        498,
                        192
                    ],
                    [
                        496,
                        194
                    ],
                    [
                        496,
                        195
                    ],
                    [
                        495,
                        196
                    ],
                    [
                        495,
                        202
                    ],
                    [
                        496,
                        202
                    ],
                    [
                        497,
                        203
                    ],
                    [
                        498,
                        203
                    ],
                    [
                        499,
                        204
                    ],
                    [
                        500,
                        204
                    ],
                    [
                        501,
                        205
                    ],
                    [
                        502,
                        205
                    ],
                    [
                        503,
                        206
                    ],
                    [
                        505,
                        206
                    ],
                    [
                        506,
                        207
                    ],
                    [
                        508,
                        207
                    ],
                    [
                        509,
                        206
                    ],
                    [
                        510,
                        206
                    ],
                    [
                        512,
                        204
                    ],
                    [
                        517,
                        204
                    ],
                    [
                        518,
                        205
                    ],
                    [
                        524,
                        205
                    ],
                    [
                        524,
                        202
                    ],
                    [
                        525,
                        201
                    ],
                    [
                        525,
                        197
                    ],
                    [
                        523,
                        195
                    ],
                    [
                        522,
                        195
                    ],
                    [
                        518,
                        191
                    ],
                    [
                        518,
                        190
                    ],
                    [
                        516,
                        188
                    ]
                ],
                "interior": []
            }
        },
        {
            "id": 159515911,
            "classId": 6551258,
            "objectId": null,
            "description": "",
            "geometryType": "rectangle",
            "labelerLogin": "inbox@datasetninja.com",
            "createdAt": "2024-03-12T15:24:54.118Z",
            "updatedAt": "2024-03-12T15:24:54.118Z",
            "tags": [
                {
                    "id": 121976415,
                    "tagId": 32511,
                    "name": "object id",
                    "value": 1083,
                    "labelerLogin": "inbox@datasetninja.com",
                    "createdAt": "2024-03-12T15:24:54.118Z",
                    "updatedAt": "2024-03-12T15:24:54.118Z"
                },
                {
                    "id": 121976416,
                    "tagId": 32513,
                    "name": "instance id",
                    "value": 83,
                    "labelerLogin": "inbox@datasetninja.com",
                    "createdAt": "2024-03-12T15:24:54.118Z",
                    "updatedAt": "2024-03-12T15:24:54.118Z"
                }
            ],
            "classTitle": "car",
            "points": {
                "exterior": [
                    [
                        495,
                        188
                    ],
                    [
                        525,
                        207
                    ]
                ],
                "interior": []
            }
        },
        {
            "id": 159515912,
            "classId": 6551258,
            "objectId": null,
            "description": "",
            "geometryType": "polygon",
            "labelerLogin": "inbox@datasetninja.com",
            "createdAt": "2024-03-12T15:24:54.120Z",
            "updatedAt": "2024-03-12T15:24:54.120Z",
            "tags": [
                {
                    "id": 121976417,
                    "tagId": 32511,
                    "name": "object id",
                    "value": 1083,
                    "labelerLogin": "inbox@datasetninja.com",
                    "createdAt": "2024-03-12T15:24:54.120Z",
                    "updatedAt": "2024-03-12T15:24:54.120Z"
                },
                {
                    "id": 121976418,
                    "tagId": 32513,
                    "name": "instance id",
                    "value": 83,
                    "labelerLogin": "inbox@datasetninja.com",
                    "createdAt": "2024-03-12T15:24:54.120Z",
                    "updatedAt": "2024-03-12T15:24:54.120Z"
                }
            ],
            "classTitle": "car",
            "points": {
                "exterior": [
                    [
                        537,
                        178
                    ],
                    [
                        538,
                        178
                    ],
                    [
                        539,
                        179
                    ],
                    [
                        541,
                        179
                    ],
                    [
                        544,
                        182
                    ],
                    [
                        544,
                        183
                    ],
                    [
                        545,
                        184
                    ],
                    [
                        545,
                        185
                    ],
                    [
                        546,
                        186
                    ],
                    [
                        546,
                        188
                    ],
                    [
                        545,
                        189
                    ],
                    [
                        545,
                        192
                    ],
                    [
                        542,
                        195
                    ],
                    [
                        541,
                        195
                    ],
                    [
                        540,
                        196
                    ],
                    [
                        539,
                        196
                    ],
                    [
                        538,
                        197
                    ],
                    [
                        538,
                        202
                    ],
                    [
                        546,
                        202
                    ],
                    [
                        547,
                        203
                    ],
                    [
                        548,
                        203
                    ],
                    [
                        549,
                        204
                    ],
                    [
                        553,
                        204
                    ],
                    [
                        554,
                        203
                    ],
                    [
                        554,
                        202
                    ],
                    [
                        555,
                        201
                    ],
                    [
                        560,
                        201
                    ],
                    [
                        563,
                        204
                    ],
                    [
                        564,
                        204
                    ],
                    [
                        565,
                        205
                    ],
                    [
                        567,
                        205
                    ],
                    [
                        568,
                        204
                    ],
                    [
                        570,
                        204
                    ],
                    [
                        570,
                        203
                    ],
                    [
                        571,
                        202
                    ],
                    [
                        571,
                        201
                    ],
                    [
                        573,
                        199
                    ],
                    [
                        575,
                        199
                    ],
                    [
                        575,
                        197
                    ],
                    [
                        576,
                        196
                    ],
                    [
                        576,
                        192
                    ],
                    [
                        575,
                        191
                    ],
                    [
                        575,
                        188
                    ],
                    [
                        574,
                        187
                    ],
                    [
                        574,
                        186
                    ],
                    [
                        572,
                        184
                    ],
                    [
                        572,
                        183
                    ],
                    [
                        569,
                        180
                    ],
                    [
                        567,
                        180
                    ],
                    [
                        566,
                        179
                    ],
                    [
                        561,
                        179
                    ],
                    [
                        560,
                        178
                    ]
                ],
                "interior": []
            }
        },
        {
            "id": 159515913,
            "classId": 6551258,
            "objectId": null,
            "description": "",
            "geometryType": "rectangle",
            "labelerLogin": "inbox@datasetninja.com",
            "createdAt": "2024-03-12T15:24:54.122Z",
            "updatedAt": "2024-03-12T15:24:54.122Z",
            "tags": [
                {
                    "id": 121976419,
                    "tagId": 32511,
                    "name": "object id",
                    "value": 1083,
                    "labelerLogin": "inbox@datasetninja.com",
                    "createdAt": "2024-03-12T15:24:54.121Z",
                    "updatedAt": "2024-03-12T15:24:54.121Z"
                },
                {
                    "id": 121976420,
                    "tagId": 32513,
                    "name": "instance id",
                    "value": 83,
                    "labelerLogin": "inbox@datasetninja.com",
                    "createdAt": "2024-03-12T15:24:54.121Z",
                    "updatedAt": "2024-03-12T15:24:54.121Z"
                }
            ],
            "classTitle": "car",
            "points": {
                "exterior": [
                    [
                        537,
                        178
                    ],
                    [
                        576,
                        205
                    ]
                ],
                "interior": []
            }
        },
        {
            "id": 159515914,
            "classId": 6551258,
            "objectId": null,
            "description": "",
            "geometryType": "polygon",
            "labelerLogin": "inbox@datasetninja.com",
            "createdAt": "2024-03-12T15:24:54.124Z",
            "updatedAt": "2024-03-12T15:24:54.124Z",
            "tags": [
                {
                    "id": 121976421,
                    "tagId": 32511,
                    "name": "object id",
                    "value": 1084,
                    "labelerLogin": "inbox@datasetninja.com",
                    "createdAt": "2024-03-12T15:24:54.123Z",
                    "updatedAt": "2024-03-12T15:24:54.123Z"
                },
                {
                    "id": 121976422,
                    "tagId": 32513,
                    "name": "instance id",
                    "value": 84,
                    "labelerLogin": "inbox@datasetninja.com",
                    "createdAt": "2024-03-12T15:24:54.123Z",
                    "updatedAt": "2024-03-12T15:24:54.123Z"
                }
            ],
            "classTitle": "car",
            "points": {
                "exterior": [
                    [
                        390,
                        186
                    ],
                    [
                        389,
                        187
                    ],
                    [
                        378,
                        187
                    ],
                    [
                        377,
                        188
                    ],
                    [
                        369,
                        188
                    ],
                    [
                        368,
                        189
                    ],
                    [
                        367,
                        189
                    ],
                    [
                        365,
                        191
                    ],
                    [
                        364,
                        191
                    ],
                    [
                        364,
                        193
                    ],
                    [
                        367,
                        193
                    ],
                    [
                        368,
                        192
                    ],
                    [
                        380,
                        192
                    ],
                    [
                        381,
                        193
                    ],
                    [
                        392,
                        193
                    ],
                    [
                        393,
                        194
                    ],
                    [
                        400,
                        194
                    ],
                    [
                        401,
                        195
                    ],
                    [
                        402,
                        195
                    ],
                    [
                        403,
                        196
                    ],
                    [
                        404,
                        196
                    ],
                    [
                        406,
                        198
                    ],
                    [
                        407,
                        198
                    ],
                    [
                        409,
                        200
                    ],
                    [
                        409,
                        201
                    ],
                    [
                        410,
                        202
                    ],
                    [
                        410,
                        203
                    ],
                    [
                        411,
                        204
                    ],
                    [
                        411,
                        205
                    ],
                    [
                        413,
                        207
                    ],
                    [
                        414,
                        207
                    ],
                    [
                        416,
                        209
                    ],
                    [
                        416,
                        210
                    ],
                    [
                        419,
                        213
                    ],
                    [
                        419,
                        215
                    ],
                    [
                        423,
                        219
                    ],
                    [
                        423,
                        222
                    ],
                    [
                        424,
                        223
                    ],
                    [
                        424,
                        226
                    ],
                    [
                        425,
                        227
                    ],
                    [
                        425,
                        230
                    ],
                    [
                        431,
                        230
                    ],
                    [
                        431,
                        229
                    ],
                    [
                        432,
                        228
                    ],
                    [
                        432,
                        226
                    ],
                    [
                        433,
                        225
                    ],
                    [
                        433,
                        224
                    ],
                    [
                        434,
                        223
                    ],
                    [
                        434,
                        222
                    ],
                    [
                        435,
                        221
                    ],
                    [
                        435,
                        211
                    ],
                    [
                        434,
                        210
                    ],
                    [
                        434,
                        209
                    ],
                    [
                        431,
                        206
                    ],
                    [
                        431,
                        205
                    ],
                    [
                        430,
                        205
                    ],
                    [
                        429,
                        204
                    ],
                    [
                        427,
                        204
                    ],
                    [
                        424,
                        201
                    ],
                    [
                        423,
                        201
                    ],
                    [
                        422,
                        200
                    ],
                    [
                        422,
                        199
                    ],
                    [
                        421,
                        199
                    ],
                    [
                        415,
                        193
                    ],
                    [
                        415,
                        192
                    ],
                    [
                        414,
                        191
                    ],
                    [
                        413,
                        191
                    ],
                    [
                        411,
                        189
                    ],
                    [
                        410,
                        189
                    ],
                    [
                        409,
                        188
                    ],
                    [
                        407,
                        188
                    ],
                    [
                        406,
                        187
                    ],
                    [
                        393,
                        187
                    ],
                    [
                        392,
                        186
                    ]
                ],
                "interior": []
            }
        },
        {
            "id": 159515915,
            "classId": 6551258,
            "objectId": null,
            "description": "",
            "geometryType": "rectangle",
            "labelerLogin": "inbox@datasetninja.com",
            "createdAt": "2024-03-12T15:24:54.125Z",
            "updatedAt": "2024-03-12T15:24:54.125Z",
            "tags": [
                {
                    "id": 121976423,
                    "tagId": 32511,
                    "name": "object id",
                    "value": 1084,
                    "labelerLogin": "inbox@datasetninja.com",
                    "createdAt": "2024-03-12T15:24:54.125Z",
                    "updatedAt": "2024-03-12T15:24:54.125Z"
                },
                {
                    "id": 121976424,
                    "tagId": 32513,
                    "name": "instance id",
                    "value": 84,
                    "labelerLogin": "inbox@datasetninja.com",
                    "createdAt": "2024-03-12T15:24:54.125Z",
                    "updatedAt": "2024-03-12T15:24:54.125Z"
                }
            ],
            "classTitle": "car",
            "points": {
                "exterior": [
                    [
                        364,
                        186
                    ],
                    [
                        435,
                        230
                    ]
                ],
                "interior": []
            }
        },
        {
            "id": 159515916,
            "classId": 6551258,
            "objectId": null,
            "description": "",
            "geometryType": "polygon",
            "labelerLogin": "inbox@datasetninja.com",
            "createdAt": "2024-03-12T15:24:54.126Z",
            "updatedAt": "2024-03-12T15:24:54.126Z",
            "tags": [
                {
                    "id": 121976425,
                    "tagId": 32511,
                    "name": "object id",
                    "value": 1086,
                    "labelerLogin": "inbox@datasetninja.com",
                    "createdAt": "2024-03-12T15:24:54.126Z",
                    "updatedAt": "2024-03-12T15:24:54.126Z"
                },
                {
                    "id": 121976426,
                    "tagId": 32513,
                    "name": "instance id",
                    "value": 86,
                    "labelerLogin": "inbox@datasetninja.com",
                    "createdAt": "2024-03-12T15:24:54.126Z",
                    "updatedAt": "2024-03-12T15:24:54.126Z"
                }
            ],
            "classTitle": "car",
            "points": {
                "exterior": [
                    [
                        655,
                        176
                    ],
                    [
                        654,
                        177
                    ],
                    [
                        651,
                        177
                    ],
                    [
                        650,
                        178
                    ],
                    [
                        649,
                        178
                    ],
                    [
                        648,
                        179
                    ],
                    [
                        647,
                        179
                    ],
                    [
                        645,
                        181
                    ],
                    [
                        644,
                        181
                    ],
                    [
                        642,
                        183
                    ],
                    [
                        641,
                        183
                    ],
                    [
                        640,
                        184
                    ],
                    [
                        639,
                        184
                    ],
                    [
                        638,
                        185
                    ],
                    [
                        630,
                        185
                    ],
                    [
                        629,
                        186
                    ],
                    [
                        626,
                        186
                    ],
                    [
                        625,
                        187
                    ],
                    [
                        624,
                        187
                    ],
                    [
                        623,
                        188
                    ],
                    [
                        622,
                        188
                    ],
                    [
                        621,
                        189
                    ],
                    [
                        621,
                        190
                    ],
                    [
                        620,
                        191
                    ],
                    [
                        620,
                        193
                    ],
                    [
                        619,
                        194
                    ],
                    [
                        619,
                        195
                    ],
                    [
                        620,
                        196
                    ],
                    [
                        620,
                        198
                    ],
                    [
                        621,
                        199
                    ],
                    [
                        622,
                        199
                    ],
                    [
                        623,
                        200
                    ],
                    [
                        634,
                        200
                    ],
                    [
                        635,
                        201
                    ],
                    [
                        647,
                        201
                    ],
                    [
                        648,
                        200
                    ],
                    [
                        650,
                        200
                    ],
                    [
                        651,
                        199
                    ],
                    [
                        686,
                        199
                    ],
                    [
                        687,
                        200
                    ],
                    [
                        692,
                        200
                    ],
                    [
                        693,
                        199
                    ],
                    [
                        694,
                        199
                    ],
                    [
                        695,
                        198
                    ],
                    [
                        697,
                        198
                    ],
                    [
                        698,
                        197
                    ],
                    [
                        700,
                        197
                    ],
                    [
                        702,
                        195
                    ],
                    [
                        702,
                        193
                    ],
                    [
                        703,
                        192
                    ],
                    [
                        703,
                        190
                    ],
                    [
                        702,
                        189
                    ],
                    [
                        702,
                        188
                    ],
                    [
                        701,
                        187
                    ],
                    [
                        701,
                        186
                    ],
                    [
                        697,
                        182
                    ],
                    [
                        696,
                        182
                    ],
                    [
                        695,
                        181
                    ],
                    [
                        692,
                        181
                    ],
                    [
                        691,
                        180
                    ],
                    [
                        688,
                        180
                    ],
                    [
                        687,
                        179
                    ],
                    [
                        686,
                        179
                    ],
                    [
                        685,
                        178
                    ],
                    [
                        684,
                        178
                    ],
                    [
                        683,
                        177
                    ],
                    [
                        680,
                        177
                    ],
                    [
                        679,
                        176
                    ]
                ],
                "interior": []
            }
        },
        {
            "id": 159515917,
            "classId": 6551258,
            "objectId": null,
            "description": "",
            "geometryType": "rectangle",
            "labelerLogin": "inbox@datasetninja.com",
            "createdAt": "2024-03-12T15:24:54.129Z",
            "updatedAt": "2024-03-12T15:24:54.129Z",
            "tags": [
                {
                    "id": 121976427,
                    "tagId": 32511,
                    "name": "object id",
                    "value": 1086,
                    "labelerLogin": "inbox@datasetninja.com",
                    "createdAt": "2024-03-12T15:24:54.127Z",
                    "updatedAt": "2024-03-12T15:24:54.127Z"
                },
                {
                    "id": 121976428,
                    "tagId": 32513,
                    "name": "instance id",
                    "value": 86,
                    "labelerLogin": "inbox@datasetninja.com",
                    "createdAt": "2024-03-12T15:24:54.127Z",
                    "updatedAt": "2024-03-12T15:24:54.127Z"
                }
            ],
            "classTitle": "car",
            "points": {
                "exterior": [
                    [
                        619,
                        176
                    ],
                    [
                        703,
                        201
                    ]
                ],
                "interior": []
            }
        },
        {
            "id": 159515918,
            "classId": 6551258,
            "objectId": null,
            "description": "",
            "geometryType": "polygon",
            "labelerLogin": "inbox@datasetninja.com",
            "createdAt": "2024-03-12T15:24:54.132Z",
            "updatedAt": "2024-03-12T15:24:54.132Z",
            "tags": [
                {
                    "id": 121976429,
                    "tagId": 32511,
                    "name": "object id",
                    "value": 1088,
                    "labelerLogin": "inbox@datasetninja.com",
                    "createdAt": "2024-03-12T15:24:54.131Z",
                    "updatedAt": "2024-03-12T15:24:54.131Z"
                },
                {
                    "id": 121976430,
                    "tagId": 32513,
                    "name": "instance id",
                    "value": 88,
                    "labelerLogin": "inbox@datasetninja.com",
                    "createdAt": "2024-03-12T15:24:54.131Z",
                    "updatedAt": "2024-03-12T15:24:54.131Z"
                }
            ],
            "classTitle": "car",
            "points": {
                "exterior": [
                    [
                        204,
                        188
                    ],
                    [
                        204,
                        191
                    ],
                    [
                        203,
                        192
                    ],
                    [
                        203,
                        201
                    ],
                    [
                        204,
                        202
                    ],
                    [
                        204,
                        207
                    ],
                    [
                        205,
                        208
                    ],
                    [
                        204,
                        209
                    ],
                    [
                        204,
                        212
                    ],
                    [
                        205,
                        213
                    ],
                    [
                        205,
                        217
                    ],
                    [
                        206,
                        218
                    ],
                    [
                        208,
                        218
                    ],
                    [
                        209,
                        217
                    ],
                    [
                        216,
                        217
                    ],
                    [
                        217,
                        218
                    ],
                    [
                        218,
                        218
                    ],
                    [
                        219,
                        219
                    ],
                    [
                        228,
                        219
                    ],
                    [
                        235,
                        212
                    ],
                    [
                        236,
                        212
                    ],
                    [
                        239,
                        209
                    ],
                    [
                        240,
                        209
                    ],
                    [
                        241,
                        208
                    ],
                    [
                        241,
                        202
                    ],
                    [
                        238,
                        199
                    ],
                    [
                        238,
                        198
                    ],
                    [
                        237,
                        197
                    ],
                    [
                        236,
                        197
                    ],
                    [
                        235,
                        196
                    ],
                    [
                        234,
                        196
                    ],
                    [
                        233,
                        195
                    ],
                    [
                        231,
                        195
                    ],
                    [
                        230,
                        194
                    ],
                    [
                        216,
                        194
                    ],
                    [
                        215,
                        193
                    ],
                    [
                        214,
                        193
                    ],
                    [
                        213,
                        192
                    ],
                    [
                        212,
                        192
                    ],
                    [
                        210,
                        190
                    ],
                    [
                        209,
                        190
                    ],
                    [
                        208,
                        189
                    ],
                    [
                        206,
                        189
                    ],
                    [
                        205,
                        188
                    ]
                ],
                "interior": []
            }
        },
        {
            "id": 159515919,
            "classId": 6551258,
            "objectId": null,
            "description": "",
            "geometryType": "rectangle",
            "labelerLogin": "inbox@datasetninja.com",
            "createdAt": "2024-03-12T15:24:54.134Z",
            "updatedAt": "2024-03-12T15:24:54.134Z",
            "tags": [
                {
                    "id": 121976431,
                    "tagId": 32511,
                    "name": "object id",
                    "value": 1088,
                    "labelerLogin": "inbox@datasetninja.com",
                    "createdAt": "2024-03-12T15:24:54.133Z",
                    "updatedAt": "2024-03-12T15:24:54.133Z"
                },
                {
                    "id": 121976432,
                    "tagId": 32513,
                    "name": "instance id",
                    "value": 88,
                    "labelerLogin": "inbox@datasetninja.com",
                    "createdAt": "2024-03-12T15:24:54.133Z",
                    "updatedAt": "2024-03-12T15:24:54.133Z"
                }
            ],
            "classTitle": "car",
            "points": {
                "exterior": [
                    [
                        203,
                        188
                    ],
                    [
                        241,
                        219
                    ]
                ],
                "interior": []
            }
        },
        {
            "id": 159515920,
            "classId": 6551258,
            "objectId": null,
            "description": "",
            "geometryType": "polygon",
            "labelerLogin": "inbox@datasetninja.com",
            "createdAt": "2024-03-12T15:24:54.135Z",
            "updatedAt": "2024-03-12T15:24:54.135Z",
            "tags": [
                {
                    "id": 121976433,
                    "tagId": 32511,
                    "name": "object id",
                    "value": 1088,
                    "labelerLogin": "inbox@datasetninja.com",
                    "createdAt": "2024-03-12T15:24:54.135Z",
                    "updatedAt": "2024-03-12T15:24:54.135Z"
                },
                {
                    "id": 121976434,
                    "tagId": 32513,
                    "name": "instance id",
                    "value": 88,
                    "labelerLogin": "inbox@datasetninja.com",
                    "createdAt": "2024-03-12T15:24:54.135Z",
                    "updatedAt": "2024-03-12T15:24:54.135Z"
                }
            ],
            "classTitle": "car",
            "points": {
                "exterior": [
                    [
                        161,
                        182
                    ],
                    [
                        160,
                        183
                    ],
                    [
                        156,
                        183
                    ],
                    [
                        155,
                        184
                    ],
                    [
                        146,
                        184
                    ],
                    [
                        145,
                        185
                    ],
                    [
                        142,
                        185
                    ],
                    [
                        141,
                        186
                    ],
                    [
                        140,
                        186
                    ],
                    [
                        139,
                        187
                    ],
                    [
                        139,
                        188
                    ],
                    [
                        138,
                        189
                    ],
                    [
                        138,
                        190
                    ],
                    [
                        137,
                        191
                    ],
                    [
                        137,
                        192
                    ],
                    [
                        136,
                        193
                    ],
                    [
                        136,
                        201
                    ],
                    [
                        137,
                        202
                    ],
                    [
                        137,
                        203
                    ],
                    [
                        138,
                        204
                    ],
                    [
                        139,
                        204
                    ],
                    [
                        140,
                        205
                    ],
                    [
                        140,
                        207
                    ],
                    [
                        139,
                        208
                    ],
                    [
                        139,
                        211
                    ],
                    [
                        140,
                        212
                    ],
                    [
                        140,
                        215
                    ],
                    [
                        143,
                        215
                    ],
                    [
                        144,
                        216
                    ],
                    [
                        146,
                        216
                    ],
                    [
                        147,
                        217
                    ],
                    [
                        155,
                        217
                    ],
                    [
                        159,
                        221
                    ],
                    [
                        167,
                        221
                    ],
                    [
                        171,
                        217
                    ],
                    [
                        187,
                        217
                    ],
                    [
                        188,
                        216
                    ],
                    [
                        192,
                        216
                    ],
                    [
                        193,
                        217
                    ],
                    [
                        194,
                        216
                    ],
                    [
                        197,
                        216
                    ],
                    [
                        197,
                        212
                    ],
                    [
                        198,
                        211
                    ],
                    [
                        198,
                        204
                    ],
                    [
                        197,
                        203
                    ],
                    [
                        197,
                        195
                    ],
                    [
                        198,
                        194
                    ],
                    [
                        197,
                        193
                    ],
                    [
                        197,
                        189
                    ],
                    [
                        198,
                        188
                    ],
                    [
                        198,
                        185
                    ],
                    [
                        197,
                        185
                    ],
                    [
                        196,
                        184
                    ],
                    [
                        192,
                        184
                    ],
                    [
                        191,
                        183
                    ],
                    [
                        185,
                        183
                    ],
                    [
                        184,
                        182
                    ],
                    [
                        166,
                        182
                    ],
                    [
                        165,
                        183
                    ],
                    [
                        162,
                        183
                    ]
                ],
                "interior": [
                    [
                        [
                            140,
                            205
                        ],
                        [
                            141,
                            204
                        ],
                        [
                            142,
                            204
                        ],
                        [
                            143,
                            205
                        ],
                        [
                            143,
                            206
                        ],
                        [
                            144,
                            207
                        ],
                        [
                            144,
                            208
                        ],
                        [
                            142,
                            210
                        ],
                        [
                            141,
                            209
                        ],
                        [
                            141,
                            207
                        ],
                        [
                            140,
                            206
                        ]
                    ]
                ]
            }
        },
        {
            "id": 159515921,
            "classId": 6551258,
            "objectId": null,
            "description": "",
            "geometryType": "rectangle",
            "labelerLogin": "inbox@datasetninja.com",
            "createdAt": "2024-03-12T15:24:54.136Z",
            "updatedAt": "2024-03-12T15:24:54.136Z",
            "tags": [
                {
                    "id": 121976435,
                    "tagId": 32511,
                    "name": "object id",
                    "value": 1088,
                    "labelerLogin": "inbox@datasetninja.com",
                    "createdAt": "2024-03-12T15:24:54.136Z",
                    "updatedAt": "2024-03-12T15:24:54.136Z"
                },
                {
                    "id": 121976436,
                    "tagId": 32513,
                    "name": "instance id",
                    "value": 88,
                    "labelerLogin": "inbox@datasetninja.com",
                    "createdAt": "2024-03-12T15:24:54.136Z",
                    "updatedAt": "2024-03-12T15:24:54.136Z"
                }
            ],
            "classTitle": "car",
            "points": {
                "exterior": [
                    [
                        136,
                        182
                    ],
                    [
                        198,
                        221
                    ]
                ],
                "interior": []
            }
        },
        {
            "id": 159515922,
            "classId": 6551257,
            "objectId": null,
            "description": "",
            "geometryType": "polygon",
            "labelerLogin": "inbox@datasetninja.com",
            "createdAt": "2024-03-12T15:24:54.137Z",
            "updatedAt": "2024-03-12T15:24:54.137Z",
            "tags": [
                {
                    "id": 121976437,
                    "tagId": 32511,
                    "name": "object id",
                    "value": 2082,
                    "labelerLogin": "inbox@datasetninja.com",
                    "createdAt": "2024-03-12T15:24:54.137Z",
                    "updatedAt": "2024-03-12T15:24:54.137Z"
                },
                {
                    "id": 121976438,
                    "tagId": 32513,
                    "name": "instance id",
                    "value": 82,
                    "labelerLogin": "inbox@datasetninja.com",
                    "createdAt": "2024-03-12T15:24:54.137Z",
                    "updatedAt": "2024-03-12T15:24:54.137Z"
                }
            ],
            "classTitle": "pedestrian",
            "points": {
                "exterior": [
                    [
                        774,
                        201
                    ],
                    [
                        773,
                        202
                    ],
                    [
                        772,
                        202
                    ],
                    [
                        771,
                        203
                    ],
                    [
                        770,
                        203
                    ],
                    [
                        767,
                        206
                    ],
                    [
                        767,
                        213
                    ],
                    [
                        766,
                        214
                    ],
                    [
                        766,
                        215
                    ],
                    [
                        767,
                        216
                    ],
                    [
                        769,
                        216
                    ],
                    [
                        771,
                        218
                    ],
                    [
                        771,
                        219
                    ],
                    [
                        772,
                        220
                    ],
                    [
                        772,
                        222
                    ],
                    [
                        773,
                        223
                    ],
                    [
                        773,
                        236
                    ],
                    [
                        777,
                        236
                    ],
                    [
                        779,
                        234
                    ],
                    [
                        778,
                        233
                    ],
                    [
                        778,
                        230
                    ],
                    [
                        777,
                        229
                    ],
                    [
                        777,
                        222
                    ],
                    [
                        776,
                        221
                    ],
                    [
                        776,
                        212
                    ],
                    [
                        775,
                        211
                    ],
                    [
                        775,
                        208
                    ],
                    [
                        776,
                        207
                    ],
                    [
                        776,
                        203
                    ],
                    [
                        775,
                        202
                    ],
                    [
                        775,
                        201
                    ]
                ],
                "interior": []
            }
        },
        {
            "id": 159515923,
            "classId": 6551257,
            "objectId": null,
            "description": "",
            "geometryType": "rectangle",
            "labelerLogin": "inbox@datasetninja.com",
            "createdAt": "2024-03-12T15:24:54.138Z",
            "updatedAt": "2024-03-12T15:24:54.138Z",
            "tags": [
                {
                    "id": 121976439,
                    "tagId": 32511,
                    "name": "object id",
                    "value": 2082,
                    "labelerLogin": "inbox@datasetninja.com",
                    "createdAt": "2024-03-12T15:24:54.138Z",
                    "updatedAt": "2024-03-12T15:24:54.138Z"
                },
                {
                    "id": 121976440,
                    "tagId": 32513,
                    "name": "instance id",
                    "value": 82,
                    "labelerLogin": "inbox@datasetninja.com",
                    "createdAt": "2024-03-12T15:24:54.138Z",
                    "updatedAt": "2024-03-12T15:24:54.138Z"
                }
            ],
            "classTitle": "pedestrian",
            "points": {
                "exterior": [
                    [
                        766,
                        201
                    ],
                    [
                        779,
                        236
                    ]
                ],
                "interior": []
            }
        },
        {
            "id": 159515924,
            "classId": 6551257,
            "objectId": null,
            "description": "",
            "geometryType": "polygon",
            "labelerLogin": "inbox@datasetninja.com",
            "createdAt": "2024-03-12T15:24:54.139Z",
            "updatedAt": "2024-03-12T15:24:54.139Z",
            "tags": [
                {
                    "id": 121976441,
                    "tagId": 32511,
                    "name": "object id",
                    "value": 2082,
                    "labelerLogin": "inbox@datasetninja.com",
                    "createdAt": "2024-03-12T15:24:54.139Z",
                    "updatedAt": "2024-03-12T15:24:54.139Z"
                },
                {
                    "id": 121976442,
                    "tagId": 32513,
                    "name": "instance id",
                    "value": 82,
                    "labelerLogin": "inbox@datasetninja.com",
                    "createdAt": "2024-03-12T15:24:54.139Z",
                    "updatedAt": "2024-03-12T15:24:54.139Z"
                }
            ],
            "classTitle": "pedestrian",
            "points": {
                "exterior": [
                    [
                        770,
                        172
                    ],
                    [
                        769,
                        173
                    ],
                    [
                        768,
                        173
                    ],
                    [
                        768,
                        174
                    ],
                    [
                        767,
                        175
                    ],
                    [
                        767,
                        180
                    ],
                    [
                        766,
                        181
                    ],
                    [
                        766,
                        185
                    ],
                    [
                        767,
                        186
                    ],
                    [
                        767,
                        187
                    ],
                    [
                        770,
                        190
                    ],
                    [
                        770,
                        191
                    ],
                    [
                        771,
                        191
                    ],
                    [
                        772,
                        192
                    ],
                    [
                        772,
                        193
                    ],
                    [
                        773,
                        194
                    ],
                    [
                        774,
                        194
                    ],
                    [
                        775,
                        195
                    ],
                    [
                        776,
                        195
                    ],
                    [
                        777,
                        196
                    ],
                    [
                        777,
                        195
                    ],
                    [
                        778,
                        194
                    ],
                    [
                        778,
                        191
                    ],
                    [
                        776,
                        189
                    ],
                    [
                        776,
                        187
                    ],
                    [
                        775,
                        186
                    ],
                    [
                        775,
                        185
                    ],
                    [
                        774,
                        184
                    ],
                    [
                        774,
                        176
                    ],
                    [
                        773,
                        175
                    ],
                    [
                        773,
                        173
                    ],
                    [
                        772,
                        172
                    ]
                ],
                "interior": []
            }
        },
        {
            "id": 159515925,
            "classId": 6551257,
            "objectId": null,
            "description": "",
            "geometryType": "rectangle",
            "labelerLogin": "inbox@datasetninja.com",
            "createdAt": "2024-03-12T15:24:54.140Z",
            "updatedAt": "2024-03-12T15:24:54.140Z",
            "tags": [
                {
                    "id": 121976443,
                    "tagId": 32511,
                    "name": "object id",
                    "value": 2082,
                    "labelerLogin": "inbox@datasetninja.com",
                    "createdAt": "2024-03-12T15:24:54.140Z",
                    "updatedAt": "2024-03-12T15:24:54.140Z"
                },
                {
                    "id": 121976444,
                    "tagId": 32513,
                    "name": "instance id",
                    "value": 82,
                    "labelerLogin": "inbox@datasetninja.com",
                    "createdAt": "2024-03-12T15:24:54.140Z",
                    "updatedAt": "2024-03-12T15:24:54.140Z"
                }
            ],
            "classTitle": "pedestrian",
            "points": {
                "exterior": [
                    [
                        766,
                        172
                    ],
                    [
                        778,
                        196
                    ]
                ],
                "interior": []
            }
        },
        {
            "id": 159515926,
            "classId": 6551259,
            "objectId": null,
            "description": "",
            "geometryType": "polygon",
            "labelerLogin": "inbox@datasetninja.com",
            "createdAt": "2024-03-12T15:24:54.141Z",
            "updatedAt": "2024-03-12T15:24:54.141Z",
            "tags": [],
            "classTitle": "ignore region",
            "points": {
                "exterior": [
                    [
                        288,
                        157
                    ],
                    [
                        288,
                        210
                    ],
                    [
                        316,
                        210
                    ],
                    [
                        316,
                        209
                    ],
                    [
                        317,
                        208
                    ],
                    [
                        318,
                        208
                    ],
                    [
                        318,
                        207
                    ],
                    [
                        327,
                        198
                    ],
                    [
                        329,
                        198
                    ],
                    [
                        330,
                        197
                    ],
                    [
                        332,
                        197
                    ],
                    [
                        333,
                        196
                    ],
                    [
                        334,
                        196
                    ],
                    [
                        335,
                        195
                    ],
                    [
                        343,
                        195
                    ],
                    [
                        344,
                        194
                    ],
                    [
                        353,
                        194
                    ],
                    [
                        354,
                        193
                    ],
                    [
                        363,
                        193
                    ],
                    [
                        363,
                        191
                    ],
                    [
                        364,
                        190
                    ],
                    [
                        365,
                        190
                    ],
                    [
                        367,
                        188
                    ],
                    [
                        368,
                        188
                    ],
                    [
                        369,
                        187
                    ],
                    [
                        377,
                        187
                    ],
                    [
                        378,
                        186
                    ],
                    [
                        389,
                        186
                    ],
                    [
                        390,
                        185
                    ],
                    [
                        392,
                        185
                    ],
                    [
                        393,
                        186
                    ],
                    [
                        402,
                        186
                    ],
                    [
                        402,
                        157
                    ]
                ],
                "interior": []
            }
        },
        {
            "id": 159515927,
            "classId": 6551259,
            "objectId": null,
            "description": "",
            "geometryType": "rectangle",
            "labelerLogin": "inbox@datasetninja.com",
            "createdAt": "2024-03-12T15:24:54.141Z",
            "updatedAt": "2024-03-12T15:24:54.141Z",
            "tags": [],
            "classTitle": "ignore region",
            "points": {
                "exterior": [
                    [
                        288,
                        157
                    ],
                    [
                        402,
                        210
                    ]
                ],
                "interior": []
            }
        }
    ]
}