{
    "description": "",
    "tags": [
        {
            "id": 21884340,
            "tagId": 32512,
            "name": "sequence",
            "value": "0001",
            "labelerLogin": "inbox@datasetninja.com",
            "createdAt": "2024-03-12T15:20:50.570Z",
            "updatedAt": "2024-03-12T15:20:50.570Z"
        }
    ],
    "size": {
        "height": 375,
        "width": 1242
    },
    "objects": [
        {
            "id": 159511972,
            "classId": 6551258,
            "objectId": null,
            "description": "",
            "geometryType": "polygon",
            "labelerLogin": "inbox@datasetninja.com",
            "createdAt": "2024-03-12T15:20:50.572Z",
            "updatedAt": "2024-03-12T15:20:50.572Z",
            "tags": [
                {
                    "id": 121971133,
                    "tagId": 32511,
                    "name": "object id",
                    "value": 1063,
                    "labelerLogin": "inbox@datasetninja.com",
                    "createdAt": "2024-03-12T15:20:50.572Z",
                    "updatedAt": "2024-03-12T15:20:50.572Z"
                },
                {
                    "id": 121971134,
                    "tagId": 32513,
                    "name": "instance id",
                    "value": 63,
                    "labelerLogin": "inbox@datasetninja.com",
                    "createdAt": "2024-03-12T15:20:50.572Z",
                    "updatedAt": "2024-03-12T15:20:50.572Z"
                }
            ],
            "classTitle": "car",
            "points": {
                "exterior": [
                    [
                        1201,
                        171
                    ],
                    [
                        1200,
                        172
                    ],
                    [
                        1190,
                        172
                    ],
                    [
                        1189,
                        173
                    ],
                    [
                        1152,
                        173
                    ],
                    [
                        1151,
                        174
                    ],
                    [
                        1122,
                        174
                    ],
                    [
                        1121,
                        175
                    ],
                    [
                        1092,
                        175
                    ],
                    [
                        1091,
                        176
                    ],
                    [
                        1047,
                        176
                    ],
                    [
                        1046,
                        177
                    ],
                    [
                        1025,
                        177
                    ],
                    [
                        1024,
                        178
                    ],
                    [
                        1011,
                        178
                    ],
                    [
                        1010,
                        179
                    ],
                    [
                        1004,
                        179
                    ],
                    [
                        1003,
                        180
                    ],
                    [
                        995,
                        180
                    ],
                    [
                        994,
                        181
                    ],
                    [
                        985,
                        181
                    ],
                    [
                        984,
                        182
                    ],
                    [
                        982,
                        182
                    ],
                    [
                        981,
                        183
                    ],
                    [
                        977,
                        183
                    ],
                    [
                        976,
                        184
                    ],
                    [
                        974,
                        184
                    ],
                    [
                        973,
                        185
                    ],
                    [
                        971,
                        185
                    ],
                    [
                        968,
                        188
                    ],
                    [
                        967,
                        188
                    ],
                    [
                        964,
                        191
                    ],
                    [
                        963,
                        191
                    ],
                    [
                        961,
                        193
                    ],
                    [
                        961,
                        194
                    ],
                    [
                        960,
                        195
                    ],
                    [
                        960,
                        196
                    ],
                    [
                        958,
                        198
                    ],
                    [
                        958,
                        199
                    ],
                    [
                        957,
                        200
                    ],
                    [
                        956,
                        200
                    ],
                    [
                        953,
                        203
                    ],
                    [
                        952,
                        203
                    ],
                    [
                        951,
                        204
                    ],
                    [
                        951,
                        205
                    ],
                    [
                        945,
                        211
                    ],
                    [
                        945,
                        212
                    ],
                    [
                        942,
                        215
                    ],
                    [
                        941,
                        215
                    ],
                    [
                        940,
                        216
                    ],
                    [
                        940,
                        217
                    ],
                    [
                        938,
                        219
                    ],
                    [
                        938,
                        220
                    ],
                    [
                        937,
                        221
                    ],
                    [
                        936,
                        221
                    ],
                    [
                        936,
                        222
                    ],
                    [
                        931,
                        227
                    ],
                    [
                        930,
                        227
                    ],
                    [
                        928,
                        229
                    ],
                    [
                        927,
                        229
                    ],
                    [
                        926,
                        230
                    ],
                    [
                        918,
                        230
                    ],
                    [
                        917,
                        231
                    ],
                    [
                        911,
                        231
                    ],
                    [
                        910,
                        232
                    ],
                    [
                        906,
                        232
                    ],
                    [
                        905,
                        233
                    ],
                    [
                        900,
                        233
                    ],
                    [
                        899,
                        234
                    ],
                    [
                        897,
                        234
                    ],
                    [
                        896,
                        235
                    ],
                    [
                        894,
                        235
                    ],
                    [
                        891,
                        238
                    ],
                    [
                        890,
                        238
                    ],
                    [
                        886,
                        242
                    ],
                    [
                        886,
                        244
                    ],
                    [
                        885,
                        245
                    ],
                    [
                        885,
                        253
                    ],
                    [
                        884,
                        254
                    ],
                    [
                        884,
                        258
                    ],
                    [
                        882,
                        260
                    ],
                    [
                        882,
                        261
                    ],
                    [
                        881,
                        262
                    ],
                    [
                        881,
                        267
                    ],
                    [
                        883,
                        269
                    ],
                    [
                        883,
                        270
                    ],
                    [
                        884,
                        271
                    ],
                    [
                        884,
                        274
                    ],
                    [
                        885,
                        275
                    ],
                    [
                        885,
                        278
                    ],
                    [
                        884,
                        279
                    ],
                    [
                        884,
                        281
                    ],
                    [
                        883,
                        282
                    ],
                    [
                        882,
                        282
                    ],
                    [
                        880,
                        284
                    ],
                    [
                        880,
                        287
                    ],
                    [
                        879,
                        288
                    ],
                    [
                        879,
                        303
                    ],
                    [
                        880,
                        304
                    ],
                    [
                        880,
                        311
                    ],
                    [
                        881,
                        312
                    ],
                    [
                        881,
                        315
                    ],
                    [
                        882,
                        316
                    ],
                    [
                        882,
                        320
                    ],
                    [
                        883,
                        321
                    ],
                    [
                        883,
                        326
                    ],
                    [
                        884,
                        327
                    ],
                    [
                        884,
                        329
                    ],
                    [
                        885,
                        330
                    ],
                    [
                        886,
                        330
                    ],
                    [
                        887,
                        331
                    ],
                    [
                        887,
                        332
                    ],
                    [
                        891,
                        336
                    ],
                    [
                        892,
                        336
                    ],
                    [
                        893,
                        337
                    ],
                    [
                        894,
                        337
                    ],
                    [
                        895,
                        338
                    ],
                    [
                        897,
                        338
                    ],
                    [
                        898,
                        339
                    ],
                    [
                        902,
                        339
                    ],
                    [
                        903,
                        340
                    ],
                    [
                        912,
                        340
                    ],
                    [
                        913,
                        339
                    ],
                    [
                        917,
                        339
                    ],
                    [
                        918,
                        338
                    ],
                    [
                        918,
                        337
                    ],
                    [
                        919,
                        336
                    ],
                    [
                        921,
                        336
                    ],
                    [
                        921,
                        335
                    ],
                    [
                        922,
                        334
                    ],
                    [
                        922,
                        333
                    ],
                    [
                        923,
                        332
                    ],
                    [
                        923,
                        330
                    ],
                    [
                        924,
                        329
                    ],
                    [
                        924,
                        311
                    ],
                    [
                        925,
                        310
                    ],
                    [
                        925,
                        309
                    ],
                    [
                        926,
                        308
                    ],
                    [
                        927,
                        308
                    ],
                    [
                        928,
                        307
                    ],
                    [
                        934,
                        307
                    ],
                    [
                        935,
                        308
                    ],
                    [
                        937,
                        308
                    ],
                    [
                        938,
                        309
                    ],
                    [
                        939,
                        309
                    ],
                    [
                        940,
                        310
                    ],
                    [
                        942,
                        310
                    ],
                    [
                        943,
                        311
                    ],
                    [
                        944,
                        311
                    ],
                    [
                        945,
                        312
                    ],
                    [
                        946,
                        312
                    ],
                    [
                        947,
                        313
                    ],
                    [
                        951,
                        313
                    ],
                    [
                        952,
                        314
                    ],
                    [
                        957,
                        314
                    ],
                    [
                        958,
                        315
                    ],
                    [
                        966,
                        315
                    ],
                    [
                        967,
                        316
                    ],
                    [
                        969,
                        316
                    ],
                    [
                        970,
                        317
                    ],
                    [
                        977,
                        317
                    ],
                    [
                        978,
                        318
                    ],
                    [
                        979,
                        318
                    ],
                    [
                        981,
                        320
                    ],
                    [
                        983,
                        320
                    ],
                    [
                        985,
                        322
                    ],
                    [
                        988,
                        322
                    ],
                    [
                        989,
                        323
                    ],
                    [
                        990,
                        323
                    ],
                    [
                        991,
                        324
                    ],
                    [
                        992,
                        324
                    ],
                    [
                        993,
                        325
                    ],
                    [
                        995,
                        325
                    ],
                    [
                        996,
                        326
                    ],
                    [
                        999,
                        326
                    ],
                    [
                        1000,
                        327
                    ],
                    [
                        1004,
                        327
                    ],
                    [
                        1005,
                        328
                    ],
                    [
                        1007,
                        328
                    ],
                    [
                        1008,
                        329
                    ],
                    [
                        1012,
                        329
                    ],
                    [
                        1015,
                        332
                    ],
                    [
                        1016,
                        332
                    ],
                    [
                        1019,
                        335
                    ],
                    [
                        1020,
                        335
                    ],
                    [
                        1022,
                        337
                    ],
                    [
                        1022,
                        338
                    ],
                    [
                        1023,
                        339
                    ],
                    [
                        1024,
                        339
                    ],
                    [
                        1026,
                        341
                    ],
                    [
                        1027,
                        341
                    ],
                    [
                        1028,
                        342
                    ],
                    [
                        1029,
                        342
                    ],
                    [
                        1030,
                        343
                    ],
                    [
                        1032,
                        343
                    ],
                    [
                        1033,
                        344
                    ],
                    [
                        1038,
                        344
                    ],
                    [
                        1039,
                        345
                    ],
                    [
                        1042,
                        345
                    ],
                    [
                        1043,
                        346
                    ],
                    [
                        1044,
                        346
                    ],
                    [
                        1046,
                        348
                    ],
                    [
                        1046,
                        358
                    ],
                    [
                        1045,
                        359
                    ],
                    [
                        1045,
                        372
                    ],
                    [
                        1046,
                        373
                    ],
                    [
                        1046,
                        374
                    ],
                    [
                        1241,
                        374
                    ],
                    [
                        1241,
                        171
                    ]
                ],
                "interior": []
            }
        },
        {
            "id": 159511973,
            "classId": 6551258,
            "objectId": null,
            "description": "",
            "geometryType": "rectangle",
            "labelerLogin": "inbox@datasetninja.com",
            "createdAt": "2024-03-12T15:20:50.574Z",
            "updatedAt": "2024-03-12T15:20:50.574Z",
            "tags": [
                {
                    "id": 121971135,
                    "tagId": 32511,
                    "name": "object id",
                    "value": 1063,
                    "labelerLogin": "inbox@datasetninja.com",
                    "createdAt": "2024-03-12T15:20:50.574Z",
                    "updatedAt": "2024-03-12T15:20:50.574Z"
                },
                {
                    "id": 121971136,
                    "tagId": 32513,
                    "name": "instance id",
                    "value": 63,
                    "labelerLogin": "inbox@datasetninja.com",
                    "createdAt": "2024-03-12T15:20:50.574Z",
                    "updatedAt": "2024-03-12T15:20:50.574Z"
                }
            ],
            "classTitle": "car",
            "points": {
                "exterior": [
                    [
                        879,
                        171
                    ],
                    [
                        1241,
                        374
                    ]
                ],
                "interior": []
            }
        },
        {
            "id": 159511974,
            "classId": 6551258,
            "objectId": null,
            "description": "",
            "geometryType": "polygon",
            "labelerLogin": "inbox@datasetninja.com",
            "createdAt": "2024-03-12T15:20:50.581Z",
            "updatedAt": "2024-03-12T15:20:50.581Z",
            "tags": [
                {
                    "id": 121971137,
                    "tagId": 32511,
                    "name": "object id",
                    "value": 1067,
                    "labelerLogin": "inbox@datasetninja.com",
                    "createdAt": "2024-03-12T15:20:50.579Z",
                    "updatedAt": "2024-03-12T15:20:50.579Z"
                },
                {
                    "id": 121971138,
                    "tagId": 32513,
                    "name": "instance id",
                    "value": 67,
                    "labelerLogin": "inbox@datasetninja.com",
                    "createdAt": "2024-03-12T15:20:50.579Z",
                    "updatedAt": "2024-03-12T15:20:50.579Z"
                }
            ],
            "classTitle": "car",
            "points": {
                "exterior": [
                    [
                        506,
                        188
                    ],
                    [
                        505,
                        189
                    ],
                    [
                        497,
                        189
                    ],
                    [
                        496,
                        190
                    ],
                    [
                        495,
                        190
                    ],
                    [
                        494,
                        191
                    ],
                    [
                        493,
                        191
                    ],
                    [
                        492,
                        192
                    ],
                    [
                        491,
                        192
                    ],
                    [
                        490,
                        193
                    ],
                    [
                        490,
                        194
                    ],
                    [
                        487,
                        197
                    ],
                    [
                        487,
                        198
                    ],
                    [
                        485,
                        200
                    ],
                    [
                        484,
                        200
                    ],
                    [
                        483,
                        199
                    ],
                    [
                        480,
                        202
                    ],
                    [
                        484,
                        206
                    ],
                    [
                        483,
                        207
                    ],
                    [
                        482,
                        207
                    ],
                    [
                        480,
                        209
                    ],
                    [
                        479,
                        209
                    ],
                    [
                        478,
                        210
                    ],
                    [
                        478,
                        226
                    ],
                    [
                        479,
                        227
                    ],
                    [
                        479,
                        228
                    ],
                    [
                        481,
                        230
                    ],
                    [
                        482,
                        229
                    ],
                    [
                        483,
                        229
                    ],
                    [
                        484,
                        228
                    ],
                    [
                        492,
                        228
                    ],
                    [
                        493,
                        227
                    ],
                    [
                        509,
                        227
                    ],
                    [
                        510,
                        226
                    ],
                    [
                        519,
                        226
                    ],
                    [
                        520,
                        227
                    ],
                    [
                        521,
                        227
                    ],
                    [
                        522,
                        228
                    ],
                    [
                        525,
                        228
                    ],
                    [
                        526,
                        227
                    ],
                    [
                        528,
                        227
                    ],
                    [
                        528,
                        225
                    ],
                    [
                        529,
                        224
                    ],
                    [
                        529,
                        223
                    ],
                    [
                        530,
                        222
                    ],
                    [
                        532,
                        222
                    ],
                    [
                        533,
                        223
                    ],
                    [
                        533,
                        224
                    ],
                    [
                        534,
                        224
                    ],
                    [
                        535,
                        223
                    ],
                    [
                        536,
                        223
                    ],
                    [
                        537,
                        222
                    ],
                    [
                        538,
                        222
                    ],
                    [
                        538,
                        209
                    ],
                    [
                        537,
                        208
                    ],
                    [
                        537,
                        205
                    ],
                    [
                        536,
                        204
                    ],
                    [
                        536,
                        202
                    ],
                    [
                        535,
                        201
                    ],
                    [
                        535,
                        200
                    ],
                    [
                        533,
                        198
                    ],
                    [
                        533,
                        197
                    ],
                    [
                        525,
                        189
                    ],
                    [
                        519,
                        189
                    ],
                    [
                        518,
                        188
                    ]
                ],
                "interior": []
            }
        },
        {
            "id": 159511975,
            "classId": 6551258,
            "objectId": null,
            "description": "",
            "geometryType": "rectangle",
            "labelerLogin": "inbox@datasetninja.com",
            "createdAt": "2024-03-12T15:20:50.584Z",
            "updatedAt": "2024-03-12T15:20:50.584Z",
            "tags": [
                {
                    "id": 121971139,
                    "tagId": 32511,
                    "name": "object id",
                    "value": 1067,
                    "labelerLogin": "inbox@datasetninja.com",
                    "createdAt": "2024-03-12T15:20:50.584Z",
                    "updatedAt": "2024-03-12T15:20:50.584Z"
                },
                {
                    "id": 121971140,
                    "tagId": 32513,
                    "name": "instance id",
                    "value": 67,
                    "labelerLogin": "inbox@datasetninja.com",
                    "createdAt": "2024-03-12T15:20:50.584Z",
                    "updatedAt": "2024-03-12T15:20:50.584Z"
                }
            ],
            "classTitle": "car",
            "points": {
                "exterior": [
                    [
                        478,
                        188
                    ],
                    [
                        538,
                        230
                    ]
                ],
                "interior": []
            }
        },
        {
            "id": 159511976,
            "classId": 6551258,
            "objectId": null,
            "description": "",
            "geometryType": "polygon",
            "labelerLogin": "inbox@datasetninja.com",
            "createdAt": "2024-03-12T15:20:50.587Z",
            "updatedAt": "2024-03-12T15:20:50.587Z",
            "tags": [
                {
                    "id": 121971141,
                    "tagId": 32511,
                    "name": "object id",
                    "value": 1068,
                    "labelerLogin": "inbox@datasetninja.com",
                    "createdAt": "2024-03-12T15:20:50.586Z",
                    "updatedAt": "2024-03-12T15:20:50.586Z"
                },
                {
                    "id": 121971142,
                    "tagId": 32513,
                    "name": "instance id",
                    "value": 68,
                    "labelerLogin": "inbox@datasetninja.com",
                    "createdAt": "2024-03-12T15:20:50.586Z",
                    "updatedAt": "2024-03-12T15:20:50.586Z"
                }
            ],
            "classTitle": "car",
            "points": {
                "exterior": [
                    [
                        833,
                        198
                    ],
                    [
                        832,
                        199
                    ],
                    [
                        827,
                        199
                    ],
                    [
                        826,
                        200
                    ],
                    [
                        825,
                        200
                    ],
                    [
                        823,
                        202
                    ],
                    [
                        822,
                        202
                    ],
                    [
                        820,
                        204
                    ],
                    [
                        819,
                        204
                    ],
                    [
                        817,
                        206
                    ],
                    [
                        816,
                        206
                    ],
                    [
                        809,
                        213
                    ],
                    [
                        809,
                        214
                    ],
                    [
                        804,
                        219
                    ],
                    [
                        803,
                        219
                    ],
                    [
                        801,
                        221
                    ],
                    [
                        800,
                        221
                    ],
                    [
                        800,
                        222
                    ],
                    [
                        799,
                        223
                    ],
                    [
                        799,
                        224
                    ],
                    [
                        798,
                        225
                    ],
                    [
                        796,
                        225
                    ],
                    [
                        795,
                        226
                    ],
                    [
                        794,
                        226
                    ],
                    [
                        792,
                        228
                    ],
                    [
                        791,
                        228
                    ],
                    [
                        790,
                        229
                    ],
                    [
                        789,
                        229
                    ],
                    [
                        787,
                        231
                    ],
                    [
                        787,
                        232
                    ],
                    [
                        786,
                        233
                    ],
                    [
                        786,
                        235
                    ],
                    [
                        785,
                        236
                    ],
                    [
                        785,
                        239
                    ],
                    [
                        784,
                        240
                    ],
                    [
                        784,
                        241
                    ],
                    [
                        783,
                        242
                    ],
                    [
                        782,
                        242
                    ],
                    [
                        781,
                        243
                    ],
                    [
                        781,
                        247
                    ],
                    [
                        780,
                        248
                    ],
                    [
                        780,
                        260
                    ],
                    [
                        781,
                        261
                    ],
                    [
                        781,
                        265
                    ],
                    [
                        782,
                        266
                    ],
                    [
                        782,
                        269
                    ],
                    [
                        783,
                        270
                    ],
                    [
                        784,
                        270
                    ],
                    [
                        785,
                        271
                    ],
                    [
                        786,
                        271
                    ],
                    [
                        787,
                        272
                    ],
                    [
                        790,
                        272
                    ],
                    [
                        791,
                        271
                    ],
                    [
                        792,
                        271
                    ],
                    [
                        794,
                        269
                    ],
                    [
                        795,
                        269
                    ],
                    [
                        796,
                        268
                    ],
                    [
                        799,
                        268
                    ],
                    [
                        800,
                        269
                    ],
                    [
                        801,
                        269
                    ],
                    [
                        802,
                        270
                    ],
                    [
                        803,
                        270
                    ],
                    [
                        804,
                        271
                    ],
                    [
                        806,
                        271
                    ],
                    [
                        807,
                        272
                    ],
                    [
                        808,
                        272
                    ],
                    [
                        809,
                        273
                    ],
                    [
                        810,
                        273
                    ],
                    [
                        811,
                        274
                    ],
                    [
                        811,
                        275
                    ],
                    [
                        812,
                        275
                    ],
                    [
                        814,
                        277
                    ],
                    [
                        814,
                        279
                    ],
                    [
                        815,
                        280
                    ],
                    [
                        815,
                        283
                    ],
                    [
                        816,
                        284
                    ],
                    [
                        816,
                        287
                    ],
                    [
                        819,
                        290
                    ],
                    [
                        819,
                        291
                    ],
                    [
                        820,
                        292
                    ],
                    [
                        822,
                        292
                    ],
                    [
                        823,
                        293
                    ],
                    [
                        829,
                        293
                    ],
                    [
                        830,
                        292
                    ],
                    [
                        832,
                        292
                    ],
                    [
                        832,
                        291
                    ],
                    [
                        833,
                        290
                    ],
                    [
                        833,
                        289
                    ],
                    [
                        834,
                        288
                    ],
                    [
                        834,
                        285
                    ],
                    [
                        835,
                        284
                    ],
                    [
                        835,
                        283
                    ],
                    [
                        838,
                        280
                    ],
                    [
                        839,
                        280
                    ],
                    [
                        840,
                        279
                    ],
                    [
                        846,
                        279
                    ],
                    [
                        847,
                        280
                    ],
                    [
                        851,
                        280
                    ],
                    [
                        852,
                        281
                    ],
                    [
                        868,
                        281
                    ],
                    [
                        869,
                        282
                    ],
                    [
                        876,
                        282
                    ],
                    [
                        877,
                        283
                    ],
                    [
                        880,
                        283
                    ],
                    [
                        882,
                        281
                    ],
                    [
                        883,
                        281
                    ],
                    [
                        883,
                        279
                    ],
                    [
                        884,
                        278
                    ],
                    [
                        884,
                        275
                    ],
                    [
                        883,
                        274
                    ],
                    [
                        883,
                        271
                    ],
                    [
                        882,
                        270
                    ],
                    [
                        882,
                        269
                    ],
                    [
                        880,
                        267
                    ],
                    [
                        880,
                        262
                    ],
                    [
                        881,
                        261
                    ],
                    [
                        881,
                        260
                    ],
                    [
                        883,
                        258
                    ],
                    [
                        883,
                        254
                    ],
                    [
                        884,
                        253
                    ],
                    [
                        884,
                        245
                    ],
                    [
                        885,
                        244
                    ],
                    [
                        885,
                        241
                    ],
                    [
                        886,
                        240
                    ],
                    [
                        886,
                        239
                    ],
                    [
                        889,
                        236
                    ],
                    [
                        890,
                        236
                    ],
                    [
                        891,
                        235
                    ],
                    [
                        893,
                        235
                    ],
                    [
                        894,
                        234
                    ],
                    [
                        896,
                        234
                    ],
                    [
                        897,
                        233
                    ],
                    [
                        899,
                        233
                    ],
                    [
                        900,
                        232
                    ],
                    [
                        905,
                        232
                    ],
                    [
                        906,
                        231
                    ],
                    [
                        910,
                        231
                    ],
                    [
                        911,
                        230
                    ],
                    [
                        917,
                        230
                    ],
                    [
                        918,
                        229
                    ],
                    [
                        926,
                        229
                    ],
                    [
                        927,
                        228
                    ],
                    [
                        928,
                        228
                    ],
                    [
                        930,
                        226
                    ],
                    [
                        931,
                        226
                    ],
                    [
                        931,
                        225
                    ],
                    [
                        933,
                        223
                    ],
                    [
                        933,
                        219
                    ],
                    [
                        929,
                        215
                    ],
                    [
                        928,
                        215
                    ],
                    [
                        927,
                        214
                    ],
                    [
                        926,
                        214
                    ],
                    [
                        925,
                        213
                    ],
                    [
                        924,
                        213
                    ],
                    [
                        921,
                        210
                    ],
                    [
                        920,
                        210
                    ],
                    [
                        918,
                        208
                    ],
                    [
                        917,
                        208
                    ],
                    [
                        916,
                        207
                    ],
                    [
                        915,
                        207
                    ],
                    [
                        914,
                        206
                    ],
                    [
                        912,
                        206
                    ],
                    [
                        911,
                        205
                    ],
                    [
                        908,
                        205
                    ],
                    [
                        907,
                        204
                    ],
                    [
                        903,
                        204
                    ],
                    [
                        902,
                        203
                    ],
                    [
                        894,
                        203
                    ],
                    [
                        893,
                        202
                    ],
                    [
                        886,
                        202
                    ],
                    [
                        885,
                        201
                    ],
                    [
                        884,
                        201
                    ],
                    [
                        883,
                        200
                    ],
                    [
                        874,
                        200
                    ],
                    [
                        873,
                        199
                    ],
                    [
                        850,
                        199
                    ],
                    [
                        849,
                        198
                    ]
                ],
                "interior": []
            }
        },
        {
            "id": 159511977,
            "classId": 6551258,
            "objectId": null,
            "description": "",
            "geometryType": "rectangle",
            "labelerLogin": "inbox@datasetninja.com",
            "createdAt": "2024-03-12T15:20:50.589Z",
            "updatedAt": "2024-03-12T15:20:50.589Z",
            "tags": [
                {
                    "id": 121971143,
                    "tagId": 32511,
                    "name": "object id",
                    "value": 1068,
                    "labelerLogin": "inbox@datasetninja.com",
                    "createdAt": "2024-03-12T15:20:50.589Z",
                    "updatedAt": "2024-03-12T15:20:50.589Z"
                },
                {
                    "id": 121971144,
                    "tagId": 32513,
                    "name": "instance id",
                    "value": 68,
                    "labelerLogin": "inbox@datasetninja.com",
                    "createdAt": "2024-03-12T15:20:50.589Z",
                    "updatedAt": "2024-03-12T15:20:50.589Z"
                }
            ],
            "classTitle": "car",
            "points": {
                "exterior": [
                    [
                        780,
                        198
                    ],
                    [
                        933,
                        293
                    ]
                ],
                "interior": []
            }
        },
        {
            "id": 159511978,
            "classId": 6551258,
            "objectId": null,
            "description": "",
            "geometryType": "polygon",
            "labelerLogin": "inbox@datasetninja.com",
            "createdAt": "2024-03-12T15:20:50.593Z",
            "updatedAt": "2024-03-12T15:20:50.593Z",
            "tags": [
                {
                    "id": 121971145,
                    "tagId": 32511,
                    "name": "object id",
                    "value": 1069,
                    "labelerLogin": "inbox@datasetninja.com",
                    "createdAt": "2024-03-12T15:20:50.592Z",
                    "updatedAt": "2024-03-12T15:20:50.592Z"
                },
                {
                    "id": 121971146,
                    "tagId": 32513,
                    "name": "instance id",
                    "value": 69,
                    "labelerLogin": "inbox@datasetninja.com",
                    "createdAt": "2024-03-12T15:20:50.592Z",
                    "updatedAt": "2024-03-12T15:20:50.592Z"
                }
            ],
            "classTitle": "car",
            "points": {
                "exterior": [
                    [
                        769,
                        187
                    ],
                    [
                        768,
                        188
                    ],
                    [
                        766,
                        188
                    ],
                    [
                        765,
                        189
                    ],
                    [
                        762,
                        189
                    ],
                    [
                        760,
                        191
                    ],
                    [
                        759,
                        191
                    ],
                    [
                        752,
                        198
                    ],
                    [
                        752,
                        199
                    ],
                    [
                        751,
                        200
                    ],
                    [
                        750,
                        200
                    ],
                    [
                        749,
                        201
                    ],
                    [
                        749,
                        202
                    ],
                    [
                        744,
                        207
                    ],
                    [
                        744,
                        210
                    ],
                    [
                        742,
                        212
                    ],
                    [
                        742,
                        214
                    ],
                    [
                        741,
                        215
                    ],
                    [
                        741,
                        217
                    ],
                    [
                        740,
                        218
                    ],
                    [
                        740,
                        219
                    ],
                    [
                        739,
                        220
                    ],
                    [
                        739,
                        221
                    ],
                    [
                        738,
                        222
                    ],
                    [
                        738,
                        226
                    ],
                    [
                        737,
                        227
                    ],
                    [
                        737,
                        239
                    ],
                    [
                        738,
                        240
                    ],
                    [
                        738,
                        242
                    ],
                    [
                        739,
                        243
                    ],
                    [
                        741,
                        243
                    ],
                    [
                        742,
                        244
                    ],
                    [
                        743,
                        244
                    ],
                    [
                        744,
                        243
                    ],
                    [
                        747,
                        243
                    ],
                    [
                        748,
                        242
                    ],
                    [
                        749,
                        242
                    ],
                    [
                        750,
                        243
                    ],
                    [
                        751,
                        243
                    ],
                    [
                        753,
                        245
                    ],
                    [
                        754,
                        245
                    ],
                    [
                        755,
                        246
                    ],
                    [
                        755,
                        247
                    ],
                    [
                        758,
                        250
                    ],
                    [
                        759,
                        250
                    ],
                    [
                        760,
                        251
                    ],
                    [
                        761,
                        251
                    ],
                    [
                        762,
                        252
                    ],
                    [
                        766,
                        252
                    ],
                    [
                        767,
                        251
                    ],
                    [
                        768,
                        251
                    ],
                    [
                        770,
                        249
                    ],
                    [
                        770,
                        247
                    ],
                    [
                        774,
                        243
                    ],
                    [
                        777,
                        243
                    ],
                    [
                        778,
                        242
                    ],
                    [
                        781,
                        242
                    ],
                    [
                        782,
                        241
                    ],
                    [
                        783,
                        241
                    ],
                    [
                        783,
                        240
                    ],
                    [
                        784,
                        239
                    ],
                    [
                        784,
                        236
                    ],
                    [
                        785,
                        235
                    ],
                    [
                        785,
                        233
                    ],
                    [
                        786,
                        232
                    ],
                    [
                        786,
                        231
                    ],
                    [
                        789,
                        228
                    ],
                    [
                        790,
                        228
                    ],
                    [
                        791,
                        227
                    ],
                    [
                        792,
                        227
                    ],
                    [
                        794,
                        225
                    ],
                    [
                        795,
                        225
                    ],
                    [
                        796,
                        224
                    ],
                    [
                        798,
                        224
                    ],
                    [
                        798,
                        223
                    ],
                    [
                        799,
                        222
                    ],
                    [
                        799,
                        221
                    ],
                    [
                        800,
                        220
                    ],
                    [
                        801,
                        220
                    ],
                    [
                        803,
                        218
                    ],
                    [
                        804,
                        218
                    ],
                    [
                        808,
                        214
                    ],
                    [
                        808,
                        213
                    ],
                    [
                        816,
                        205
                    ],
                    [
                        817,
                        205
                    ],
                    [
                        819,
                        203
                    ],
                    [
                        820,
                        203
                    ],
                    [
                        822,
                        201
                    ],
                    [
                        823,
                        201
                    ],
                    [
                        825,
                        199
                    ],
                    [
                        824,
                        198
                    ],
                    [
                        824,
                        196
                    ],
                    [
                        822,
                        194
                    ],
                    [
                        822,
                        193
                    ],
                    [
                        820,
                        191
                    ],
                    [
                        818,
                        191
                    ],
                    [
                        817,
                        190
                    ],
                    [
                        814,
                        190
                    ],
                    [
                        813,
                        189
                    ],
                    [
                        808,
                        189
                    ],
                    [
                        807,
                        188
                    ],
                    [
                        799,
                        188
                    ],
                    [
                        798,
                        187
                    ]
                ],
                "interior": []
            }
        },
        {
            "id": 159511979,
            "classId": 6551258,
            "objectId": null,
            "description": "",
            "geometryType": "rectangle",
            "labelerLogin": "inbox@datasetninja.com",
            "createdAt": "2024-03-12T15:20:50.596Z",
            "updatedAt": "2024-03-12T15:20:50.596Z",
            "tags": [
                {
                    "id": 121971147,
                    "tagId": 32511,
                    "name": "object id",
                    "value": 1069,
                    "labelerLogin": "inbox@datasetninja.com",
                    "createdAt": "2024-03-12T15:20:50.595Z",
                    "updatedAt": "2024-03-12T15:20:50.595Z"
                },
                {
                    "id": 121971148,
                    "tagId": 32513,
                    "name": "instance id",
                    "value": 69,
                    "labelerLogin": "inbox@datasetninja.com",
                    "createdAt": "2024-03-12T15:20:50.595Z",
                    "updatedAt": "2024-03-12T15:20:50.595Z"
                }
            ],
            "classTitle": "car",
            "points": {
                "exterior": [
                    [
                        737,
                        187
                    ],
                    [
                        825,
                        252
                    ]
                ],
                "interior": []
            }
        },
        {
            "id": 159511980,
            "classId": 6551258,
            "objectId": null,
            "description": "",
            "geometryType": "polygon",
            "labelerLogin": "inbox@datasetninja.com",
            "createdAt": "2024-03-12T15:20:50.598Z",
            "updatedAt": "2024-03-12T15:20:50.598Z",
            "tags": [
                {
                    "id": 121971149,
                    "tagId": 32511,
                    "name": "object id",
                    "value": 1070,
                    "labelerLogin": "inbox@datasetninja.com",
                    "createdAt": "2024-03-12T15:20:50.598Z",
                    "updatedAt": "2024-03-12T15:20:50.598Z"
                },
                {
                    "id": 121971150,
                    "tagId": 32513,
                    "name": "instance id",
                    "value": 70,
                    "labelerLogin": "inbox@datasetninja.com",
                    "createdAt": "2024-03-12T15:20:50.598Z",
                    "updatedAt": "2024-03-12T15:20:50.598Z"
                }
            ],
            "classTitle": "car",
            "points": {
                "exterior": [
                    [
                        738,
                        187
                    ],
                    [
                        737,
                        188
                    ],
                    [
                        734,
                        188
                    ],
                    [
                        731,
                        191
                    ],
                    [
                        731,
                        192
                    ],
                    [
                        730,
                        193
                    ],
                    [
                        730,
                        194
                    ],
                    [
                        724,
                        200
                    ],
                    [
                        724,
                        201
                    ],
                    [
                        722,
                        203
                    ],
                    [
                        722,
                        204
                    ],
                    [
                        721,
                        205
                    ],
                    [
                        721,
                        206
                    ],
                    [
                        720,
                        207
                    ],
                    [
                        720,
                        208
                    ],
                    [
                        719,
                        209
                    ],
                    [
                        719,
                        215
                    ],
                    [
                        718,
                        216
                    ],
                    [
                        718,
                        217
                    ],
                    [
                        717,
                        218
                    ],
                    [
                        717,
                        223
                    ],
                    [
                        718,
                        224
                    ],
                    [
                        718,
                        226
                    ],
                    [
                        724,
                        226
                    ],
                    [
                        725,
                        227
                    ],
                    [
                        725,
                        229
                    ],
                    [
                        726,
                        230
                    ],
                    [
                        726,
                        231
                    ],
                    [
                        727,
                        232
                    ],
                    [
                        727,
                        233
                    ],
                    [
                        728,
                        234
                    ],
                    [
                        732,
                        234
                    ],
                    [
                        732,
                        233
                    ],
                    [
                        733,
                        232
                    ],
                    [
                        733,
                        231
                    ],
                    [
                        734,
                        230
                    ],
                    [
                        734,
                        229
                    ],
                    [
                        737,
                        226
                    ],
                    [
                        737,
                        222
                    ],
                    [
                        738,
                        221
                    ],
                    [
                        738,
                        220
                    ],
                    [
                        739,
                        219
                    ],
                    [
                        739,
                        218
                    ],
                    [
                        740,
                        217
                    ],
                    [
                        740,
                        215
                    ],
                    [
                        741,
                        214
                    ],
                    [
                        741,
                        212
                    ],
                    [
                        743,
                        210
                    ],
                    [
                        743,
                        207
                    ],
                    [
                        748,
                        202
                    ],
                    [
                        748,
                        201
                    ],
                    [
                        751,
                        198
                    ],
                    [
                        751,
                        197
                    ],
                    [
                        755,
                        193
                    ],
                    [
                        755,
                        192
                    ],
                    [
                        756,
                        191
                    ],
                    [
                        756,
                        188
                    ],
                    [
                        753,
                        188
                    ],
                    [
                        752,
                        187
                    ],
                    [
                        750,
                        187
                    ],
                    [
                        749,
                        188
                    ],
                    [
                        745,
                        188
                    ],
                    [
                        744,
                        187
                    ]
                ],
                "interior": []
            }
        },
        {
            "id": 159511981,
            "classId": 6551258,
            "objectId": null,
            "description": "",
            "geometryType": "rectangle",
            "labelerLogin": "inbox@datasetninja.com",
            "createdAt": "2024-03-12T15:20:50.600Z",
            "updatedAt": "2024-03-12T15:20:50.600Z",
            "tags": [
                {
                    "id": 121971151,
                    "tagId": 32511,
                    "name": "object id",
                    "value": 1070,
                    "labelerLogin": "inbox@datasetninja.com",
                    "createdAt": "2024-03-12T15:20:50.599Z",
                    "updatedAt": "2024-03-12T15:20:50.599Z"
                },
                {
                    "id": 121971152,
                    "tagId": 32513,
                    "name": "instance id",
                    "value": 70,
                    "labelerLogin": "inbox@datasetninja.com",
                    "createdAt": "2024-03-12T15:20:50.599Z",
                    "updatedAt": "2024-03-12T15:20:50.599Z"
                }
            ],
            "classTitle": "car",
            "points": {
                "exterior": [
                    [
                        717,
                        187
                    ],
                    [
                        756,
                        234
                    ]
                ],
                "interior": []
            }
        },
        {
            "id": 159511982,
            "classId": 6551258,
            "objectId": null,
            "description": "",
            "geometryType": "polygon",
            "labelerLogin": "inbox@datasetninja.com",
            "createdAt": "2024-03-12T15:20:50.602Z",
            "updatedAt": "2024-03-12T15:20:50.602Z",
            "tags": [
                {
                    "id": 121971153,
                    "tagId": 32511,
                    "name": "object id",
                    "value": 1072,
                    "labelerLogin": "inbox@datasetninja.com",
                    "createdAt": "2024-03-12T15:20:50.602Z",
                    "updatedAt": "2024-03-12T15:20:50.602Z"
                },
                {
                    "id": 121971154,
                    "tagId": 32513,
                    "name": "instance id",
                    "value": 72,
                    "labelerLogin": "inbox@datasetninja.com",
                    "createdAt": "2024-03-12T15:20:50.602Z",
                    "updatedAt": "2024-03-12T15:20:50.602Z"
                }
            ],
            "classTitle": "car",
            "points": {
                "exterior": [
                    [
                        715,
                        186
                    ],
                    [
                        714,
                        187
                    ],
                    [
                        712,
                        187
                    ],
                    [
                        709,
                        190
                    ],
                    [
                        709,
                        191
                    ],
                    [
                        708,
                        192
                    ],
                    [
                        708,
                        193
                    ],
                    [
                        707,
                        194
                    ],
                    [
                        707,
                        195
                    ],
                    [
                        706,
                        196
                    ],
                    [
                        706,
                        197
                    ],
                    [
                        705,
                        198
                    ],
                    [
                        705,
                        199
                    ],
                    [
                        704,
                        200
                    ],
                    [
                        704,
                        201
                    ],
                    [
                        703,
                        202
                    ],
                    [
                        703,
                        205
                    ],
                    [
                        702,
                        206
                    ],
                    [
                        702,
                        216
                    ],
                    [
                        704,
                        218
                    ],
                    [
                        705,
                        218
                    ],
                    [
                        706,
                        217
                    ],
                    [
                        708,
                        217
                    ],
                    [
                        711,
                        220
                    ],
                    [
                        715,
                        220
                    ],
                    [
                        716,
                        219
                    ],
                    [
                        716,
                        218
                    ],
                    [
                        717,
                        217
                    ],
                    [
                        717,
                        216
                    ],
                    [
                        718,
                        215
                    ],
                    [
                        718,
                        209
                    ],
                    [
                        719,
                        208
                    ],
                    [
                        719,
                        207
                    ],
                    [
                        720,
                        206
                    ],
                    [
                        720,
                        205
                    ],
                    [
                        721,
                        204
                    ],
                    [
                        721,
                        203
                    ],
                    [
                        723,
                        201
                    ],
                    [
                        723,
                        200
                    ],
                    [
                        729,
                        194
                    ],
                    [
                        729,
                        193
                    ],
                    [
                        730,
                        192
                    ],
                    [
                        730,
                        191
                    ],
                    [
                        733,
                        188
                    ],
                    [
                        733,
                        187
                    ],
                    [
                        732,
                        186
                    ]
                ],
                "interior": []
            }
        },
        {
            "id": 159511983,
            "classId": 6551258,
            "objectId": null,
            "description": "",
            "geometryType": "rectangle",
            "labelerLogin": "inbox@datasetninja.com",
            "createdAt": "2024-03-12T15:20:50.604Z",
            "updatedAt": "2024-03-12T15:20:50.604Z",
            "tags": [
                {
                    "id": 121971155,
                    "tagId": 32511,
                    "name": "object id",
                    "value": 1072,
                    "labelerLogin": "inbox@datasetninja.com",
                    "createdAt": "2024-03-12T15:20:50.604Z",
                    "updatedAt": "2024-03-12T15:20:50.604Z"
                },
                {
                    "id": 121971156,
                    "tagId": 32513,
                    "name": "instance id",
                    "value": 72,
                    "labelerLogin": "inbox@datasetninja.com",
                    "createdAt": "2024-03-12T15:20:50.604Z",
                    "updatedAt": "2024-03-12T15:20:50.604Z"
                }
            ],
            "classTitle": "car",
            "points": {
                "exterior": [
                    [
                        702,
                        186
                    ],
                    [
                        733,
                        220
                    ]
                ],
                "interior": []
            }
        },
        {
            "id": 159511984,
            "classId": 6551258,
            "objectId": null,
            "description": "",
            "geometryType": "polygon",
            "labelerLogin": "inbox@datasetninja.com",
            "createdAt": "2024-03-12T15:20:50.605Z",
            "updatedAt": "2024-03-12T15:20:50.605Z",
            "tags": [
                {
                    "id": 121971157,
                    "tagId": 32511,
                    "name": "object id",
                    "value": 1075,
                    "labelerLogin": "inbox@datasetninja.com",
                    "createdAt": "2024-03-12T15:20:50.605Z",
                    "updatedAt": "2024-03-12T15:20:50.605Z"
                },
                {
                    "id": 121971158,
                    "tagId": 32513,
                    "name": "instance id",
                    "value": 75,
                    "labelerLogin": "inbox@datasetninja.com",
                    "createdAt": "2024-03-12T15:20:50.605Z",
                    "updatedAt": "2024-03-12T15:20:50.605Z"
                }
            ],
            "classTitle": "car",
            "points": {
                "exterior": [
                    [
                        578,
                        185
                    ],
                    [
                        577,
                        186
                    ],
                    [
                        576,
                        186
                    ],
                    [
                        572,
                        190
                    ],
                    [
                        572,
                        191
                    ],
                    [
                        571,
                        192
                    ],
                    [
                        571,
                        201
                    ],
                    [
                        572,
                        202
                    ],
                    [
                        575,
                        202
                    ],
                    [
                        576,
                        203
                    ],
                    [
                        590,
                        203
                    ],
                    [
                        591,
                        202
                    ],
                    [
                        593,
                        202
                    ],
                    [
                        594,
                        201
                    ],
                    [
                        595,
                        201
                    ],
                    [
                        596,
                        200
                    ],
                    [
                        596,
                        199
                    ],
                    [
                        597,
                        198
                    ],
                    [
                        597,
                        191
                    ],
                    [
                        592,
                        186
                    ],
                    [
                        590,
                        186
                    ],
                    [
                        589,
                        185
                    ]
                ],
                "interior": []
            }
        },
        {
            "id": 159511985,
            "classId": 6551258,
            "objectId": null,
            "description": "",
            "geometryType": "rectangle",
            "labelerLogin": "inbox@datasetninja.com",
            "createdAt": "2024-03-12T15:20:50.607Z",
            "updatedAt": "2024-03-12T15:20:50.607Z",
            "tags": [
                {
                    "id": 121971159,
                    "tagId": 32511,
                    "name": "object id",
                    "value": 1075,
                    "labelerLogin": "inbox@datasetninja.com",
                    "createdAt": "2024-03-12T15:20:50.607Z",
                    "updatedAt": "2024-03-12T15:20:50.607Z"
                },
                {
                    "id": 121971160,
                    "tagId": 32513,
                    "name": "instance id",
                    "value": 75,
                    "labelerLogin": "inbox@datasetninja.com",
                    "createdAt": "2024-03-12T15:20:50.607Z",
                    "updatedAt": "2024-03-12T15:20:50.607Z"
                }
            ],
            "classTitle": "car",
            "points": {
                "exterior": [
                    [
                        571,
                        185
                    ],
                    [
                        597,
                        203
                    ]
                ],
                "interior": []
            }
        },
        {
            "id": 159511986,
            "classId": 6551259,
            "objectId": null,
            "description": "",
            "geometryType": "polygon",
            "labelerLogin": "inbox@datasetninja.com",
            "createdAt": "2024-03-12T15:20:50.608Z",
            "updatedAt": "2024-03-12T15:20:50.608Z",
            "tags": [],
            "classTitle": "ignore region",
            "points": {
                "exterior": [
                    [
                        522,
                        187
                    ],
                    [
                        522,
                        188
                    ],
                    [
                        525,
                        188
                    ],
                    [
                        534,
                        197
                    ],
                    [
                        534,
                        198
                    ],
                    [
                        536,
                        200
                    ],
                    [
                        536,
                        201
                    ],
                    [
                        537,
                        202
                    ],
                    [
                        537,
                        204
                    ],
                    [
                        538,
                        205
                    ],
                    [
                        538,
                        208
                    ],
                    [
                        539,
                        209
                    ],
                    [
                        539,
                        222
                    ],
                    [
                        538,
                        223
                    ],
                    [
                        537,
                        223
                    ],
                    [
                        536,
                        224
                    ],
                    [
                        535,
                        224
                    ],
                    [
                        569,
                        224
                    ],
                    [
                        569,
                        187
                    ]
                ],
                "interior": []
            }
        },
        {
            "id": 159511987,
            "classId": 6551259,
            "objectId": null,
            "description": "",
            "geometryType": "rectangle",
            "labelerLogin": "inbox@datasetninja.com",
            "createdAt": "2024-03-12T15:20:50.609Z",
            "updatedAt": "2024-03-12T15:20:50.609Z",
            "tags": [],
            "classTitle": "ignore region",
            "points": {
                "exterior": [
                    [
                        522,
                        187
                    ],
                    [
                        569,
                        224
                    ]
                ],
                "interior": []
            }
        },
        {
            "id": 159511988,
            "classId": 6551259,
            "objectId": null,
            "description": "",
            "geometryType": "polygon",
            "labelerLogin": "inbox@datasetninja.com",
            "createdAt": "2024-03-12T15:20:50.610Z",
            "updatedAt": "2024-03-12T15:20:50.610Z",
            "tags": [],
            "classTitle": "ignore region",
            "points": {
                "exterior": [
                    [
                        592,
                        184
                    ],
                    [
                        592,
                        185
                    ],
                    [
                        598,
                        191
                    ],
                    [
                        598,
                        198
                    ],
                    [
                        597,
                        199
                    ],
                    [
                        608,
                        199
                    ],
                    [
                        608,
                        184
                    ]
                ],
                "interior": []
            }
        },
        {
            "id": 159511989,
            "classId": 6551259,
            "objectId": null,
            "description": "",
            "geometryType": "rectangle",
            "labelerLogin": "inbox@datasetninja.com",
            "createdAt": "2024-03-12T15:20:50.610Z",
            "updatedAt": "2024-03-12T15:20:50.610Z",
            "tags": [],
            "classTitle": "ignore region",
            "points": {
                "exterior": [
                    [
                        592,
                        184
                    ],
                    [
                        608,
                        199
                    ]
                ],
                "interior": []
            }
        },
        {
            "id": 159511990,
            "classId": 6551259,
            "objectId": null,
            "description": "",
            "geometryType": "polygon",
            "labelerLogin": "inbox@datasetninja.com",
            "createdAt": "2024-03-12T15:20:50.611Z",
            "updatedAt": "2024-03-12T15:20:50.611Z",
            "tags": [],
            "classTitle": "ignore region",
            "points": {
                "exterior": [
                    [
                        661,
                        175
                    ],
                    [
                        661,
                        179
                    ],
                    [
                        660,
                        180
                    ],
                    [
                        652,
                        180
                    ],
                    [
                        652,
                        200
                    ],
                    [
                        683,
                        200
                    ],
                    [
                        684,
                        201
                    ],
                    [
                        684,
                        221
                    ],
                    [
                        716,
                        221
                    ],
                    [
                        716,
                        220
                    ],
                    [
                        715,
                        221
                    ],
                    [
                        711,
                        221
                    ],
                    [
                        708,
                        218
                    ],
                    [
                        706,
                        218
                    ],
                    [
                        705,
                        219
                    ],
                    [
                        704,
                        219
                    ],
                    [
                        701,
                        216
                    ],
                    [
                        701,
                        206
                    ],
                    [
                        702,
                        205
                    ],
                    [
                        702,
                        202
                    ],
                    [
                        703,
                        201
                    ],
                    [
                        703,
                        200
                    ],
                    [
                        704,
                        199
                    ],
                    [
                        704,
                        198
                    ],
                    [
                        705,
                        197
                    ],
                    [
                        705,
                        196
                    ],
                    [
                        706,
                        195
                    ],
                    [
                        706,
                        194
                    ],
                    [
                        707,
                        193
                    ],
                    [
                        707,
                        192
                    ],
                    [
                        708,
                        191
                    ],
                    [
                        708,
                        190
                    ],
                    [
                        712,
                        186
                    ],
                    [
                        714,
                        186
                    ],
                    [
                        715,
                        185
                    ],
                    [
                        720,
                        185
                    ],
                    [
                        720,
                        176
                    ],
                    [
                        684,
                        176
                    ],
                    [
                        683,
                        175
                    ]
                ],
                "interior": []
            }
        },
        {
            "id": 159511991,
            "classId": 6551259,
            "objectId": null,
            "description": "",
            "geometryType": "rectangle",
            "labelerLogin": "inbox@datasetninja.com",
            "createdAt": "2024-03-12T15:20:50.611Z",
            "updatedAt": "2024-03-12T15:20:50.611Z",
            "tags": [],
            "classTitle": "ignore region",
            "points": {
                "exterior": [
                    [
                        652,
                        175
                    ],
                    [
                        720,
                        221
                    ]
                ],
                "interior": []
            }
        }
    ]
}