{
    "description": "",
    "tags": [
        {
            "id": 21884396,
            "tagId": 32512,
            "name": "sequence",
            "value": "0001",
            "labelerLogin": "inbox@datasetninja.com",
            "createdAt": "2024-03-12T15:20:57.355Z",
            "updatedAt": "2024-03-12T15:20:57.355Z"
        }
    ],
    "size": {
        "height": 375,
        "width": 1242
    },
    "objects": [
        {
            "id": 159513206,
            "classId": 6551258,
            "objectId": null,
            "description": "",
            "geometryType": "polygon",
            "labelerLogin": "inbox@datasetninja.com",
            "createdAt": "2024-03-12T15:20:57.356Z",
            "updatedAt": "2024-03-12T15:20:57.356Z",
            "tags": [
                {
                    "id": 121972789,
                    "tagId": 32511,
                    "name": "object id",
                    "value": 1059,
                    "labelerLogin": "inbox@datasetninja.com",
                    "createdAt": "2024-03-12T15:20:57.355Z",
                    "updatedAt": "2024-03-12T15:20:57.355Z"
                },
                {
                    "id": 121972790,
                    "tagId": 32513,
                    "name": "instance id",
                    "value": 59,
                    "labelerLogin": "inbox@datasetninja.com",
                    "createdAt": "2024-03-12T15:20:57.355Z",
                    "updatedAt": "2024-03-12T15:20:57.355Z"
                }
            ],
            "classTitle": "car",
            "points": {
                "exterior": [
                    [
                        144,
                        198
                    ],
                    [
                        143,
                        199
                    ],
                    [
                        133,
                        199
                    ],
                    [
                        132,
                        200
                    ],
                    [
                        109,
                        200
                    ],
                    [
                        108,
                        201
                    ],
                    [
                        97,
                        201
                    ],
                    [
                        96,
                        202
                    ],
                    [
                        89,
                        202
                    ],
                    [
                        88,
                        203
                    ],
                    [
                        78,
                        203
                    ],
                    [
                        77,
                        204
                    ],
                    [
                        74,
                        204
                    ],
                    [
                        73,
                        205
                    ],
                    [
                        65,
                        205
                    ],
                    [
                        64,
                        206
                    ],
                    [
                        54,
                        206
                    ],
                    [
                        53,
                        207
                    ],
                    [
                        42,
                        207
                    ],
                    [
                        41,
                        208
                    ],
                    [
                        34,
                        208
                    ],
                    [
                        33,
                        209
                    ],
                    [
                        21,
                        209
                    ],
                    [
                        20,
                        210
                    ],
                    [
                        17,
                        210
                    ],
                    [
                        16,
                        211
                    ],
                    [
                        12,
                        211
                    ],
                    [
                        11,
                        212
                    ],
                    [
                        8,
                        212
                    ],
                    [
                        7,
                        213
                    ],
                    [
                        4,
                        213
                    ],
                    [
                        3,
                        214
                    ],
                    [
                        2,
                        214
                    ],
                    [
                        0,
                        216
                    ],
                    [
                        0,
                        374
                    ],
                    [
                        129,
                        374
                    ],
                    [
                        129,
                        373
                    ],
                    [
                        130,
                        372
                    ],
                    [
                        132,
                        372
                    ],
                    [
                        133,
                        371
                    ],
                    [
                        138,
                        371
                    ],
                    [
                        139,
                        370
                    ],
                    [
                        141,
                        370
                    ],
                    [
                        142,
                        369
                    ],
                    [
                        144,
                        369
                    ],
                    [
                        145,
                        368
                    ],
                    [
                        148,
                        368
                    ],
                    [
                        149,
                        367
                    ],
                    [
                        151,
                        367
                    ],
                    [
                        153,
                        365
                    ],
                    [
                        155,
                        365
                    ],
                    [
                        156,
                        364
                    ],
                    [
                        159,
                        364
                    ],
                    [
                        160,
                        363
                    ],
                    [
                        161,
                        363
                    ],
                    [
                        162,
                        362
                    ],
                    [
                        163,
                        362
                    ],
                    [
                        164,
                        361
                    ],
                    [
                        165,
                        361
                    ],
                    [
                        166,
                        360
                    ],
                    [
                        169,
                        360
                    ],
                    [
                        170,
                        359
                    ],
                    [
                        172,
                        359
                    ],
                    [
                        173,
                        358
                    ],
                    [
                        174,
                        358
                    ],
                    [
                        175,
                        357
                    ],
                    [
                        176,
                        357
                    ],
                    [
                        177,
                        356
                    ],
                    [
                        179,
                        356
                    ],
                    [
                        180,
                        355
                    ],
                    [
                        181,
                        355
                    ],
                    [
                        182,
                        354
                    ],
                    [
                        184,
                        354
                    ],
                    [
                        185,
                        353
                    ],
                    [
                        187,
                        353
                    ],
                    [
                        188,
                        352
                    ],
                    [
                        189,
                        352
                    ],
                    [
                        190,
                        351
                    ],
                    [
                        193,
                        351
                    ],
                    [
                        194,
                        350
                    ],
                    [
                        195,
                        350
                    ],
                    [
                        196,
                        349
                    ],
                    [
                        198,
                        349
                    ],
                    [
                        199,
                        348
                    ],
                    [
                        201,
                        348
                    ],
                    [
                        203,
                        346
                    ],
                    [
                        205,
                        346
                    ],
                    [
                        206,
                        345
                    ],
                    [
                        207,
                        345
                    ],
                    [
                        208,
                        344
                    ],
                    [
                        209,
                        344
                    ],
                    [
                        210,
                        343
                    ],
                    [
                        213,
                        343
                    ],
                    [
                        214,
                        342
                    ],
                    [
                        216,
                        342
                    ],
                    [
                        217,
                        341
                    ],
                    [
                        218,
                        341
                    ],
                    [
                        219,
                        340
                    ],
                    [
                        221,
                        340
                    ],
                    [
                        222,
                        339
                    ],
                    [
                        223,
                        339
                    ],
                    [
                        224,
                        338
                    ],
                    [
                        233,
                        338
                    ],
                    [
                        235,
                        340
                    ],
                    [
                        236,
                        340
                    ],
                    [
                        238,
                        342
                    ],
                    [
                        240,
                        342
                    ],
                    [
                        241,
                        343
                    ],
                    [
                        242,
                        343
                    ],
                    [
                        244,
                        345
                    ],
                    [
                        256,
                        345
                    ],
                    [
                        257,
                        344
                    ],
                    [
                        258,
                        344
                    ],
                    [
                        259,
                        343
                    ],
                    [
                        261,
                        343
                    ],
                    [
                        262,
                        342
                    ],
                    [
                        263,
                        342
                    ],
                    [
                        272,
                        333
                    ],
                    [
                        272,
                        332
                    ],
                    [
                        273,
                        331
                    ],
                    [
                        273,
                        329
                    ],
                    [
                        274,
                        328
                    ],
                    [
                        274,
                        327
                    ],
                    [
                        275,
                        326
                    ],
                    [
                        275,
                        323
                    ],
                    [
                        274,
                        322
                    ],
                    [
                        274,
                        321
                    ],
                    [
                        273,
                        320
                    ],
                    [
                        273,
                        318
                    ],
                    [
                        272,
                        317
                    ],
                    [
                        272,
                        313
                    ],
                    [
                        273,
                        312
                    ],
                    [
                        273,
                        305
                    ],
                    [
                        274,
                        304
                    ],
                    [
                        274,
                        303
                    ],
                    [
                        272,
                        301
                    ],
                    [
                        272,
                        300
                    ],
                    [
                        271,
                        299
                    ],
                    [
                        271,
                        286
                    ],
                    [
                        270,
                        285
                    ],
                    [
                        270,
                        284
                    ],
                    [
                        269,
                        283
                    ],
                    [
                        269,
                        282
                    ],
                    [
                        268,
                        281
                    ],
                    [
                        268,
                        278
                    ],
                    [
                        267,
                        277
                    ],
                    [
                        267,
                        276
                    ],
                    [
                        266,
                        275
                    ],
                    [
                        266,
                        273
                    ],
                    [
                        265,
                        272
                    ],
                    [
                        265,
                        271
                    ],
                    [
                        263,
                        269
                    ],
                    [
                        263,
                        266
                    ],
                    [
                        262,
                        265
                    ],
                    [
                        262,
                        263
                    ],
                    [
                        261,
                        262
                    ],
                    [
                        261,
                        260
                    ],
                    [
                        260,
                        259
                    ],
                    [
                        260,
                        257
                    ],
                    [
                        259,
                        256
                    ],
                    [
                        259,
                        254
                    ],
                    [
                        258,
                        253
                    ],
                    [
                        258,
                        251
                    ],
                    [
                        256,
                        249
                    ],
                    [
                        256,
                        246
                    ],
                    [
                        253,
                        243
                    ],
                    [
                        253,
                        241
                    ],
                    [
                        252,
                        241
                    ],
                    [
                        250,
                        239
                    ],
                    [
                        250,
                        238
                    ],
                    [
                        248,
                        236
                    ],
                    [
                        248,
                        234
                    ],
                    [
                        246,
                        232
                    ],
                    [
                        246,
                        230
                    ],
                    [
                        245,
                        229
                    ],
                    [
                        245,
                        227
                    ],
                    [
                        244,
                        226
                    ],
                    [
                        244,
                        225
                    ],
                    [
                        243,
                        224
                    ],
                    [
                        243,
                        222
                    ],
                    [
                        239,
                        218
                    ],
                    [
                        239,
                        217
                    ],
                    [
                        237,
                        215
                    ],
                    [
                        237,
                        214
                    ],
                    [
                        235,
                        212
                    ],
                    [
                        235,
                        211
                    ],
                    [
                        231,
                        207
                    ],
                    [
                        231,
                        206
                    ],
                    [
                        227,
                        202
                    ],
                    [
                        224,
                        202
                    ],
                    [
                        223,
                        201
                    ],
                    [
                        222,
                        201
                    ],
                    [
                        221,
                        200
                    ],
                    [
                        212,
                        200
                    ],
                    [
                        211,
                        199
                    ],
                    [
                        201,
                        199
                    ],
                    [
                        200,
                        198
                    ]
                ],
                "interior": []
            }
        },
        {
            "id": 159513207,
            "classId": 6551258,
            "objectId": null,
            "description": "",
            "geometryType": "rectangle",
            "labelerLogin": "inbox@datasetninja.com",
            "createdAt": "2024-03-12T15:20:57.356Z",
            "updatedAt": "2024-03-12T15:20:57.356Z",
            "tags": [
                {
                    "id": 121972791,
                    "tagId": 32511,
                    "name": "object id",
                    "value": 1059,
                    "labelerLogin": "inbox@datasetninja.com",
                    "createdAt": "2024-03-12T15:20:57.356Z",
                    "updatedAt": "2024-03-12T15:20:57.356Z"
                },
                {
                    "id": 121972792,
                    "tagId": 32513,
                    "name": "instance id",
                    "value": 59,
                    "labelerLogin": "inbox@datasetninja.com",
                    "createdAt": "2024-03-12T15:20:57.356Z",
                    "updatedAt": "2024-03-12T15:20:57.356Z"
                }
            ],
            "classTitle": "car",
            "points": {
                "exterior": [
                    [
                        0,
                        198
                    ],
                    [
                        275,
                        374
                    ]
                ],
                "interior": []
            }
        },
        {
            "id": 159513208,
            "classId": 6551258,
            "objectId": null,
            "description": "",
            "geometryType": "polygon",
            "labelerLogin": "inbox@datasetninja.com",
            "createdAt": "2024-03-12T15:20:57.357Z",
            "updatedAt": "2024-03-12T15:20:57.357Z",
            "tags": [
                {
                    "id": 121972793,
                    "tagId": 32511,
                    "name": "object id",
                    "value": 1061,
                    "labelerLogin": "inbox@datasetninja.com",
                    "createdAt": "2024-03-12T15:20:57.357Z",
                    "updatedAt": "2024-03-12T15:20:57.357Z"
                },
                {
                    "id": 121972794,
                    "tagId": 32513,
                    "name": "instance id",
                    "value": 61,
                    "labelerLogin": "inbox@datasetninja.com",
                    "createdAt": "2024-03-12T15:20:57.357Z",
                    "updatedAt": "2024-03-12T15:20:57.357Z"
                }
            ],
            "classTitle": "car",
            "points": {
                "exterior": [
                    [
                        333,
                        186
                    ],
                    [
                        332,
                        187
                    ],
                    [
                        319,
                        187
                    ],
                    [
                        318,
                        188
                    ],
                    [
                        316,
                        188
                    ],
                    [
                        315,
                        189
                    ],
                    [
                        306,
                        189
                    ],
                    [
                        305,
                        190
                    ],
                    [
                        298,
                        190
                    ],
                    [
                        297,
                        191
                    ],
                    [
                        293,
                        191
                    ],
                    [
                        292,
                        192
                    ],
                    [
                        290,
                        192
                    ],
                    [
                        289,
                        193
                    ],
                    [
                        287,
                        193
                    ],
                    [
                        286,
                        194
                    ],
                    [
                        284,
                        194
                    ],
                    [
                        283,
                        195
                    ],
                    [
                        282,
                        195
                    ],
                    [
                        281,
                        196
                    ],
                    [
                        280,
                        196
                    ],
                    [
                        279,
                        197
                    ],
                    [
                        277,
                        197
                    ],
                    [
                        276,
                        198
                    ],
                    [
                        275,
                        198
                    ],
                    [
                        273,
                        200
                    ],
                    [
                        272,
                        200
                    ],
                    [
                        271,
                        201
                    ],
                    [
                        271,
                        202
                    ],
                    [
                        270,
                        203
                    ],
                    [
                        269,
                        203
                    ],
                    [
                        265,
                        207
                    ],
                    [
                        264,
                        207
                    ],
                    [
                        257,
                        214
                    ],
                    [
                        257,
                        215
                    ],
                    [
                        255,
                        217
                    ],
                    [
                        254,
                        217
                    ],
                    [
                        254,
                        218
                    ],
                    [
                        252,
                        220
                    ],
                    [
                        251,
                        220
                    ],
                    [
                        249,
                        222
                    ],
                    [
                        249,
                        223
                    ],
                    [
                        247,
                        225
                    ],
                    [
                        247,
                        226
                    ],
                    [
                        246,
                        227
                    ],
                    [
                        246,
                        229
                    ],
                    [
                        247,
                        230
                    ],
                    [
                        247,
                        232
                    ],
                    [
                        249,
                        234
                    ],
                    [
                        249,
                        236
                    ],
                    [
                        251,
                        238
                    ],
                    [
                        251,
                        239
                    ],
                    [
                        252,
                        240
                    ],
                    [
                        253,
                        240
                    ],
                    [
                        254,
                        241
                    ],
                    [
                        254,
                        243
                    ],
                    [
                        257,
                        246
                    ],
                    [
                        257,
                        249
                    ],
                    [
                        259,
                        251
                    ],
                    [
                        259,
                        253
                    ],
                    [
                        260,
                        254
                    ],
                    [
                        260,
                        256
                    ],
                    [
                        261,
                        257
                    ],
                    [
                        261,
                        259
                    ],
                    [
                        262,
                        260
                    ],
                    [
                        262,
                        262
                    ],
                    [
                        263,
                        263
                    ],
                    [
                        263,
                        265
                    ],
                    [
                        264,
                        266
                    ],
                    [
                        264,
                        269
                    ],
                    [
                        266,
                        271
                    ],
                    [
                        266,
                        272
                    ],
                    [
                        267,
                        273
                    ],
                    [
                        267,
                        275
                    ],
                    [
                        268,
                        276
                    ],
                    [
                        268,
                        277
                    ],
                    [
                        269,
                        278
                    ],
                    [
                        269,
                        281
                    ],
                    [
                        270,
                        282
                    ],
                    [
                        270,
                        283
                    ],
                    [
                        271,
                        284
                    ],
                    [
                        271,
                        285
                    ],
                    [
                        272,
                        286
                    ],
                    [
                        272,
                        299
                    ],
                    [
                        273,
                        300
                    ],
                    [
                        273,
                        301
                    ],
                    [
                        275,
                        303
                    ],
                    [
                        276,
                        303
                    ],
                    [
                        277,
                        302
                    ],
                    [
                        279,
                        302
                    ],
                    [
                        280,
                        301
                    ],
                    [
                        289,
                        301
                    ],
                    [
                        290,
                        300
                    ],
                    [
                        299,
                        300
                    ],
                    [
                        300,
                        299
                    ],
                    [
                        303,
                        299
                    ],
                    [
                        304,
                        298
                    ],
                    [
                        315,
                        298
                    ],
                    [
                        316,
                        297
                    ],
                    [
                        324,
                        297
                    ],
                    [
                        325,
                        296
                    ],
                    [
                        330,
                        296
                    ],
                    [
                        331,
                        295
                    ],
                    [
                        334,
                        295
                    ],
                    [
                        335,
                        294
                    ],
                    [
                        339,
                        294
                    ],
                    [
                        344,
                        299
                    ],
                    [
                        344,
                        300
                    ],
                    [
                        345,
                        301
                    ],
                    [
                        346,
                        301
                    ],
                    [
                        347,
                        302
                    ],
                    [
                        353,
                        302
                    ],
                    [
                        354,
                        301
                    ],
                    [
                        357,
                        301
                    ],
                    [
                        358,
                        300
                    ],
                    [
                        358,
                        299
                    ],
                    [
                        360,
                        297
                    ],
                    [
                        360,
                        296
                    ],
                    [
                        361,
                        295
                    ],
                    [
                        361,
                        286
                    ],
                    [
                        362,
                        285
                    ],
                    [
                        362,
                        284
                    ],
                    [
                        365,
                        281
                    ],
                    [
                        367,
                        281
                    ],
                    [
                        368,
                        280
                    ],
                    [
                        370,
                        280
                    ],
                    [
                        372,
                        278
                    ],
                    [
                        375,
                        278
                    ],
                    [
                        376,
                        277
                    ],
                    [
                        377,
                        277
                    ],
                    [
                        378,
                        276
                    ],
                    [
                        379,
                        276
                    ],
                    [
                        381,
                        274
                    ],
                    [
                        382,
                        274
                    ],
                    [
                        383,
                        273
                    ],
                    [
                        384,
                        273
                    ],
                    [
                        385,
                        272
                    ],
                    [
                        386,
                        272
                    ],
                    [
                        387,
                        271
                    ],
                    [
                        390,
                        271
                    ],
                    [
                        391,
                        270
                    ],
                    [
                        394,
                        270
                    ],
                    [
                        395,
                        271
                    ],
                    [
                        397,
                        271
                    ],
                    [
                        400,
                        274
                    ],
                    [
                        402,
                        274
                    ],
                    [
                        404,
                        276
                    ],
                    [
                        410,
                        276
                    ],
                    [
                        410,
                        275
                    ],
                    [
                        411,
                        274
                    ],
                    [
                        412,
                        274
                    ],
                    [
                        412,
                        257
                    ],
                    [
                        411,
                        256
                    ],
                    [
                        411,
                        253
                    ],
                    [
                        410,
                        252
                    ],
                    [
                        410,
                        249
                    ],
                    [
                        411,
                        248
                    ],
                    [
                        411,
                        234
                    ],
                    [
                        410,
                        233
                    ],
                    [
                        410,
                        224
                    ],
                    [
                        409,
                        223
                    ],
                    [
                        409,
                        218
                    ],
                    [
                        408,
                        217
                    ],
                    [
                        408,
                        215
                    ],
                    [
                        407,
                        214
                    ],
                    [
                        407,
                        213
                    ],
                    [
                        404,
                        210
                    ],
                    [
                        404,
                        209
                    ],
                    [
                        403,
                        208
                    ],
                    [
                        402,
                        208
                    ],
                    [
                        401,
                        207
                    ],
                    [
                        401,
                        206
                    ],
                    [
                        400,
                        205
                    ],
                    [
                        400,
                        204
                    ],
                    [
                        399,
                        203
                    ],
                    [
                        399,
                        202
                    ],
                    [
                        398,
                        201
                    ],
                    [
                        398,
                        196
                    ],
                    [
                        397,
                        195
                    ],
                    [
                        397,
                        194
                    ],
                    [
                        396,
                        194
                    ],
                    [
                        394,
                        192
                    ],
                    [
                        394,
                        191
                    ],
                    [
                        393,
                        191
                    ],
                    [
                        392,
                        190
                    ],
                    [
                        391,
                        190
                    ],
                    [
                        390,
                        189
                    ],
                    [
                        389,
                        189
                    ],
                    [
                        387,
                        187
                    ],
                    [
                        380,
                        187
                    ],
                    [
                        379,
                        186
                    ]
                ],
                "interior": []
            }
        },
        {
            "id": 159513209,
            "classId": 6551258,
            "objectId": null,
            "description": "",
            "geometryType": "rectangle",
            "labelerLogin": "inbox@datasetninja.com",
            "createdAt": "2024-03-12T15:20:57.358Z",
            "updatedAt": "2024-03-12T15:20:57.358Z",
            "tags": [
                {
                    "id": 121972795,
                    "tagId": 32511,
                    "name": "object id",
                    "value": 1061,
                    "labelerLogin": "inbox@datasetninja.com",
                    "createdAt": "2024-03-12T15:20:57.357Z",
                    "updatedAt": "2024-03-12T15:20:57.357Z"
                },
                {
                    "id": 121972796,
                    "tagId": 32513,
                    "name": "instance id",
                    "value": 61,
                    "labelerLogin": "inbox@datasetninja.com",
                    "createdAt": "2024-03-12T15:20:57.357Z",
                    "updatedAt": "2024-03-12T15:20:57.357Z"
                }
            ],
            "classTitle": "car",
            "points": {
                "exterior": [
                    [
                        246,
                        186
                    ],
                    [
                        412,
                        303
                    ]
                ],
                "interior": []
            }
        },
        {
            "id": 159513210,
            "classId": 6551258,
            "objectId": null,
            "description": "",
            "geometryType": "polygon",
            "labelerLogin": "inbox@datasetninja.com",
            "createdAt": "2024-03-12T15:20:57.358Z",
            "updatedAt": "2024-03-12T15:20:57.358Z",
            "tags": [
                {
                    "id": 121972797,
                    "tagId": 32511,
                    "name": "object id",
                    "value": 1063,
                    "labelerLogin": "inbox@datasetninja.com",
                    "createdAt": "2024-03-12T15:20:57.358Z",
                    "updatedAt": "2024-03-12T15:20:57.358Z"
                },
                {
                    "id": 121972798,
                    "tagId": 32513,
                    "name": "instance id",
                    "value": 63,
                    "labelerLogin": "inbox@datasetninja.com",
                    "createdAt": "2024-03-12T15:20:57.358Z",
                    "updatedAt": "2024-03-12T15:20:57.358Z"
                }
            ],
            "classTitle": "car",
            "points": {
                "exterior": [
                    [
                        735,
                        173
                    ],
                    [
                        734,
                        174
                    ],
                    [
                        730,
                        174
                    ],
                    [
                        728,
                        176
                    ],
                    [
                        727,
                        176
                    ],
                    [
                        727,
                        177
                    ],
                    [
                        726,
                        178
                    ],
                    [
                        726,
                        179
                    ],
                    [
                        723,
                        182
                    ],
                    [
                        723,
                        183
                    ],
                    [
                        722,
                        184
                    ],
                    [
                        720,
                        184
                    ],
                    [
                        719,
                        185
                    ],
                    [
                        719,
                        187
                    ],
                    [
                        716,
                        190
                    ],
                    [
                        716,
                        197
                    ],
                    [
                        715,
                        198
                    ],
                    [
                        715,
                        203
                    ],
                    [
                        714,
                        204
                    ],
                    [
                        714,
                        215
                    ],
                    [
                        715,
                        216
                    ],
                    [
                        715,
                        217
                    ],
                    [
                        716,
                        218
                    ],
                    [
                        720,
                        218
                    ],
                    [
                        722,
                        220
                    ],
                    [
                        722,
                        221
                    ],
                    [
                        723,
                        222
                    ],
                    [
                        723,
                        223
                    ],
                    [
                        725,
                        225
                    ],
                    [
                        731,
                        225
                    ],
                    [
                        731,
                        224
                    ],
                    [
                        732,
                        223
                    ],
                    [
                        732,
                        218
                    ],
                    [
                        735,
                        215
                    ],
                    [
                        745,
                        215
                    ],
                    [
                        746,
                        216
                    ],
                    [
                        760,
                        216
                    ],
                    [
                        761,
                        215
                    ],
                    [
                        764,
                        215
                    ],
                    [
                        768,
                        219
                    ],
                    [
                        768,
                        225
                    ],
                    [
                        770,
                        227
                    ],
                    [
                        771,
                        227
                    ],
                    [
                        772,
                        228
                    ],
                    [
                        774,
                        228
                    ],
                    [
                        775,
                        227
                    ],
                    [
                        778,
                        227
                    ],
                    [
                        778,
                        225
                    ],
                    [
                        779,
                        224
                    ],
                    [
                        779,
                        213
                    ],
                    [
                        780,
                        212
                    ],
                    [
                        780,
                        210
                    ],
                    [
                        781,
                        209
                    ],
                    [
                        781,
                        191
                    ],
                    [
                        780,
                        190
                    ],
                    [
                        780,
                        187
                    ],
                    [
                        779,
                        186
                    ],
                    [
                        779,
                        185
                    ],
                    [
                        778,
                        184
                    ],
                    [
                        778,
                        180
                    ],
                    [
                        777,
                        179
                    ],
                    [
                        777,
                        178
                    ],
                    [
                        776,
                        178
                    ],
                    [
                        773,
                        175
                    ],
                    [
                        771,
                        175
                    ],
                    [
                        770,
                        174
                    ],
                    [
                        757,
                        174
                    ],
                    [
                        756,
                        173
                    ]
                ],
                "interior": []
            }
        },
        {
            "id": 159513211,
            "classId": 6551258,
            "objectId": null,
            "description": "",
            "geometryType": "rectangle",
            "labelerLogin": "inbox@datasetninja.com",
            "createdAt": "2024-03-12T15:20:57.359Z",
            "updatedAt": "2024-03-12T15:20:57.359Z",
            "tags": [
                {
                    "id": 121972799,
                    "tagId": 32511,
                    "name": "object id",
                    "value": 1063,
                    "labelerLogin": "inbox@datasetninja.com",
                    "createdAt": "2024-03-12T15:20:57.358Z",
                    "updatedAt": "2024-03-12T15:20:57.358Z"
                },
                {
                    "id": 121972800,
                    "tagId": 32513,
                    "name": "instance id",
                    "value": 63,
                    "labelerLogin": "inbox@datasetninja.com",
                    "createdAt": "2024-03-12T15:20:57.358Z",
                    "updatedAt": "2024-03-12T15:20:57.358Z"
                }
            ],
            "classTitle": "car",
            "points": {
                "exterior": [
                    [
                        714,
                        173
                    ],
                    [
                        781,
                        228
                    ]
                ],
                "interior": []
            }
        },
        {
            "id": 159513212,
            "classId": 6551258,
            "objectId": null,
            "description": "",
            "geometryType": "polygon",
            "labelerLogin": "inbox@datasetninja.com",
            "createdAt": "2024-03-12T15:20:57.359Z",
            "updatedAt": "2024-03-12T15:20:57.359Z",
            "tags": [
                {
                    "id": 121972801,
                    "tagId": 32511,
                    "name": "object id",
                    "value": 1064,
                    "labelerLogin": "inbox@datasetninja.com",
                    "createdAt": "2024-03-12T15:20:57.359Z",
                    "updatedAt": "2024-03-12T15:20:57.359Z"
                },
                {
                    "id": 121972802,
                    "tagId": 32513,
                    "name": "instance id",
                    "value": 64,
                    "labelerLogin": "inbox@datasetninja.com",
                    "createdAt": "2024-03-12T15:20:57.359Z",
                    "updatedAt": "2024-03-12T15:20:57.359Z"
                }
            ],
            "classTitle": "car",
            "points": {
                "exterior": [
                    [
                        433,
                        191
                    ],
                    [
                        432,
                        192
                    ],
                    [
                        424,
                        192
                    ],
                    [
                        423,
                        193
                    ],
                    [
                        413,
                        193
                    ],
                    [
                        412,
                        194
                    ],
                    [
                        407,
                        194
                    ],
                    [
                        406,
                        195
                    ],
                    [
                        405,
                        195
                    ],
                    [
                        404,
                        196
                    ],
                    [
                        401,
                        196
                    ],
                    [
                        400,
                        197
                    ],
                    [
                        399,
                        197
                    ],
                    [
                        399,
                        201
                    ],
                    [
                        400,
                        202
                    ],
                    [
                        400,
                        203
                    ],
                    [
                        401,
                        204
                    ],
                    [
                        401,
                        205
                    ],
                    [
                        402,
                        206
                    ],
                    [
                        402,
                        207
                    ],
                    [
                        403,
                        207
                    ],
                    [
                        405,
                        209
                    ],
                    [
                        405,
                        210
                    ],
                    [
                        408,
                        213
                    ],
                    [
                        408,
                        214
                    ],
                    [
                        409,
                        215
                    ],
                    [
                        409,
                        217
                    ],
                    [
                        410,
                        218
                    ],
                    [
                        410,
                        223
                    ],
                    [
                        411,
                        224
                    ],
                    [
                        411,
                        233
                    ],
                    [
                        412,
                        234
                    ],
                    [
                        412,
                        248
                    ],
                    [
                        411,
                        249
                    ],
                    [
                        411,
                        252
                    ],
                    [
                        412,
                        253
                    ],
                    [
                        412,
                        256
                    ],
                    [
                        413,
                        257
                    ],
                    [
                        415,
                        257
                    ],
                    [
                        416,
                        256
                    ],
                    [
                        424,
                        256
                    ],
                    [
                        425,
                        255
                    ],
                    [
                        433,
                        255
                    ],
                    [
                        437,
                        259
                    ],
                    [
                        442,
                        259
                    ],
                    [
                        443,
                        258
                    ],
                    [
                        443,
                        257
                    ],
                    [
                        444,
                        256
                    ],
                    [
                        444,
                        251
                    ],
                    [
                        447,
                        248
                    ],
                    [
                        448,
                        248
                    ],
                    [
                        449,
                        247
                    ],
                    [
                        451,
                        247
                    ],
                    [
                        452,
                        246
                    ],
                    [
                        454,
                        246
                    ],
                    [
                        455,
                        245
                    ],
                    [
                        457,
                        245
                    ],
                    [
                        458,
                        244
                    ],
                    [
                        463,
                        244
                    ],
                    [
                        465,
                        246
                    ],
                    [
                        466,
                        246
                    ],
                    [
                        467,
                        247
                    ],
                    [
                        468,
                        247
                    ],
                    [
                        470,
                        245
                    ],
                    [
                        470,
                        242
                    ],
                    [
                        471,
                        241
                    ],
                    [
                        471,
                        235
                    ],
                    [
                        470,
                        234
                    ],
                    [
                        470,
                        230
                    ],
                    [
                        471,
                        229
                    ],
                    [
                        471,
                        224
                    ],
                    [
                        470,
                        223
                    ],
                    [
                        470,
                        222
                    ],
                    [
                        469,
                        221
                    ],
                    [
                        469,
                        218
                    ],
                    [
                        468,
                        217
                    ],
                    [
                        468,
                        213
                    ],
                    [
                        467,
                        212
                    ],
                    [
                        467,
                        211
                    ],
                    [
                        466,
                        210
                    ],
                    [
                        466,
                        208
                    ],
                    [
                        464,
                        206
                    ],
                    [
                        464,
                        205
                    ],
                    [
                        463,
                        205
                    ],
                    [
                        462,
                        204
                    ],
                    [
                        462,
                        203
                    ],
                    [
                        458,
                        199
                    ],
                    [
                        458,
                        198
                    ],
                    [
                        457,
                        198
                    ],
                    [
                        452,
                        193
                    ],
                    [
                        450,
                        193
                    ],
                    [
                        448,
                        191
                    ],
                    [
                        447,
                        191
                    ],
                    [
                        446,
                        192
                    ],
                    [
                        435,
                        192
                    ],
                    [
                        434,
                        191
                    ]
                ],
                "interior": []
            }
        },
        {
            "id": 159513213,
            "classId": 6551258,
            "objectId": null,
            "description": "",
            "geometryType": "rectangle",
            "labelerLogin": "inbox@datasetninja.com",
            "createdAt": "2024-03-12T15:20:57.359Z",
            "updatedAt": "2024-03-12T15:20:57.359Z",
            "tags": [
                {
                    "id": 121972803,
                    "tagId": 32511,
                    "name": "object id",
                    "value": 1064,
                    "labelerLogin": "inbox@datasetninja.com",
                    "createdAt": "2024-03-12T15:20:57.359Z",
                    "updatedAt": "2024-03-12T15:20:57.359Z"
                },
                {
                    "id": 121972804,
                    "tagId": 32513,
                    "name": "instance id",
                    "value": 64,
                    "labelerLogin": "inbox@datasetninja.com",
                    "createdAt": "2024-03-12T15:20:57.359Z",
                    "updatedAt": "2024-03-12T15:20:57.359Z"
                }
            ],
            "classTitle": "car",
            "points": {
                "exterior": [
                    [
                        399,
                        191
                    ],
                    [
                        471,
                        259
                    ]
                ],
                "interior": []
            }
        },
        {
            "id": 159513214,
            "classId": 6551258,
            "objectId": null,
            "description": "",
            "geometryType": "polygon",
            "labelerLogin": "inbox@datasetninja.com",
            "createdAt": "2024-03-12T15:20:57.360Z",
            "updatedAt": "2024-03-12T15:20:57.360Z",
            "tags": [
                {
                    "id": 121972805,
                    "tagId": 32511,
                    "name": "object id",
                    "value": 1065,
                    "labelerLogin": "inbox@datasetninja.com",
                    "createdAt": "2024-03-12T15:20:57.360Z",
                    "updatedAt": "2024-03-12T15:20:57.360Z"
                },
                {
                    "id": 121972806,
                    "tagId": 32513,
                    "name": "instance id",
                    "value": 65,
                    "labelerLogin": "inbox@datasetninja.com",
                    "createdAt": "2024-03-12T15:20:57.360Z",
                    "updatedAt": "2024-03-12T15:20:57.360Z"
                }
            ],
            "classTitle": "car",
            "points": {
                "exterior": [
                    [
                        478,
                        184
                    ],
                    [
                        477,
                        185
                    ],
                    [
                        462,
                        185
                    ],
                    [
                        461,
                        186
                    ],
                    [
                        454,
                        186
                    ],
                    [
                        453,
                        187
                    ],
                    [
                        452,
                        187
                    ],
                    [
                        449,
                        190
                    ],
                    [
                        449,
                        191
                    ],
                    [
                        450,
                        192
                    ],
                    [
                        452,
                        192
                    ],
                    [
                        457,
                        197
                    ],
                    [
                        458,
                        197
                    ],
                    [
                        459,
                        198
                    ],
                    [
                        459,
                        199
                    ],
                    [
                        463,
                        203
                    ],
                    [
                        463,
                        204
                    ],
                    [
                        464,
                        204
                    ],
                    [
                        465,
                        205
                    ],
                    [
                        465,
                        206
                    ],
                    [
                        467,
                        208
                    ],
                    [
                        467,
                        209
                    ],
                    [
                        468,
                        210
                    ],
                    [
                        468,
                        212
                    ],
                    [
                        469,
                        213
                    ],
                    [
                        469,
                        217
                    ],
                    [
                        470,
                        218
                    ],
                    [
                        470,
                        221
                    ],
                    [
                        471,
                        222
                    ],
                    [
                        471,
                        223
                    ],
                    [
                        472,
                        224
                    ],
                    [
                        472,
                        236
                    ],
                    [
                        478,
                        236
                    ],
                    [
                        479,
                        237
                    ],
                    [
                        480,
                        237
                    ],
                    [
                        481,
                        238
                    ],
                    [
                        489,
                        238
                    ],
                    [
                        497,
                        230
                    ],
                    [
                        500,
                        230
                    ],
                    [
                        501,
                        231
                    ],
                    [
                        506,
                        231
                    ],
                    [
                        508,
                        229
                    ],
                    [
                        508,
                        209
                    ],
                    [
                        507,
                        208
                    ],
                    [
                        507,
                        204
                    ],
                    [
                        506,
                        203
                    ],
                    [
                        506,
                        200
                    ],
                    [
                        505,
                        199
                    ],
                    [
                        505,
                        197
                    ],
                    [
                        503,
                        195
                    ],
                    [
                        503,
                        194
                    ],
                    [
                        502,
                        193
                    ],
                    [
                        502,
                        192
                    ],
                    [
                        500,
                        190
                    ],
                    [
                        500,
                        189
                    ],
                    [
                        499,
                        188
                    ],
                    [
                        499,
                        187
                    ],
                    [
                        498,
                        186
                    ],
                    [
                        497,
                        186
                    ],
                    [
                        496,
                        185
                    ],
                    [
                        494,
                        185
                    ],
                    [
                        493,
                        184
                    ]
                ],
                "interior": []
            }
        },
        {
            "id": 159513215,
            "classId": 6551258,
            "objectId": null,
            "description": "",
            "geometryType": "rectangle",
            "labelerLogin": "inbox@datasetninja.com",
            "createdAt": "2024-03-12T15:20:57.361Z",
            "updatedAt": "2024-03-12T15:20:57.361Z",
            "tags": [
                {
                    "id": 121972807,
                    "tagId": 32511,
                    "name": "object id",
                    "value": 1065,
                    "labelerLogin": "inbox@datasetninja.com",
                    "createdAt": "2024-03-12T15:20:57.361Z",
                    "updatedAt": "2024-03-12T15:20:57.361Z"
                },
                {
                    "id": 121972808,
                    "tagId": 32513,
                    "name": "instance id",
                    "value": 65,
                    "labelerLogin": "inbox@datasetninja.com",
                    "createdAt": "2024-03-12T15:20:57.361Z",
                    "updatedAt": "2024-03-12T15:20:57.361Z"
                }
            ],
            "classTitle": "car",
            "points": {
                "exterior": [
                    [
                        449,
                        184
                    ],
                    [
                        508,
                        238
                    ]
                ],
                "interior": []
            }
        },
        {
            "id": 159513216,
            "classId": 6551258,
            "objectId": null,
            "description": "",
            "geometryType": "polygon",
            "labelerLogin": "inbox@datasetninja.com",
            "createdAt": "2024-03-12T15:20:57.361Z",
            "updatedAt": "2024-03-12T15:20:57.361Z",
            "tags": [
                {
                    "id": 121972809,
                    "tagId": 32511,
                    "name": "object id",
                    "value": 1067,
                    "labelerLogin": "inbox@datasetninja.com",
                    "createdAt": "2024-03-12T15:20:57.361Z",
                    "updatedAt": "2024-03-12T15:20:57.361Z"
                },
                {
                    "id": 121972810,
                    "tagId": 32513,
                    "name": "instance id",
                    "value": 67,
                    "labelerLogin": "inbox@datasetninja.com",
                    "createdAt": "2024-03-12T15:20:57.361Z",
                    "updatedAt": "2024-03-12T15:20:57.361Z"
                }
            ],
            "classTitle": "car",
            "points": {
                "exterior": [
                    [
                        577,
                        177
                    ],
                    [
                        576,
                        178
                    ],
                    [
                        573,
                        178
                    ],
                    [
                        570,
                        181
                    ],
                    [
                        569,
                        181
                    ],
                    [
                        569,
                        182
                    ],
                    [
                        567,
                        184
                    ],
                    [
                        567,
                        185
                    ],
                    [
                        566,
                        186
                    ],
                    [
                        566,
                        187
                    ],
                    [
                        565,
                        188
                    ],
                    [
                        565,
                        189
                    ],
                    [
                        564,
                        190
                    ],
                    [
                        564,
                        199
                    ],
                    [
                        565,
                        200
                    ],
                    [
                        575,
                        200
                    ],
                    [
                        576,
                        199
                    ],
                    [
                        589,
                        199
                    ],
                    [
                        590,
                        200
                    ],
                    [
                        591,
                        200
                    ],
                    [
                        592,
                        199
                    ],
                    [
                        594,
                        199
                    ],
                    [
                        597,
                        196
                    ],
                    [
                        597,
                        188
                    ],
                    [
                        596,
                        187
                    ],
                    [
                        596,
                        185
                    ],
                    [
                        595,
                        184
                    ],
                    [
                        595,
                        183
                    ],
                    [
                        590,
                        178
                    ],
                    [
                        588,
                        178
                    ],
                    [
                        587,
                        177
                    ]
                ],
                "interior": []
            }
        },
        {
            "id": 159513217,
            "classId": 6551258,
            "objectId": null,
            "description": "",
            "geometryType": "rectangle",
            "labelerLogin": "inbox@datasetninja.com",
            "createdAt": "2024-03-12T15:20:57.361Z",
            "updatedAt": "2024-03-12T15:20:57.361Z",
            "tags": [
                {
                    "id": 121972811,
                    "tagId": 32511,
                    "name": "object id",
                    "value": 1067,
                    "labelerLogin": "inbox@datasetninja.com",
                    "createdAt": "2024-03-12T15:20:57.361Z",
                    "updatedAt": "2024-03-12T15:20:57.361Z"
                },
                {
                    "id": 121972812,
                    "tagId": 32513,
                    "name": "instance id",
                    "value": 67,
                    "labelerLogin": "inbox@datasetninja.com",
                    "createdAt": "2024-03-12T15:20:57.361Z",
                    "updatedAt": "2024-03-12T15:20:57.361Z"
                }
            ],
            "classTitle": "car",
            "points": {
                "exterior": [
                    [
                        564,
                        177
                    ],
                    [
                        597,
                        200
                    ]
                ],
                "interior": []
            }
        },
        {
            "id": 159513218,
            "classId": 6551258,
            "objectId": null,
            "description": "",
            "geometryType": "polygon",
            "labelerLogin": "inbox@datasetninja.com",
            "createdAt": "2024-03-12T15:20:57.362Z",
            "updatedAt": "2024-03-12T15:20:57.362Z",
            "tags": [
                {
                    "id": 121972813,
                    "tagId": 32511,
                    "name": "object id",
                    "value": 1075,
                    "labelerLogin": "inbox@datasetninja.com",
                    "createdAt": "2024-03-12T15:20:57.361Z",
                    "updatedAt": "2024-03-12T15:20:57.361Z"
                },
                {
                    "id": 121972814,
                    "tagId": 32513,
                    "name": "instance id",
                    "value": 75,
                    "labelerLogin": "inbox@datasetninja.com",
                    "createdAt": "2024-03-12T15:20:57.361Z",
                    "updatedAt": "2024-03-12T15:20:57.361Z"
                }
            ],
            "classTitle": "car",
            "points": {
                "exterior": [
                    [
                        620,
                        176
                    ],
                    [
                        619,
                        177
                    ],
                    [
                        618,
                        177
                    ],
                    [
                        616,
                        179
                    ],
                    [
                        615,
                        179
                    ],
                    [
                        615,
                        181
                    ],
                    [
                        614,
                        182
                    ],
                    [
                        614,
                        185
                    ],
                    [
                        615,
                        186
                    ],
                    [
                        615,
                        187
                    ],
                    [
                        616,
                        187
                    ],
                    [
                        617,
                        188
                    ],
                    [
                        631,
                        188
                    ],
                    [
                        632,
                        187
                    ],
                    [
                        633,
                        187
                    ],
                    [
                        634,
                        186
                    ],
                    [
                        635,
                        186
                    ],
                    [
                        635,
                        180
                    ],
                    [
                        632,
                        177
                    ],
                    [
                        631,
                        177
                    ],
                    [
                        630,
                        176
                    ]
                ],
                "interior": []
            }
        },
        {
            "id": 159513219,
            "classId": 6551258,
            "objectId": null,
            "description": "",
            "geometryType": "rectangle",
            "labelerLogin": "inbox@datasetninja.com",
            "createdAt": "2024-03-12T15:20:57.362Z",
            "updatedAt": "2024-03-12T15:20:57.362Z",
            "tags": [
                {
                    "id": 121972815,
                    "tagId": 32511,
                    "name": "object id",
                    "value": 1075,
                    "labelerLogin": "inbox@datasetninja.com",
                    "createdAt": "2024-03-12T15:20:57.362Z",
                    "updatedAt": "2024-03-12T15:20:57.362Z"
                },
                {
                    "id": 121972816,
                    "tagId": 32513,
                    "name": "instance id",
                    "value": 75,
                    "labelerLogin": "inbox@datasetninja.com",
                    "createdAt": "2024-03-12T15:20:57.362Z",
                    "updatedAt": "2024-03-12T15:20:57.362Z"
                }
            ],
            "classTitle": "car",
            "points": {
                "exterior": [
                    [
                        614,
                        176
                    ],
                    [
                        635,
                        188
                    ]
                ],
                "interior": []
            }
        },
        {
            "id": 159513220,
            "classId": 6551259,
            "objectId": null,
            "description": "",
            "geometryType": "polygon",
            "labelerLogin": "inbox@datasetninja.com",
            "createdAt": "2024-03-12T15:20:57.362Z",
            "updatedAt": "2024-03-12T15:20:57.362Z",
            "tags": [],
            "classTitle": "ignore region",
            "points": {
                "exterior": [
                    [
                        691,
                        175
                    ],
                    [
                        691,
                        201
                    ],
                    [
                        714,
                        201
                    ],
                    [
                        714,
                        198
                    ],
                    [
                        715,
                        197
                    ],
                    [
                        715,
                        190
                    ],
                    [
                        718,
                        187
                    ],
                    [
                        718,
                        185
                    ],
                    [
                        720,
                        183
                    ],
                    [
                        722,
                        183
                    ],
                    [
                        722,
                        182
                    ],
                    [
                        725,
                        179
                    ],
                    [
                        725,
                        178
                    ],
                    [
                        726,
                        177
                    ],
                    [
                        726,
                        176
                    ],
                    [
                        727,
                        175
                    ],
                    [
                        728,
                        175
                    ]
                ],
                "interior": []
            }
        },
        {
            "id": 159513221,
            "classId": 6551259,
            "objectId": null,
            "description": "",
            "geometryType": "rectangle",
            "labelerLogin": "inbox@datasetninja.com",
            "createdAt": "2024-03-12T15:20:57.362Z",
            "updatedAt": "2024-03-12T15:20:57.362Z",
            "tags": [],
            "classTitle": "ignore region",
            "points": {
                "exterior": [
                    [
                        691,
                        175
                    ],
                    [
                        728,
                        201
                    ]
                ],
                "interior": []
            }
        },
        {
            "id": 159513222,
            "classId": 6551259,
            "objectId": null,
            "description": "",
            "geometryType": "polygon",
            "labelerLogin": "inbox@datasetninja.com",
            "createdAt": "2024-03-12T15:20:57.362Z",
            "updatedAt": "2024-03-12T15:20:57.362Z",
            "tags": [],
            "classTitle": "ignore region",
            "points": {
                "exterior": [
                    [
                        592,
                        175
                    ],
                    [
                        592,
                        179
                    ],
                    [
                        596,
                        183
                    ],
                    [
                        596,
                        184
                    ],
                    [
                        597,
                        185
                    ],
                    [
                        597,
                        187
                    ],
                    [
                        598,
                        188
                    ],
                    [
                        598,
                        195
                    ],
                    [
                        615,
                        195
                    ],
                    [
                        615,
                        188
                    ],
                    [
                        614,
                        187
                    ],
                    [
                        614,
                        186
                    ],
                    [
                        613,
                        185
                    ],
                    [
                        613,
                        182
                    ],
                    [
                        614,
                        181
                    ],
                    [
                        614,
                        179
                    ],
                    [
                        615,
                        178
                    ],
                    [
                        615,
                        175
                    ]
                ],
                "interior": []
            }
        },
        {
            "id": 159513223,
            "classId": 6551259,
            "objectId": null,
            "description": "",
            "geometryType": "rectangle",
            "labelerLogin": "inbox@datasetninja.com",
            "createdAt": "2024-03-12T15:20:57.362Z",
            "updatedAt": "2024-03-12T15:20:57.362Z",
            "tags": [],
            "classTitle": "ignore region",
            "points": {
                "exterior": [
                    [
                        592,
                        175
                    ],
                    [
                        615,
                        195
                    ]
                ],
                "interior": []
            }
        },
        {
            "id": 159513224,
            "classId": 6551259,
            "objectId": null,
            "description": "",
            "geometryType": "polygon",
            "labelerLogin": "inbox@datasetninja.com",
            "createdAt": "2024-03-12T15:20:57.362Z",
            "updatedAt": "2024-03-12T15:20:57.362Z",
            "tags": [],
            "classTitle": "ignore region",
            "points": {
                "exterior": [
                    [
                        633,
                        174
                    ],
                    [
                        633,
                        177
                    ],
                    [
                        636,
                        180
                    ],
                    [
                        636,
                        186
                    ],
                    [
                        635,
                        187
                    ],
                    [
                        634,
                        187
                    ],
                    [
                        633,
                        188
                    ],
                    [
                        633,
                        189
                    ],
                    [
                        641,
                        189
                    ],
                    [
                        641,
                        174
                    ]
                ],
                "interior": []
            }
        },
        {
            "id": 159513225,
            "classId": 6551259,
            "objectId": null,
            "description": "",
            "geometryType": "rectangle",
            "labelerLogin": "inbox@datasetninja.com",
            "createdAt": "2024-03-12T15:20:57.362Z",
            "updatedAt": "2024-03-12T15:20:57.362Z",
            "tags": [],
            "classTitle": "ignore region",
            "points": {
                "exterior": [
                    [
                        633,
                        174
                    ],
                    [
                        641,
                        189
                    ]
                ],
                "interior": []
            }
        },
        {
            "id": 159513226,
            "classId": 6551259,
            "objectId": null,
            "description": "",
            "geometryType": "polygon",
            "labelerLogin": "inbox@datasetninja.com",
            "createdAt": "2024-03-12T15:20:57.362Z",
            "updatedAt": "2024-03-12T15:20:57.362Z",
            "tags": [],
            "classTitle": "ignore region",
            "points": {
                "exterior": [
                    [
                        75,
                        171
                    ],
                    [
                        75,
                        199
                    ],
                    [
                        132,
                        199
                    ],
                    [
                        133,
                        198
                    ],
                    [
                        143,
                        198
                    ],
                    [
                        144,
                        197
                    ],
                    [
                        188,
                        197
                    ],
                    [
                        188,
                        171
                    ]
                ],
                "interior": []
            }
        },
        {
            "id": 159513227,
            "classId": 6551259,
            "objectId": null,
            "description": "",
            "geometryType": "rectangle",
            "labelerLogin": "inbox@datasetninja.com",
            "createdAt": "2024-03-12T15:20:57.362Z",
            "updatedAt": "2024-03-12T15:20:57.362Z",
            "tags": [],
            "classTitle": "ignore region",
            "points": {
                "exterior": [
                    [
                        75,
                        171
                    ],
                    [
                        188,
                        199
                    ]
                ],
                "interior": []
            }
        },
        {
            "id": 159513228,
            "classId": 6551259,
            "objectId": null,
            "description": "",
            "geometryType": "polygon",
            "labelerLogin": "inbox@datasetninja.com",
            "createdAt": "2024-03-12T15:20:57.363Z",
            "updatedAt": "2024-03-12T15:20:57.363Z",
            "tags": [],
            "classTitle": "ignore region",
            "points": {
                "exterior": [
                    [
                        660,
                        170
                    ],
                    [
                        660,
                        188
                    ],
                    [
                        686,
                        188
                    ],
                    [
                        686,
                        170
                    ]
                ],
                "interior": []
            }
        },
        {
            "id": 159513229,
            "classId": 6551259,
            "objectId": null,
            "description": "",
            "geometryType": "rectangle",
            "labelerLogin": "inbox@datasetninja.com",
            "createdAt": "2024-03-12T15:20:57.363Z",
            "updatedAt": "2024-03-12T15:20:57.363Z",
            "tags": [],
            "classTitle": "ignore region",
            "points": {
                "exterior": [
                    [
                        660,
                        170
                    ],
                    [
                        686,
                        188
                    ]
                ],
                "interior": []
            }
        }
    ]
}