{
    "description": "",
    "tags": [
        {
            "id": 21884405,
            "tagId": 32512,
            "name": "sequence",
            "value": "0001",
            "labelerLogin": "inbox@datasetninja.com",
            "createdAt": "2024-03-12T15:21:03.694Z",
            "updatedAt": "2024-03-12T15:21:03.694Z"
        }
    ],
    "size": {
        "height": 375,
        "width": 1242
    },
    "objects": [
        {
            "id": 159513440,
            "classId": 6551258,
            "objectId": null,
            "description": "",
            "geometryType": "polygon",
            "labelerLogin": "inbox@datasetninja.com",
            "createdAt": "2024-03-12T15:21:03.695Z",
            "updatedAt": "2024-03-12T15:21:03.695Z",
            "tags": [
                {
                    "id": 121973105,
                    "tagId": 32511,
                    "name": "object id",
                    "value": 1083,
                    "labelerLogin": "inbox@datasetninja.com",
                    "createdAt": "2024-03-12T15:21:03.695Z",
                    "updatedAt": "2024-03-12T15:21:03.695Z"
                },
                {
                    "id": 121973106,
                    "tagId": 32513,
                    "name": "instance id",
                    "value": 83,
                    "labelerLogin": "inbox@datasetninja.com",
                    "createdAt": "2024-03-12T15:21:03.695Z",
                    "updatedAt": "2024-03-12T15:21:03.695Z"
                }
            ],
            "classTitle": "car",
            "points": {
                "exterior": [
                    [
                        413,
                        182
                    ],
                    [
                        412,
                        183
                    ],
                    [
                        401,
                        183
                    ],
                    [
                        400,
                        184
                    ],
                    [
                        395,
                        184
                    ],
                    [
                        394,
                        185
                    ],
                    [
                        389,
                        185
                    ],
                    [
                        388,
                        186
                    ],
                    [
                        386,
                        186
                    ],
                    [
                        385,
                        187
                    ],
                    [
                        384,
                        187
                    ],
                    [
                        383,
                        188
                    ],
                    [
                        381,
                        188
                    ],
                    [
                        380,
                        189
                    ],
                    [
                        379,
                        189
                    ],
                    [
                        378,
                        190
                    ],
                    [
                        377,
                        190
                    ],
                    [
                        372,
                        195
                    ],
                    [
                        371,
                        195
                    ],
                    [
                        369,
                        197
                    ],
                    [
                        368,
                        197
                    ],
                    [
                        364,
                        201
                    ],
                    [
                        363,
                        201
                    ],
                    [
                        362,
                        202
                    ],
                    [
                        361,
                        202
                    ],
                    [
                        360,
                        203
                    ],
                    [
                        359,
                        203
                    ],
                    [
                        358,
                        204
                    ],
                    [
                        356,
                        204
                    ],
                    [
                        355,
                        205
                    ],
                    [
                        353,
                        205
                    ],
                    [
                        352,
                        206
                    ],
                    [
                        350,
                        206
                    ],
                    [
                        349,
                        207
                    ],
                    [
                        348,
                        207
                    ],
                    [
                        347,
                        208
                    ],
                    [
                        346,
                        208
                    ],
                    [
                        345,
                        209
                    ],
                    [
                        344,
                        209
                    ],
                    [
                        343,
                        210
                    ],
                    [
                        341,
                        210
                    ],
                    [
                        340,
                        211
                    ],
                    [
                        338,
                        211
                    ],
                    [
                        337,
                        212
                    ],
                    [
                        336,
                        212
                    ],
                    [
                        335,
                        213
                    ],
                    [
                        334,
                        213
                    ],
                    [
                        334,
                        214
                    ],
                    [
                        333,
                        215
                    ],
                    [
                        332,
                        215
                    ],
                    [
                        332,
                        216
                    ],
                    [
                        330,
                        218
                    ],
                    [
                        330,
                        226
                    ],
                    [
                        331,
                        227
                    ],
                    [
                        331,
                        230
                    ],
                    [
                        332,
                        231
                    ],
                    [
                        332,
                        232
                    ],
                    [
                        333,
                        232
                    ],
                    [
                        334,
                        233
                    ],
                    [
                        338,
                        233
                    ],
                    [
                        341,
                        236
                    ],
                    [
                        342,
                        236
                    ],
                    [
                        344,
                        238
                    ],
                    [
                        345,
                        238
                    ],
                    [
                        346,
                        239
                    ],
                    [
                        350,
                        239
                    ],
                    [
                        351,
                        238
                    ],
                    [
                        352,
                        238
                    ],
                    [
                        353,
                        237
                    ],
                    [
                        354,
                        237
                    ],
                    [
                        356,
                        235
                    ],
                    [
                        373,
                        235
                    ],
                    [
                        374,
                        234
                    ],
                    [
                        377,
                        234
                    ],
                    [
                        378,
                        233
                    ],
                    [
                        384,
                        233
                    ],
                    [
                        385,
                        234
                    ],
                    [
                        388,
                        234
                    ],
                    [
                        389,
                        235
                    ],
                    [
                        390,
                        235
                    ],
                    [
                        392,
                        237
                    ],
                    [
                        397,
                        237
                    ],
                    [
                        398,
                        236
                    ],
                    [
                        399,
                        236
                    ],
                    [
                        402,
                        233
                    ],
                    [
                        402,
                        232
                    ],
                    [
                        404,
                        230
                    ],
                    [
                        405,
                        230
                    ],
                    [
                        407,
                        228
                    ],
                    [
                        412,
                        228
                    ],
                    [
                        413,
                        227
                    ],
                    [
                        422,
                        227
                    ],
                    [
                        423,
                        226
                    ],
                    [
                        432,
                        226
                    ],
                    [
                        433,
                        225
                    ],
                    [
                        434,
                        225
                    ],
                    [
                        434,
                        223
                    ],
                    [
                        426,
                        215
                    ],
                    [
                        426,
                        214
                    ],
                    [
                        425,
                        213
                    ],
                    [
                        425,
                        211
                    ],
                    [
                        424,
                        210
                    ],
                    [
                        424,
                        197
                    ],
                    [
                        425,
                        196
                    ],
                    [
                        425,
                        194
                    ],
                    [
                        426,
                        193
                    ],
                    [
                        426,
                        191
                    ],
                    [
                        428,
                        189
                    ],
                    [
                        428,
                        188
                    ],
                    [
                        429,
                        187
                    ],
                    [
                        430,
                        187
                    ],
                    [
                        430,
                        185
                    ],
                    [
                        431,
                        184
                    ],
                    [
                        432,
                        184
                    ],
                    [
                        432,
                        182
                    ]
                ],
                "interior": []
            }
        },
        {
            "id": 159513441,
            "classId": 6551258,
            "objectId": null,
            "description": "",
            "geometryType": "rectangle",
            "labelerLogin": "inbox@datasetninja.com",
            "createdAt": "2024-03-12T15:21:03.696Z",
            "updatedAt": "2024-03-12T15:21:03.696Z",
            "tags": [
                {
                    "id": 121973107,
                    "tagId": 32511,
                    "name": "object id",
                    "value": 1083,
                    "labelerLogin": "inbox@datasetninja.com",
                    "createdAt": "2024-03-12T15:21:03.695Z",
                    "updatedAt": "2024-03-12T15:21:03.695Z"
                },
                {
                    "id": 121973108,
                    "tagId": 32513,
                    "name": "instance id",
                    "value": 83,
                    "labelerLogin": "inbox@datasetninja.com",
                    "createdAt": "2024-03-12T15:21:03.695Z",
                    "updatedAt": "2024-03-12T15:21:03.695Z"
                }
            ],
            "classTitle": "car",
            "points": {
                "exterior": [
                    [
                        330,
                        182
                    ],
                    [
                        434,
                        239
                    ]
                ],
                "interior": []
            }
        },
        {
            "id": 159513442,
            "classId": 6551258,
            "objectId": null,
            "description": "",
            "geometryType": "polygon",
            "labelerLogin": "inbox@datasetninja.com",
            "createdAt": "2024-03-12T15:21:03.697Z",
            "updatedAt": "2024-03-12T15:21:03.697Z",
            "tags": [
                {
                    "id": 121973109,
                    "tagId": 32511,
                    "name": "object id",
                    "value": 1086,
                    "labelerLogin": "inbox@datasetninja.com",
                    "createdAt": "2024-03-12T15:21:03.697Z",
                    "updatedAt": "2024-03-12T15:21:03.697Z"
                },
                {
                    "id": 121973110,
                    "tagId": 32513,
                    "name": "instance id",
                    "value": 86,
                    "labelerLogin": "inbox@datasetninja.com",
                    "createdAt": "2024-03-12T15:21:03.697Z",
                    "updatedAt": "2024-03-12T15:21:03.697Z"
                }
            ],
            "classTitle": "car",
            "points": {
                "exterior": [
                    [
                        630,
                        176
                    ],
                    [
                        629,
                        177
                    ],
                    [
                        624,
                        177
                    ],
                    [
                        623,
                        178
                    ],
                    [
                        617,
                        178
                    ],
                    [
                        616,
                        179
                    ],
                    [
                        612,
                        179
                    ],
                    [
                        611,
                        180
                    ],
                    [
                        610,
                        180
                    ],
                    [
                        609,
                        181
                    ],
                    [
                        608,
                        181
                    ],
                    [
                        607,
                        182
                    ],
                    [
                        606,
                        182
                    ],
                    [
                        604,
                        184
                    ],
                    [
                        603,
                        184
                    ],
                    [
                        602,
                        185
                    ],
                    [
                        601,
                        185
                    ],
                    [
                        597,
                        189
                    ],
                    [
                        595,
                        189
                    ],
                    [
                        594,
                        190
                    ],
                    [
                        592,
                        190
                    ],
                    [
                        591,
                        191
                    ],
                    [
                        583,
                        191
                    ],
                    [
                        582,
                        192
                    ],
                    [
                        577,
                        192
                    ],
                    [
                        576,
                        193
                    ],
                    [
                        575,
                        193
                    ],
                    [
                        574,
                        194
                    ],
                    [
                        572,
                        194
                    ],
                    [
                        571,
                        195
                    ],
                    [
                        569,
                        195
                    ],
                    [
                        566,
                        198
                    ],
                    [
                        566,
                        199
                    ],
                    [
                        565,
                        200
                    ],
                    [
                        565,
                        210
                    ],
                    [
                        566,
                        211
                    ],
                    [
                        566,
                        212
                    ],
                    [
                        567,
                        213
                    ],
                    [
                        568,
                        213
                    ],
                    [
                        569,
                        214
                    ],
                    [
                        596,
                        214
                    ],
                    [
                        597,
                        215
                    ],
                    [
                        598,
                        215
                    ],
                    [
                        599,
                        216
                    ],
                    [
                        600,
                        216
                    ],
                    [
                        601,
                        217
                    ],
                    [
                        608,
                        217
                    ],
                    [
                        609,
                        216
                    ],
                    [
                        610,
                        216
                    ],
                    [
                        610,
                        215
                    ],
                    [
                        612,
                        213
                    ],
                    [
                        614,
                        213
                    ],
                    [
                        615,
                        212
                    ],
                    [
                        631,
                        212
                    ],
                    [
                        632,
                        211
                    ],
                    [
                        645,
                        211
                    ],
                    [
                        646,
                        210
                    ],
                    [
                        665,
                        210
                    ],
                    [
                        667,
                        212
                    ],
                    [
                        669,
                        212
                    ],
                    [
                        670,
                        213
                    ],
                    [
                        677,
                        213
                    ],
                    [
                        678,
                        212
                    ],
                    [
                        680,
                        212
                    ],
                    [
                        680,
                        211
                    ],
                    [
                        682,
                        209
                    ],
                    [
                        683,
                        209
                    ],
                    [
                        684,
                        208
                    ],
                    [
                        685,
                        208
                    ],
                    [
                        686,
                        207
                    ],
                    [
                        687,
                        207
                    ],
                    [
                        691,
                        203
                    ],
                    [
                        691,
                        195
                    ],
                    [
                        689,
                        193
                    ],
                    [
                        689,
                        191
                    ],
                    [
                        688,
                        190
                    ],
                    [
                        688,
                        189
                    ],
                    [
                        687,
                        188
                    ],
                    [
                        687,
                        187
                    ],
                    [
                        686,
                        186
                    ],
                    [
                        686,
                        185
                    ],
                    [
                        685,
                        184
                    ],
                    [
                        683,
                        184
                    ],
                    [
                        682,
                        183
                    ],
                    [
                        672,
                        183
                    ],
                    [
                        671,
                        182
                    ],
                    [
                        669,
                        182
                    ],
                    [
                        668,
                        181
                    ],
                    [
                        666,
                        181
                    ],
                    [
                        665,
                        180
                    ],
                    [
                        664,
                        180
                    ],
                    [
                        663,
                        179
                    ],
                    [
                        660,
                        179
                    ],
                    [
                        659,
                        178
                    ],
                    [
                        653,
                        178
                    ],
                    [
                        652,
                        177
                    ],
                    [
                        645,
                        177
                    ],
                    [
                        644,
                        176
                    ]
                ],
                "interior": []
            }
        },
        {
            "id": 159513443,
            "classId": 6551258,
            "objectId": null,
            "description": "",
            "geometryType": "rectangle",
            "labelerLogin": "inbox@datasetninja.com",
            "createdAt": "2024-03-12T15:21:03.698Z",
            "updatedAt": "2024-03-12T15:21:03.698Z",
            "tags": [
                {
                    "id": 121973111,
                    "tagId": 32511,
                    "name": "object id",
                    "value": 1086,
                    "labelerLogin": "inbox@datasetninja.com",
                    "createdAt": "2024-03-12T15:21:03.698Z",
                    "updatedAt": "2024-03-12T15:21:03.698Z"
                },
                {
                    "id": 121973112,
                    "tagId": 32513,
                    "name": "instance id",
                    "value": 86,
                    "labelerLogin": "inbox@datasetninja.com",
                    "createdAt": "2024-03-12T15:21:03.698Z",
                    "updatedAt": "2024-03-12T15:21:03.698Z"
                }
            ],
            "classTitle": "car",
            "points": {
                "exterior": [
                    [
                        565,
                        176
                    ],
                    [
                        691,
                        217
                    ]
                ],
                "interior": []
            }
        },
        {
            "id": 159513444,
            "classId": 6551258,
            "objectId": null,
            "description": "",
            "geometryType": "polygon",
            "labelerLogin": "inbox@datasetninja.com",
            "createdAt": "2024-03-12T15:21:03.698Z",
            "updatedAt": "2024-03-12T15:21:03.698Z",
            "tags": [
                {
                    "id": 121973113,
                    "tagId": 32511,
                    "name": "object id",
                    "value": 1088,
                    "labelerLogin": "inbox@datasetninja.com",
                    "createdAt": "2024-03-12T15:21:03.698Z",
                    "updatedAt": "2024-03-12T15:21:03.698Z"
                },
                {
                    "id": 121973114,
                    "tagId": 32513,
                    "name": "instance id",
                    "value": 88,
                    "labelerLogin": "inbox@datasetninja.com",
                    "createdAt": "2024-03-12T15:21:03.698Z",
                    "updatedAt": "2024-03-12T15:21:03.698Z"
                }
            ],
            "classTitle": "car",
            "points": {
                "exterior": [
                    [
                        755,
                        165
                    ],
                    [
                        754,
                        166
                    ],
                    [
                        753,
                        166
                    ],
                    [
                        752,
                        167
                    ],
                    [
                        751,
                        167
                    ],
                    [
                        750,
                        168
                    ],
                    [
                        749,
                        168
                    ],
                    [
                        748,
                        169
                    ],
                    [
                        747,
                        169
                    ],
                    [
                        746,
                        170
                    ],
                    [
                        745,
                        170
                    ],
                    [
                        744,
                        171
                    ],
                    [
                        743,
                        171
                    ],
                    [
                        729,
                        185
                    ],
                    [
                        729,
                        186
                    ],
                    [
                        728,
                        187
                    ],
                    [
                        728,
                        188
                    ],
                    [
                        727,
                        189
                    ],
                    [
                        727,
                        190
                    ],
                    [
                        726,
                        191
                    ],
                    [
                        726,
                        192
                    ],
                    [
                        725,
                        193
                    ],
                    [
                        725,
                        197
                    ],
                    [
                        724,
                        198
                    ],
                    [
                        724,
                        207
                    ],
                    [
                        723,
                        208
                    ],
                    [
                        723,
                        214
                    ],
                    [
                        724,
                        215
                    ],
                    [
                        724,
                        220
                    ],
                    [
                        725,
                        221
                    ],
                    [
                        725,
                        223
                    ],
                    [
                        731,
                        223
                    ],
                    [
                        732,
                        224
                    ],
                    [
                        744,
                        224
                    ],
                    [
                        745,
                        225
                    ],
                    [
                        749,
                        225
                    ],
                    [
                        751,
                        227
                    ],
                    [
                        751,
                        228
                    ],
                    [
                        752,
                        229
                    ],
                    [
                        752,
                        230
                    ],
                    [
                        753,
                        231
                    ],
                    [
                        753,
                        232
                    ],
                    [
                        754,
                        233
                    ],
                    [
                        754,
                        234
                    ],
                    [
                        761,
                        234
                    ],
                    [
                        762,
                        235
                    ],
                    [
                        769,
                        235
                    ],
                    [
                        770,
                        234
                    ],
                    [
                        772,
                        234
                    ],
                    [
                        773,
                        233
                    ],
                    [
                        775,
                        233
                    ],
                    [
                        776,
                        232
                    ],
                    [
                        777,
                        232
                    ],
                    [
                        778,
                        231
                    ],
                    [
                        778,
                        230
                    ],
                    [
                        781,
                        227
                    ],
                    [
                        781,
                        226
                    ],
                    [
                        783,
                        224
                    ],
                    [
                        811,
                        224
                    ],
                    [
                        812,
                        223
                    ],
                    [
                        839,
                        223
                    ],
                    [
                        842,
                        226
                    ],
                    [
                        844,
                        226
                    ],
                    [
                        845,
                        227
                    ],
                    [
                        852,
                        227
                    ],
                    [
                        854,
                        225
                    ],
                    [
                        855,
                        225
                    ],
                    [
                        857,
                        223
                    ],
                    [
                        858,
                        224
                    ],
                    [
                        859,
                        224
                    ],
                    [
                        860,
                        225
                    ],
                    [
                        861,
                        225
                    ],
                    [
                        863,
                        227
                    ],
                    [
                        864,
                        227
                    ],
                    [
                        866,
                        229
                    ],
                    [
                        867,
                        229
                    ],
                    [
                        868,
                        230
                    ],
                    [
                        869,
                        230
                    ],
                    [
                        870,
                        231
                    ],
                    [
                        879,
                        231
                    ],
                    [
                        881,
                        229
                    ],
                    [
                        881,
                        228
                    ],
                    [
                        886,
                        223
                    ],
                    [
                        886,
                        222
                    ],
                    [
                        890,
                        218
                    ],
                    [
                        891,
                        218
                    ],
                    [
                        893,
                        216
                    ],
                    [
                        894,
                        216
                    ],
                    [
                        896,
                        214
                    ],
                    [
                        897,
                        214
                    ],
                    [
                        898,
                        213
                    ],
                    [
                        898,
                        212
                    ],
                    [
                        899,
                        211
                    ],
                    [
                        899,
                        210
                    ],
                    [
                        900,
                        209
                    ],
                    [
                        900,
                        208
                    ],
                    [
                        901,
                        207
                    ],
                    [
                        901,
                        206
                    ],
                    [
                        900,
                        205
                    ],
                    [
                        900,
                        204
                    ],
                    [
                        899,
                        203
                    ],
                    [
                        899,
                        202
                    ],
                    [
                        898,
                        201
                    ],
                    [
                        898,
                        200
                    ],
                    [
                        897,
                        199
                    ],
                    [
                        897,
                        198
                    ],
                    [
                        895,
                        196
                    ],
                    [
                        895,
                        195
                    ],
                    [
                        893,
                        193
                    ],
                    [
                        893,
                        192
                    ],
                    [
                        892,
                        191
                    ],
                    [
                        891,
                        191
                    ],
                    [
                        890,
                        190
                    ],
                    [
                        887,
                        190
                    ],
                    [
                        886,
                        189
                    ],
                    [
                        883,
                        189
                    ],
                    [
                        882,
                        188
                    ],
                    [
                        879,
                        188
                    ],
                    [
                        878,
                        187
                    ],
                    [
                        872,
                        187
                    ],
                    [
                        871,
                        186
                    ],
                    [
                        860,
                        186
                    ],
                    [
                        859,
                        185
                    ],
                    [
                        854,
                        185
                    ],
                    [
                        853,
                        184
                    ],
                    [
                        852,
                        184
                    ],
                    [
                        850,
                        182
                    ],
                    [
                        849,
                        182
                    ],
                    [
                        846,
                        179
                    ],
                    [
                        845,
                        179
                    ],
                    [
                        843,
                        177
                    ],
                    [
                        842,
                        177
                    ],
                    [
                        841,
                        176
                    ],
                    [
                        840,
                        176
                    ],
                    [
                        839,
                        175
                    ],
                    [
                        838,
                        175
                    ],
                    [
                        837,
                        174
                    ],
                    [
                        836,
                        174
                    ],
                    [
                        835,
                        173
                    ],
                    [
                        834,
                        173
                    ],
                    [
                        833,
                        172
                    ],
                    [
                        832,
                        172
                    ],
                    [
                        831,
                        171
                    ],
                    [
                        830,
                        171
                    ],
                    [
                        829,
                        170
                    ],
                    [
                        828,
                        170
                    ],
                    [
                        827,
                        169
                    ],
                    [
                        826,
                        169
                    ],
                    [
                        825,
                        168
                    ],
                    [
                        821,
                        168
                    ],
                    [
                        820,
                        167
                    ],
                    [
                        813,
                        167
                    ],
                    [
                        812,
                        166
                    ],
                    [
                        805,
                        166
                    ],
                    [
                        804,
                        165
                    ]
                ],
                "interior": []
            }
        },
        {
            "id": 159513445,
            "classId": 6551258,
            "objectId": null,
            "description": "",
            "geometryType": "rectangle",
            "labelerLogin": "inbox@datasetninja.com",
            "createdAt": "2024-03-12T15:21:03.698Z",
            "updatedAt": "2024-03-12T15:21:03.698Z",
            "tags": [
                {
                    "id": 121973115,
                    "tagId": 32511,
                    "name": "object id",
                    "value": 1088,
                    "labelerLogin": "inbox@datasetninja.com",
                    "createdAt": "2024-03-12T15:21:03.698Z",
                    "updatedAt": "2024-03-12T15:21:03.698Z"
                },
                {
                    "id": 121973116,
                    "tagId": 32513,
                    "name": "instance id",
                    "value": 88,
                    "labelerLogin": "inbox@datasetninja.com",
                    "createdAt": "2024-03-12T15:21:03.698Z",
                    "updatedAt": "2024-03-12T15:21:03.698Z"
                }
            ],
            "classTitle": "car",
            "points": {
                "exterior": [
                    [
                        723,
                        165
                    ],
                    [
                        901,
                        235
                    ]
                ],
                "interior": []
            }
        },
        {
            "id": 159513446,
            "classId": 6551259,
            "objectId": null,
            "description": "",
            "geometryType": "polygon",
            "labelerLogin": "inbox@datasetninja.com",
            "createdAt": "2024-03-12T15:21:03.699Z",
            "updatedAt": "2024-03-12T15:21:03.699Z",
            "tags": [],
            "classTitle": "ignore region",
            "points": {
                "exterior": [
                    [
                        324,
                        181
                    ],
                    [
                        324,
                        205
                    ],
                    [
                        352,
                        205
                    ],
                    [
                        353,
                        204
                    ],
                    [
                        355,
                        204
                    ],
                    [
                        356,
                        203
                    ],
                    [
                        358,
                        203
                    ],
                    [
                        359,
                        202
                    ],
                    [
                        360,
                        202
                    ],
                    [
                        361,
                        201
                    ],
                    [
                        362,
                        201
                    ],
                    [
                        363,
                        200
                    ],
                    [
                        363,
                        181
                    ]
                ],
                "interior": []
            }
        },
        {
            "id": 159513447,
            "classId": 6551259,
            "objectId": null,
            "description": "",
            "geometryType": "rectangle",
            "labelerLogin": "inbox@datasetninja.com",
            "createdAt": "2024-03-12T15:21:03.699Z",
            "updatedAt": "2024-03-12T15:21:03.699Z",
            "tags": [],
            "classTitle": "ignore region",
            "points": {
                "exterior": [
                    [
                        324,
                        181
                    ],
                    [
                        363,
                        205
                    ]
                ],
                "interior": []
            }
        }
    ]
}