{
    "description": "",
    "tags": [
        {
            "id": 21884373,
            "tagId": 32512,
            "name": "sequence",
            "value": "0001",
            "labelerLogin": "inbox@datasetninja.com",
            "createdAt": "2024-03-12T15:20:57.265Z",
            "updatedAt": "2024-03-12T15:20:57.265Z"
        }
    ],
    "size": {
        "height": 375,
        "width": 1242
    },
    "objects": [
        {
            "id": 159512650,
            "classId": 6551258,
            "objectId": null,
            "description": "",
            "geometryType": "polygon",
            "labelerLogin": "inbox@datasetninja.com",
            "createdAt": "2024-03-12T15:20:57.266Z",
            "updatedAt": "2024-03-12T15:20:57.266Z",
            "tags": [
                {
                    "id": 121972073,
                    "tagId": 32511,
                    "name": "object id",
                    "value": 1008,
                    "labelerLogin": "inbox@datasetninja.com",
                    "createdAt": "2024-03-12T15:20:57.266Z",
                    "updatedAt": "2024-03-12T15:20:57.266Z"
                },
                {
                    "id": 121972074,
                    "tagId": 32513,
                    "name": "instance id",
                    "value": 8,
                    "labelerLogin": "inbox@datasetninja.com",
                    "createdAt": "2024-03-12T15:20:57.266Z",
                    "updatedAt": "2024-03-12T15:20:57.266Z"
                }
            ],
            "classTitle": "car",
            "points": {
                "exterior": [
                    [
                        466,
                        190
                    ],
                    [
                        465,
                        191
                    ],
                    [
                        446,
                        191
                    ],
                    [
                        445,
                        192
                    ],
                    [
                        436,
                        192
                    ],
                    [
                        435,
                        193
                    ],
                    [
                        432,
                        193
                    ],
                    [
                        431,
                        194
                    ],
                    [
                        426,
                        194
                    ],
                    [
                        425,
                        195
                    ],
                    [
                        424,
                        195
                    ],
                    [
                        423,
                        196
                    ],
                    [
                        422,
                        196
                    ],
                    [
                        417,
                        201
                    ],
                    [
                        417,
                        202
                    ],
                    [
                        414,
                        205
                    ],
                    [
                        414,
                        206
                    ],
                    [
                        412,
                        208
                    ],
                    [
                        412,
                        209
                    ],
                    [
                        410,
                        211
                    ],
                    [
                        409,
                        211
                    ],
                    [
                        407,
                        213
                    ],
                    [
                        400,
                        213
                    ],
                    [
                        401,
                        213
                    ],
                    [
                        404,
                        216
                    ],
                    [
                        400,
                        220
                    ],
                    [
                        400,
                        221
                    ],
                    [
                        398,
                        223
                    ],
                    [
                        398,
                        224
                    ],
                    [
                        397,
                        225
                    ],
                    [
                        396,
                        225
                    ],
                    [
                        395,
                        226
                    ],
                    [
                        395,
                        227
                    ],
                    [
                        394,
                        228
                    ],
                    [
                        394,
                        229
                    ],
                    [
                        393,
                        230
                    ],
                    [
                        393,
                        248
                    ],
                    [
                        394,
                        249
                    ],
                    [
                        394,
                        252
                    ],
                    [
                        395,
                        253
                    ],
                    [
                        395,
                        256
                    ],
                    [
                        396,
                        257
                    ],
                    [
                        396,
                        259
                    ],
                    [
                        397,
                        259
                    ],
                    [
                        399,
                        261
                    ],
                    [
                        404,
                        261
                    ],
                    [
                        405,
                        260
                    ],
                    [
                        406,
                        260
                    ],
                    [
                        408,
                        258
                    ],
                    [
                        408,
                        257
                    ],
                    [
                        409,
                        256
                    ],
                    [
                        409,
                        255
                    ],
                    [
                        410,
                        254
                    ],
                    [
                        411,
                        254
                    ],
                    [
                        412,
                        253
                    ],
                    [
                        413,
                        253
                    ],
                    [
                        414,
                        252
                    ],
                    [
                        449,
                        252
                    ],
                    [
                        450,
                        251
                    ],
                    [
                        457,
                        251
                    ],
                    [
                        458,
                        250
                    ],
                    [
                        466,
                        250
                    ],
                    [
                        470,
                        254
                    ],
                    [
                        471,
                        254
                    ],
                    [
                        472,
                        255
                    ],
                    [
                        474,
                        255
                    ],
                    [
                        475,
                        254
                    ],
                    [
                        476,
                        254
                    ],
                    [
                        477,
                        253
                    ],
                    [
                        478,
                        253
                    ],
                    [
                        478,
                        251
                    ],
                    [
                        479,
                        250
                    ],
                    [
                        479,
                        245
                    ],
                    [
                        485,
                        239
                    ],
                    [
                        486,
                        240
                    ],
                    [
                        488,
                        240
                    ],
                    [
                        490,
                        242
                    ],
                    [
                        491,
                        242
                    ],
                    [
                        492,
                        243
                    ],
                    [
                        494,
                        241
                    ],
                    [
                        494,
                        219
                    ],
                    [
                        493,
                        218
                    ],
                    [
                        493,
                        216
                    ],
                    [
                        492,
                        215
                    ],
                    [
                        492,
                        211
                    ],
                    [
                        490,
                        209
                    ],
                    [
                        490,
                        208
                    ],
                    [
                        489,
                        207
                    ],
                    [
                        489,
                        206
                    ],
                    [
                        485,
                        202
                    ],
                    [
                        485,
                        201
                    ],
                    [
                        477,
                        193
                    ],
                    [
                        477,
                        192
                    ],
                    [
                        476,
                        192
                    ],
                    [
                        475,
                        191
                    ],
                    [
                        474,
                        191
                    ],
                    [
                        473,
                        190
                    ]
                ],
                "interior": []
            }
        },
        {
            "id": 159512651,
            "classId": 6551258,
            "objectId": null,
            "description": "",
            "geometryType": "rectangle",
            "labelerLogin": "inbox@datasetninja.com",
            "createdAt": "2024-03-12T15:20:57.267Z",
            "updatedAt": "2024-03-12T15:20:57.267Z",
            "tags": [
                {
                    "id": 121972075,
                    "tagId": 32511,
                    "name": "object id",
                    "value": 1008,
                    "labelerLogin": "inbox@datasetninja.com",
                    "createdAt": "2024-03-12T15:20:57.267Z",
                    "updatedAt": "2024-03-12T15:20:57.267Z"
                },
                {
                    "id": 121972076,
                    "tagId": 32513,
                    "name": "instance id",
                    "value": 8,
                    "labelerLogin": "inbox@datasetninja.com",
                    "createdAt": "2024-03-12T15:20:57.267Z",
                    "updatedAt": "2024-03-12T15:20:57.267Z"
                }
            ],
            "classTitle": "car",
            "points": {
                "exterior": [
                    [
                        393,
                        190
                    ],
                    [
                        494,
                        261
                    ]
                ],
                "interior": []
            }
        },
        {
            "id": 159512652,
            "classId": 6551258,
            "objectId": null,
            "description": "",
            "geometryType": "polygon",
            "labelerLogin": "inbox@datasetninja.com",
            "createdAt": "2024-03-12T15:20:57.268Z",
            "updatedAt": "2024-03-12T15:20:57.268Z",
            "tags": [
                {
                    "id": 121972077,
                    "tagId": 32511,
                    "name": "object id",
                    "value": 1010,
                    "labelerLogin": "inbox@datasetninja.com",
                    "createdAt": "2024-03-12T15:20:57.268Z",
                    "updatedAt": "2024-03-12T15:20:57.268Z"
                },
                {
                    "id": 121972078,
                    "tagId": 32513,
                    "name": "instance id",
                    "value": 10,
                    "labelerLogin": "inbox@datasetninja.com",
                    "createdAt": "2024-03-12T15:20:57.268Z",
                    "updatedAt": "2024-03-12T15:20:57.268Z"
                }
            ],
            "classTitle": "car",
            "points": {
                "exterior": [
                    [
                        308,
                        202
                    ],
                    [
                        307,
                        203
                    ],
                    [
                        286,
                        203
                    ],
                    [
                        285,
                        204
                    ],
                    [
                        280,
                        204
                    ],
                    [
                        279,
                        205
                    ],
                    [
                        277,
                        205
                    ],
                    [
                        276,
                        206
                    ],
                    [
                        274,
                        206
                    ],
                    [
                        273,
                        207
                    ],
                    [
                        272,
                        207
                    ],
                    [
                        271,
                        208
                    ],
                    [
                        270,
                        208
                    ],
                    [
                        269,
                        209
                    ],
                    [
                        269,
                        210
                    ],
                    [
                        266,
                        213
                    ],
                    [
                        266,
                        214
                    ],
                    [
                        265,
                        215
                    ],
                    [
                        264,
                        215
                    ],
                    [
                        264,
                        216
                    ],
                    [
                        257,
                        223
                    ],
                    [
                        256,
                        223
                    ],
                    [
                        256,
                        224
                    ],
                    [
                        255,
                        225
                    ],
                    [
                        254,
                        225
                    ],
                    [
                        251,
                        228
                    ],
                    [
                        250,
                        228
                    ],
                    [
                        248,
                        230
                    ],
                    [
                        247,
                        230
                    ],
                    [
                        246,
                        231
                    ],
                    [
                        244,
                        231
                    ],
                    [
                        243,
                        232
                    ],
                    [
                        241,
                        232
                    ],
                    [
                        239,
                        234
                    ],
                    [
                        238,
                        234
                    ],
                    [
                        236,
                        236
                    ],
                    [
                        236,
                        238
                    ],
                    [
                        237,
                        239
                    ],
                    [
                        239,
                        239
                    ],
                    [
                        240,
                        240
                    ],
                    [
                        246,
                        240
                    ],
                    [
                        247,
                        241
                    ],
                    [
                        266,
                        241
                    ],
                    [
                        267,
                        242
                    ],
                    [
                        271,
                        242
                    ],
                    [
                        273,
                        244
                    ],
                    [
                        274,
                        244
                    ],
                    [
                        280,
                        250
                    ],
                    [
                        280,
                        251
                    ],
                    [
                        282,
                        253
                    ],
                    [
                        286,
                        253
                    ],
                    [
                        287,
                        254
                    ],
                    [
                        294,
                        254
                    ],
                    [
                        295,
                        255
                    ],
                    [
                        299,
                        255
                    ],
                    [
                        300,
                        256
                    ],
                    [
                        301,
                        256
                    ],
                    [
                        302,
                        257
                    ],
                    [
                        302,
                        258
                    ],
                    [
                        303,
                        259
                    ],
                    [
                        303,
                        264
                    ],
                    [
                        304,
                        265
                    ],
                    [
                        304,
                        267
                    ],
                    [
                        306,
                        269
                    ],
                    [
                        306,
                        270
                    ],
                    [
                        307,
                        270
                    ],
                    [
                        309,
                        272
                    ],
                    [
                        314,
                        272
                    ],
                    [
                        315,
                        271
                    ],
                    [
                        316,
                        271
                    ],
                    [
                        317,
                        270
                    ],
                    [
                        318,
                        270
                    ],
                    [
                        319,
                        269
                    ],
                    [
                        319,
                        267
                    ],
                    [
                        320,
                        266
                    ],
                    [
                        320,
                        265
                    ],
                    [
                        321,
                        264
                    ],
                    [
                        321,
                        260
                    ],
                    [
                        324,
                        257
                    ],
                    [
                        325,
                        257
                    ],
                    [
                        326,
                        256
                    ],
                    [
                        327,
                        256
                    ],
                    [
                        328,
                        255
                    ],
                    [
                        330,
                        255
                    ],
                    [
                        331,
                        254
                    ],
                    [
                        334,
                        254
                    ],
                    [
                        335,
                        253
                    ],
                    [
                        338,
                        253
                    ],
                    [
                        339,
                        252
                    ],
                    [
                        342,
                        252
                    ],
                    [
                        343,
                        251
                    ],
                    [
                        344,
                        252
                    ],
                    [
                        345,
                        252
                    ],
                    [
                        348,
                        255
                    ],
                    [
                        348,
                        256
                    ],
                    [
                        351,
                        259
                    ],
                    [
                        358,
                        259
                    ],
                    [
                        358,
                        258
                    ],
                    [
                        360,
                        256
                    ],
                    [
                        360,
                        253
                    ],
                    [
                        361,
                        252
                    ],
                    [
                        361,
                        250
                    ],
                    [
                        362,
                        249
                    ],
                    [
                        362,
                        244
                    ],
                    [
                        363,
                        243
                    ],
                    [
                        363,
                        242
                    ],
                    [
                        364,
                        241
                    ],
                    [
                        364,
                        240
                    ],
                    [
                        365,
                        239
                    ],
                    [
                        365,
                        230
                    ],
                    [
                        364,
                        229
                    ],
                    [
                        364,
                        226
                    ],
                    [
                        363,
                        225
                    ],
                    [
                        363,
                        221
                    ],
                    [
                        362,
                        220
                    ],
                    [
                        362,
                        218
                    ],
                    [
                        358,
                        214
                    ],
                    [
                        357,
                        214
                    ],
                    [
                        347,
                        204
                    ],
                    [
                        346,
                        204
                    ],
                    [
                        345,
                        203
                    ],
                    [
                        343,
                        203
                    ],
                    [
                        342,
                        202
                    ]
                ],
                "interior": []
            }
        },
        {
            "id": 159512653,
            "classId": 6551258,
            "objectId": null,
            "description": "",
            "geometryType": "rectangle",
            "labelerLogin": "inbox@datasetninja.com",
            "createdAt": "2024-03-12T15:20:57.269Z",
            "updatedAt": "2024-03-12T15:20:57.269Z",
            "tags": [
                {
                    "id": 121972079,
                    "tagId": 32511,
                    "name": "object id",
                    "value": 1010,
                    "labelerLogin": "inbox@datasetninja.com",
                    "createdAt": "2024-03-12T15:20:57.269Z",
                    "updatedAt": "2024-03-12T15:20:57.269Z"
                },
                {
                    "id": 121972080,
                    "tagId": 32513,
                    "name": "instance id",
                    "value": 10,
                    "labelerLogin": "inbox@datasetninja.com",
                    "createdAt": "2024-03-12T15:20:57.269Z",
                    "updatedAt": "2024-03-12T15:20:57.269Z"
                }
            ],
            "classTitle": "car",
            "points": {
                "exterior": [
                    [
                        236,
                        202
                    ],
                    [
                        365,
                        272
                    ]
                ],
                "interior": []
            }
        },
        {
            "id": 159512654,
            "classId": 6551258,
            "objectId": null,
            "description": "",
            "geometryType": "polygon",
            "labelerLogin": "inbox@datasetninja.com",
            "createdAt": "2024-03-12T15:20:57.270Z",
            "updatedAt": "2024-03-12T15:20:57.270Z",
            "tags": [
                {
                    "id": 121972081,
                    "tagId": 32511,
                    "name": "object id",
                    "value": 1011,
                    "labelerLogin": "inbox@datasetninja.com",
                    "createdAt": "2024-03-12T15:20:57.269Z",
                    "updatedAt": "2024-03-12T15:20:57.269Z"
                },
                {
                    "id": 121972082,
                    "tagId": 32513,
                    "name": "instance id",
                    "value": 11,
                    "labelerLogin": "inbox@datasetninja.com",
                    "createdAt": "2024-03-12T15:20:57.269Z",
                    "updatedAt": "2024-03-12T15:20:57.269Z"
                }
            ],
            "classTitle": "car",
            "points": {
                "exterior": [
                    [
                        643,
                        179
                    ],
                    [
                        642,
                        180
                    ],
                    [
                        639,
                        180
                    ],
                    [
                        637,
                        182
                    ],
                    [
                        637,
                        183
                    ],
                    [
                        634,
                        186
                    ],
                    [
                        634,
                        187
                    ],
                    [
                        633,
                        188
                    ],
                    [
                        633,
                        190
                    ],
                    [
                        632,
                        191
                    ],
                    [
                        632,
                        203
                    ],
                    [
                        633,
                        204
                    ],
                    [
                        633,
                        205
                    ],
                    [
                        634,
                        205
                    ],
                    [
                        635,
                        206
                    ],
                    [
                        637,
                        206
                    ],
                    [
                        639,
                        204
                    ],
                    [
                        640,
                        204
                    ],
                    [
                        641,
                        203
                    ],
                    [
                        649,
                        203
                    ],
                    [
                        650,
                        202
                    ],
                    [
                        656,
                        202
                    ],
                    [
                        657,
                        201
                    ],
                    [
                        657,
                        198
                    ],
                    [
                        658,
                        197
                    ],
                    [
                        657,
                        196
                    ],
                    [
                        657,
                        192
                    ],
                    [
                        658,
                        191
                    ],
                    [
                        658,
                        186
                    ],
                    [
                        659,
                        185
                    ],
                    [
                        660,
                        186
                    ],
                    [
                        660,
                        195
                    ],
                    [
                        661,
                        196
                    ],
                    [
                        661,
                        201
                    ],
                    [
                        662,
                        202
                    ],
                    [
                        662,
                        203
                    ],
                    [
                        664,
                        205
                    ],
                    [
                        665,
                        204
                    ],
                    [
                        667,
                        204
                    ],
                    [
                        667,
                        201
                    ],
                    [
                        668,
                        200
                    ],
                    [
                        668,
                        192
                    ],
                    [
                        667,
                        191
                    ],
                    [
                        667,
                        190
                    ],
                    [
                        665,
                        188
                    ],
                    [
                        665,
                        187
                    ],
                    [
                        664,
                        186
                    ],
                    [
                        664,
                        185
                    ],
                    [
                        663,
                        184
                    ],
                    [
                        663,
                        183
                    ],
                    [
                        661,
                        181
                    ],
                    [
                        659,
                        181
                    ],
                    [
                        658,
                        180
                    ],
                    [
                        658,
                        179
                    ]
                ],
                "interior": []
            }
        },
        {
            "id": 159512655,
            "classId": 6551258,
            "objectId": null,
            "description": "",
            "geometryType": "rectangle",
            "labelerLogin": "inbox@datasetninja.com",
            "createdAt": "2024-03-12T15:20:57.271Z",
            "updatedAt": "2024-03-12T15:20:57.271Z",
            "tags": [
                {
                    "id": 121972083,
                    "tagId": 32511,
                    "name": "object id",
                    "value": 1011,
                    "labelerLogin": "inbox@datasetninja.com",
                    "createdAt": "2024-03-12T15:20:57.271Z",
                    "updatedAt": "2024-03-12T15:20:57.271Z"
                },
                {
                    "id": 121972084,
                    "tagId": 32513,
                    "name": "instance id",
                    "value": 11,
                    "labelerLogin": "inbox@datasetninja.com",
                    "createdAt": "2024-03-12T15:20:57.271Z",
                    "updatedAt": "2024-03-12T15:20:57.271Z"
                }
            ],
            "classTitle": "car",
            "points": {
                "exterior": [
                    [
                        632,
                        179
                    ],
                    [
                        668,
                        206
                    ]
                ],
                "interior": []
            }
        },
        {
            "id": 159512656,
            "classId": 6551258,
            "objectId": null,
            "description": "",
            "geometryType": "polygon",
            "labelerLogin": "inbox@datasetninja.com",
            "createdAt": "2024-03-12T15:20:57.273Z",
            "updatedAt": "2024-03-12T15:20:57.273Z",
            "tags": [
                {
                    "id": 121972085,
                    "tagId": 32511,
                    "name": "object id",
                    "value": 1012,
                    "labelerLogin": "inbox@datasetninja.com",
                    "createdAt": "2024-03-12T15:20:57.272Z",
                    "updatedAt": "2024-03-12T15:20:57.272Z"
                },
                {
                    "id": 121972086,
                    "tagId": 32513,
                    "name": "instance id",
                    "value": 12,
                    "labelerLogin": "inbox@datasetninja.com",
                    "createdAt": "2024-03-12T15:20:57.272Z",
                    "updatedAt": "2024-03-12T15:20:57.272Z"
                }
            ],
            "classTitle": "car",
            "points": {
                "exterior": [
                    [
                        491,
                        189
                    ],
                    [
                        490,
                        190
                    ],
                    [
                        482,
                        190
                    ],
                    [
                        481,
                        191
                    ],
                    [
                        479,
                        191
                    ],
                    [
                        478,
                        192
                    ],
                    [
                        478,
                        193
                    ],
                    [
                        486,
                        201
                    ],
                    [
                        486,
                        202
                    ],
                    [
                        490,
                        206
                    ],
                    [
                        490,
                        207
                    ],
                    [
                        491,
                        208
                    ],
                    [
                        491,
                        209
                    ],
                    [
                        493,
                        211
                    ],
                    [
                        493,
                        215
                    ],
                    [
                        494,
                        216
                    ],
                    [
                        494,
                        218
                    ],
                    [
                        495,
                        219
                    ],
                    [
                        495,
                        223
                    ],
                    [
                        496,
                        224
                    ],
                    [
                        513,
                        224
                    ],
                    [
                        514,
                        223
                    ],
                    [
                        517,
                        223
                    ],
                    [
                        518,
                        222
                    ],
                    [
                        521,
                        222
                    ],
                    [
                        522,
                        221
                    ],
                    [
                        522,
                        215
                    ],
                    [
                        523,
                        214
                    ],
                    [
                        523,
                        212
                    ],
                    [
                        522,
                        211
                    ],
                    [
                        522,
                        206
                    ],
                    [
                        521,
                        205
                    ],
                    [
                        521,
                        202
                    ],
                    [
                        520,
                        201
                    ],
                    [
                        520,
                        200
                    ],
                    [
                        519,
                        199
                    ],
                    [
                        519,
                        198
                    ],
                    [
                        516,
                        195
                    ],
                    [
                        516,
                        194
                    ],
                    [
                        514,
                        192
                    ],
                    [
                        514,
                        191
                    ],
                    [
                        513,
                        191
                    ],
                    [
                        512,
                        190
                    ],
                    [
                        510,
                        190
                    ],
                    [
                        509,
                        189
                    ]
                ],
                "interior": []
            }
        },
        {
            "id": 159512657,
            "classId": 6551258,
            "objectId": null,
            "description": "",
            "geometryType": "rectangle",
            "labelerLogin": "inbox@datasetninja.com",
            "createdAt": "2024-03-12T15:20:57.274Z",
            "updatedAt": "2024-03-12T15:20:57.274Z",
            "tags": [
                {
                    "id": 121972087,
                    "tagId": 32511,
                    "name": "object id",
                    "value": 1012,
                    "labelerLogin": "inbox@datasetninja.com",
                    "createdAt": "2024-03-12T15:20:57.273Z",
                    "updatedAt": "2024-03-12T15:20:57.273Z"
                },
                {
                    "id": 121972088,
                    "tagId": 32513,
                    "name": "instance id",
                    "value": 12,
                    "labelerLogin": "inbox@datasetninja.com",
                    "createdAt": "2024-03-12T15:20:57.273Z",
                    "updatedAt": "2024-03-12T15:20:57.273Z"
                }
            ],
            "classTitle": "car",
            "points": {
                "exterior": [
                    [
                        478,
                        189
                    ],
                    [
                        523,
                        224
                    ]
                ],
                "interior": []
            }
        },
        {
            "id": 159512658,
            "classId": 6551258,
            "objectId": null,
            "description": "",
            "geometryType": "polygon",
            "labelerLogin": "inbox@datasetninja.com",
            "createdAt": "2024-03-12T15:20:57.274Z",
            "updatedAt": "2024-03-12T15:20:57.274Z",
            "tags": [
                {
                    "id": 121972089,
                    "tagId": 32511,
                    "name": "object id",
                    "value": 1013,
                    "labelerLogin": "inbox@datasetninja.com",
                    "createdAt": "2024-03-12T15:20:57.274Z",
                    "updatedAt": "2024-03-12T15:20:57.274Z"
                },
                {
                    "id": 121972090,
                    "tagId": 32513,
                    "name": "instance id",
                    "value": 13,
                    "labelerLogin": "inbox@datasetninja.com",
                    "createdAt": "2024-03-12T15:20:57.274Z",
                    "updatedAt": "2024-03-12T15:20:57.274Z"
                }
            ],
            "classTitle": "car",
            "points": {
                "exterior": [
                    [
                        844,
                        181
                    ],
                    [
                        844,
                        182
                    ],
                    [
                        843,
                        183
                    ],
                    [
                        843,
                        187
                    ],
                    [
                        844,
                        188
                    ],
                    [
                        844,
                        192
                    ],
                    [
                        845,
                        192
                    ],
                    [
                        846,
                        191
                    ],
                    [
                        847,
                        191
                    ],
                    [
                        847,
                        183
                    ],
                    [
                        846,
                        183
                    ],
                    [
                        845,
                        182
                    ],
                    [
                        845,
                        181
                    ]
                ],
                "interior": []
            }
        },
        {
            "id": 159512659,
            "classId": 6551258,
            "objectId": null,
            "description": "",
            "geometryType": "rectangle",
            "labelerLogin": "inbox@datasetninja.com",
            "createdAt": "2024-03-12T15:20:57.278Z",
            "updatedAt": "2024-03-12T15:20:57.278Z",
            "tags": [
                {
                    "id": 121972091,
                    "tagId": 32511,
                    "name": "object id",
                    "value": 1013,
                    "labelerLogin": "inbox@datasetninja.com",
                    "createdAt": "2024-03-12T15:20:57.277Z",
                    "updatedAt": "2024-03-12T15:20:57.277Z"
                },
                {
                    "id": 121972092,
                    "tagId": 32513,
                    "name": "instance id",
                    "value": 13,
                    "labelerLogin": "inbox@datasetninja.com",
                    "createdAt": "2024-03-12T15:20:57.277Z",
                    "updatedAt": "2024-03-12T15:20:57.277Z"
                }
            ],
            "classTitle": "car",
            "points": {
                "exterior": [
                    [
                        843,
                        181
                    ],
                    [
                        847,
                        192
                    ]
                ],
                "interior": []
            }
        },
        {
            "id": 159512660,
            "classId": 6551258,
            "objectId": null,
            "description": "",
            "geometryType": "polygon",
            "labelerLogin": "inbox@datasetninja.com",
            "createdAt": "2024-03-12T15:20:57.278Z",
            "updatedAt": "2024-03-12T15:20:57.278Z",
            "tags": [
                {
                    "id": 121972093,
                    "tagId": 32511,
                    "name": "object id",
                    "value": 1013,
                    "labelerLogin": "inbox@datasetninja.com",
                    "createdAt": "2024-03-12T15:20:57.278Z",
                    "updatedAt": "2024-03-12T15:20:57.278Z"
                },
                {
                    "id": 121972094,
                    "tagId": 32513,
                    "name": "instance id",
                    "value": 13,
                    "labelerLogin": "inbox@datasetninja.com",
                    "createdAt": "2024-03-12T15:20:57.278Z",
                    "updatedAt": "2024-03-12T15:20:57.278Z"
                }
            ],
            "classTitle": "car",
            "points": {
                "exterior": [
                    [
                        798,
                        167
                    ],
                    [
                        797,
                        168
                    ],
                    [
                        788,
                        168
                    ],
                    [
                        787,
                        169
                    ],
                    [
                        782,
                        169
                    ],
                    [
                        781,
                        170
                    ],
                    [
                        780,
                        170
                    ],
                    [
                        779,
                        171
                    ],
                    [
                        777,
                        171
                    ],
                    [
                        776,
                        172
                    ],
                    [
                        775,
                        172
                    ],
                    [
                        774,
                        173
                    ],
                    [
                        773,
                        173
                    ],
                    [
                        771,
                        175
                    ],
                    [
                        770,
                        175
                    ],
                    [
                        769,
                        176
                    ],
                    [
                        768,
                        176
                    ],
                    [
                        767,
                        177
                    ],
                    [
                        766,
                        177
                    ],
                    [
                        765,
                        178
                    ],
                    [
                        764,
                        178
                    ],
                    [
                        762,
                        180
                    ],
                    [
                        761,
                        180
                    ],
                    [
                        760,
                        181
                    ],
                    [
                        757,
                        181
                    ],
                    [
                        756,
                        182
                    ],
                    [
                        753,
                        182
                    ],
                    [
                        752,
                        183
                    ],
                    [
                        749,
                        183
                    ],
                    [
                        749,
                        193
                    ],
                    [
                        750,
                        194
                    ],
                    [
                        750,
                        197
                    ],
                    [
                        751,
                        198
                    ],
                    [
                        751,
                        199
                    ],
                    [
                        752,
                        200
                    ],
                    [
                        752,
                        203
                    ],
                    [
                        754,
                        203
                    ],
                    [
                        755,
                        204
                    ],
                    [
                        757,
                        204
                    ],
                    [
                        758,
                        205
                    ],
                    [
                        761,
                        205
                    ],
                    [
                        762,
                        204
                    ],
                    [
                        764,
                        204
                    ],
                    [
                        766,
                        202
                    ],
                    [
                        767,
                        202
                    ],
                    [
                        768,
                        201
                    ],
                    [
                        769,
                        201
                    ],
                    [
                        770,
                        200
                    ],
                    [
                        795,
                        200
                    ],
                    [
                        796,
                        199
                    ],
                    [
                        809,
                        199
                    ],
                    [
                        810,
                        200
                    ],
                    [
                        819,
                        200
                    ],
                    [
                        820,
                        201
                    ],
                    [
                        829,
                        201
                    ],
                    [
                        830,
                        200
                    ],
                    [
                        831,
                        200
                    ],
                    [
                        831,
                        199
                    ],
                    [
                        834,
                        196
                    ],
                    [
                        835,
                        196
                    ],
                    [
                        836,
                        195
                    ],
                    [
                        836,
                        186
                    ],
                    [
                        835,
                        185
                    ],
                    [
                        835,
                        183
                    ],
                    [
                        836,
                        182
                    ],
                    [
                        836,
                        180
                    ],
                    [
                        835,
                        179
                    ],
                    [
                        835,
                        177
                    ],
                    [
                        833,
                        175
                    ],
                    [
                        832,
                        175
                    ],
                    [
                        831,
                        174
                    ],
                    [
                        829,
                        174
                    ],
                    [
                        827,
                        172
                    ],
                    [
                        825,
                        172
                    ],
                    [
                        824,
                        171
                    ],
                    [
                        822,
                        171
                    ],
                    [
                        821,
                        170
                    ],
                    [
                        819,
                        170
                    ],
                    [
                        818,
                        169
                    ],
                    [
                        814,
                        169
                    ],
                    [
                        813,
                        168
                    ],
                    [
                        806,
                        168
                    ],
                    [
                        805,
                        167
                    ]
                ],
                "interior": []
            }
        },
        {
            "id": 159512661,
            "classId": 6551258,
            "objectId": null,
            "description": "",
            "geometryType": "rectangle",
            "labelerLogin": "inbox@datasetninja.com",
            "createdAt": "2024-03-12T15:20:57.279Z",
            "updatedAt": "2024-03-12T15:20:57.279Z",
            "tags": [
                {
                    "id": 121972095,
                    "tagId": 32511,
                    "name": "object id",
                    "value": 1013,
                    "labelerLogin": "inbox@datasetninja.com",
                    "createdAt": "2024-03-12T15:20:57.279Z",
                    "updatedAt": "2024-03-12T15:20:57.279Z"
                },
                {
                    "id": 121972096,
                    "tagId": 32513,
                    "name": "instance id",
                    "value": 13,
                    "labelerLogin": "inbox@datasetninja.com",
                    "createdAt": "2024-03-12T15:20:57.279Z",
                    "updatedAt": "2024-03-12T15:20:57.279Z"
                }
            ],
            "classTitle": "car",
            "points": {
                "exterior": [
                    [
                        749,
                        167
                    ],
                    [
                        836,
                        205
                    ]
                ],
                "interior": []
            }
        },
        {
            "id": 159512662,
            "classId": 6551258,
            "objectId": null,
            "description": "",
            "geometryType": "polygon",
            "labelerLogin": "inbox@datasetninja.com",
            "createdAt": "2024-03-12T15:20:57.280Z",
            "updatedAt": "2024-03-12T15:20:57.280Z",
            "tags": [
                {
                    "id": 121972097,
                    "tagId": 32511,
                    "name": "object id",
                    "value": 1014,
                    "labelerLogin": "inbox@datasetninja.com",
                    "createdAt": "2024-03-12T15:20:57.280Z",
                    "updatedAt": "2024-03-12T15:20:57.280Z"
                },
                {
                    "id": 121972098,
                    "tagId": 32513,
                    "name": "instance id",
                    "value": 14,
                    "labelerLogin": "inbox@datasetninja.com",
                    "createdAt": "2024-03-12T15:20:57.280Z",
                    "updatedAt": "2024-03-12T15:20:57.280Z"
                }
            ],
            "classTitle": "car",
            "points": {
                "exterior": [
                    [
                        797,
                        157
                    ],
                    [
                        796,
                        158
                    ],
                    [
                        786,
                        158
                    ],
                    [
                        785,
                        159
                    ],
                    [
                        779,
                        159
                    ],
                    [
                        778,
                        160
                    ],
                    [
                        773,
                        160
                    ],
                    [
                        772,
                        161
                    ],
                    [
                        768,
                        161
                    ],
                    [
                        767,
                        162
                    ],
                    [
                        765,
                        162
                    ],
                    [
                        764,
                        163
                    ],
                    [
                        762,
                        163
                    ],
                    [
                        761,
                        164
                    ],
                    [
                        760,
                        164
                    ],
                    [
                        759,
                        165
                    ],
                    [
                        757,
                        165
                    ],
                    [
                        756,
                        166
                    ],
                    [
                        755,
                        166
                    ],
                    [
                        751,
                        170
                    ],
                    [
                        750,
                        170
                    ],
                    [
                        746,
                        174
                    ],
                    [
                        746,
                        177
                    ],
                    [
                        747,
                        178
                    ],
                    [
                        747,
                        181
                    ],
                    [
                        751,
                        181
                    ],
                    [
                        752,
                        180
                    ],
                    [
                        757,
                        180
                    ],
                    [
                        758,
                        179
                    ],
                    [
                        760,
                        179
                    ],
                    [
                        761,
                        178
                    ],
                    [
                        762,
                        178
                    ],
                    [
                        764,
                        176
                    ],
                    [
                        765,
                        176
                    ],
                    [
                        767,
                        174
                    ],
                    [
                        768,
                        174
                    ],
                    [
                        769,
                        173
                    ],
                    [
                        770,
                        173
                    ],
                    [
                        771,
                        172
                    ],
                    [
                        772,
                        172
                    ],
                    [
                        773,
                        171
                    ],
                    [
                        774,
                        171
                    ],
                    [
                        775,
                        170
                    ],
                    [
                        777,
                        170
                    ],
                    [
                        778,
                        169
                    ],
                    [
                        781,
                        169
                    ],
                    [
                        782,
                        168
                    ],
                    [
                        785,
                        168
                    ],
                    [
                        786,
                        167
                    ],
                    [
                        794,
                        167
                    ],
                    [
                        795,
                        166
                    ],
                    [
                        805,
                        166
                    ],
                    [
                        806,
                        167
                    ],
                    [
                        813,
                        167
                    ],
                    [
                        814,
                        168
                    ],
                    [
                        817,
                        168
                    ],
                    [
                        817,
                        167
                    ],
                    [
                        816,
                        166
                    ],
                    [
                        816,
                        164
                    ],
                    [
                        815,
                        163
                    ],
                    [
                        815,
                        162
                    ],
                    [
                        814,
                        161
                    ],
                    [
                        813,
                        161
                    ],
                    [
                        812,
                        160
                    ],
                    [
                        811,
                        160
                    ],
                    [
                        810,
                        159
                    ],
                    [
                        809,
                        159
                    ],
                    [
                        808,
                        158
                    ],
                    [
                        806,
                        158
                    ],
                    [
                        805,
                        157
                    ]
                ],
                "interior": []
            }
        },
        {
            "id": 159512663,
            "classId": 6551258,
            "objectId": null,
            "description": "",
            "geometryType": "rectangle",
            "labelerLogin": "inbox@datasetninja.com",
            "createdAt": "2024-03-12T15:20:57.283Z",
            "updatedAt": "2024-03-12T15:20:57.283Z",
            "tags": [
                {
                    "id": 121972099,
                    "tagId": 32511,
                    "name": "object id",
                    "value": 1014,
                    "labelerLogin": "inbox@datasetninja.com",
                    "createdAt": "2024-03-12T15:20:57.282Z",
                    "updatedAt": "2024-03-12T15:20:57.282Z"
                },
                {
                    "id": 121972100,
                    "tagId": 32513,
                    "name": "instance id",
                    "value": 14,
                    "labelerLogin": "inbox@datasetninja.com",
                    "createdAt": "2024-03-12T15:20:57.282Z",
                    "updatedAt": "2024-03-12T15:20:57.282Z"
                }
            ],
            "classTitle": "car",
            "points": {
                "exterior": [
                    [
                        746,
                        157
                    ],
                    [
                        817,
                        181
                    ]
                ],
                "interior": []
            }
        },
        {
            "id": 159512664,
            "classId": 6551259,
            "objectId": null,
            "description": "",
            "geometryType": "polygon",
            "labelerLogin": "inbox@datasetninja.com",
            "createdAt": "2024-03-12T15:20:57.284Z",
            "updatedAt": "2024-03-12T15:20:57.284Z",
            "tags": [],
            "classTitle": "ignore region",
            "points": {
                "exterior": [
                    [
                        0,
                        242
                    ],
                    [
                        0,
                        371
                    ],
                    [
                        42,
                        371
                    ],
                    [
                        42,
                        242
                    ]
                ],
                "interior": []
            }
        },
        {
            "id": 159512665,
            "classId": 6551259,
            "objectId": null,
            "description": "",
            "geometryType": "rectangle",
            "labelerLogin": "inbox@datasetninja.com",
            "createdAt": "2024-03-12T15:20:57.284Z",
            "updatedAt": "2024-03-12T15:20:57.284Z",
            "tags": [],
            "classTitle": "ignore region",
            "points": {
                "exterior": [
                    [
                        0,
                        242
                    ],
                    [
                        42,
                        371
                    ]
                ],
                "interior": []
            }
        },
        {
            "id": 159512666,
            "classId": 6551259,
            "objectId": null,
            "description": "",
            "geometryType": "polygon",
            "labelerLogin": "inbox@datasetninja.com",
            "createdAt": "2024-03-12T15:20:57.285Z",
            "updatedAt": "2024-03-12T15:20:57.285Z",
            "tags": [],
            "classTitle": "ignore region",
            "points": {
                "exterior": [
                    [
                        461,
                        177
                    ],
                    [
                        461,
                        190
                    ],
                    [
                        465,
                        190
                    ],
                    [
                        466,
                        189
                    ],
                    [
                        473,
                        189
                    ],
                    [
                        474,
                        190
                    ],
                    [
                        475,
                        190
                    ],
                    [
                        476,
                        191
                    ],
                    [
                        478,
                        191
                    ],
                    [
                        479,
                        190
                    ],
                    [
                        481,
                        190
                    ],
                    [
                        482,
                        189
                    ],
                    [
                        490,
                        189
                    ],
                    [
                        491,
                        188
                    ],
                    [
                        504,
                        188
                    ],
                    [
                        504,
                        177
                    ]
                ],
                "interior": []
            }
        },
        {
            "id": 159512667,
            "classId": 6551259,
            "objectId": null,
            "description": "",
            "geometryType": "rectangle",
            "labelerLogin": "inbox@datasetninja.com",
            "createdAt": "2024-03-12T15:20:57.285Z",
            "updatedAt": "2024-03-12T15:20:57.285Z",
            "tags": [],
            "classTitle": "ignore region",
            "points": {
                "exterior": [
                    [
                        461,
                        177
                    ],
                    [
                        504,
                        191
                    ]
                ],
                "interior": []
            }
        },
        {
            "id": 159512668,
            "classId": 6551259,
            "objectId": null,
            "description": "",
            "geometryType": "polygon",
            "labelerLogin": "inbox@datasetninja.com",
            "createdAt": "2024-03-12T15:20:57.285Z",
            "updatedAt": "2024-03-12T15:20:57.285Z",
            "tags": [],
            "classTitle": "ignore region",
            "points": {
                "exterior": [
                    [
                        510,
                        174
                    ],
                    [
                        510,
                        189
                    ],
                    [
                        512,
                        189
                    ],
                    [
                        513,
                        190
                    ],
                    [
                        514,
                        190
                    ],
                    [
                        515,
                        191
                    ],
                    [
                        515,
                        192
                    ],
                    [
                        517,
                        194
                    ],
                    [
                        517,
                        195
                    ],
                    [
                        520,
                        198
                    ],
                    [
                        520,
                        199
                    ],
                    [
                        521,
                        200
                    ],
                    [
                        521,
                        201
                    ],
                    [
                        522,
                        202
                    ],
                    [
                        522,
                        205
                    ],
                    [
                        523,
                        206
                    ],
                    [
                        523,
                        211
                    ],
                    [
                        524,
                        212
                    ],
                    [
                        524,
                        214
                    ],
                    [
                        523,
                        215
                    ],
                    [
                        523,
                        220
                    ],
                    [
                        556,
                        220
                    ],
                    [
                        556,
                        174
                    ]
                ],
                "interior": []
            }
        },
        {
            "id": 159512669,
            "classId": 6551259,
            "objectId": null,
            "description": "",
            "geometryType": "rectangle",
            "labelerLogin": "inbox@datasetninja.com",
            "createdAt": "2024-03-12T15:20:57.286Z",
            "updatedAt": "2024-03-12T15:20:57.286Z",
            "tags": [],
            "classTitle": "ignore region",
            "points": {
                "exterior": [
                    [
                        510,
                        174
                    ],
                    [
                        556,
                        220
                    ]
                ],
                "interior": []
            }
        },
        {
            "id": 159512670,
            "classId": 6551259,
            "objectId": null,
            "description": "",
            "geometryType": "polygon",
            "labelerLogin": "inbox@datasetninja.com",
            "createdAt": "2024-03-12T15:20:57.286Z",
            "updatedAt": "2024-03-12T15:20:57.286Z",
            "tags": [],
            "classTitle": "ignore region",
            "points": {
                "exterior": [
                    [
                        580,
                        173
                    ],
                    [
                        580,
                        191
                    ],
                    [
                        599,
                        191
                    ],
                    [
                        599,
                        173
                    ]
                ],
                "interior": []
            }
        },
        {
            "id": 159512671,
            "classId": 6551259,
            "objectId": null,
            "description": "",
            "geometryType": "rectangle",
            "labelerLogin": "inbox@datasetninja.com",
            "createdAt": "2024-03-12T15:20:57.286Z",
            "updatedAt": "2024-03-12T15:20:57.286Z",
            "tags": [],
            "classTitle": "ignore region",
            "points": {
                "exterior": [
                    [
                        580,
                        173
                    ],
                    [
                        599,
                        191
                    ]
                ],
                "interior": []
            }
        },
        {
            "id": 159512672,
            "classId": 6551259,
            "objectId": null,
            "description": "",
            "geometryType": "polygon",
            "labelerLogin": "inbox@datasetninja.com",
            "createdAt": "2024-03-12T15:20:57.288Z",
            "updatedAt": "2024-03-12T15:20:57.288Z",
            "tags": [],
            "classTitle": "ignore region",
            "points": {
                "exterior": [
                    [
                        665,
                        166
                    ],
                    [
                        665,
                        186
                    ],
                    [
                        666,
                        187
                    ],
                    [
                        666,
                        188
                    ],
                    [
                        668,
                        190
                    ],
                    [
                        668,
                        191
                    ],
                    [
                        669,
                        192
                    ],
                    [
                        669,
                        197
                    ],
                    [
                        749,
                        197
                    ],
                    [
                        749,
                        194
                    ],
                    [
                        748,
                        193
                    ],
                    [
                        748,
                        183
                    ],
                    [
                        749,
                        182
                    ],
                    [
                        752,
                        182
                    ],
                    [
                        752,
                        181
                    ],
                    [
                        751,
                        182
                    ],
                    [
                        747,
                        182
                    ],
                    [
                        746,
                        181
                    ],
                    [
                        746,
                        178
                    ],
                    [
                        745,
                        177
                    ],
                    [
                        745,
                        174
                    ],
                    [
                        750,
                        169
                    ],
                    [
                        751,
                        169
                    ],
                    [
                        752,
                        168
                    ],
                    [
                        752,
                        166
                    ]
                ],
                "interior": []
            }
        },
        {
            "id": 159512673,
            "classId": 6551259,
            "objectId": null,
            "description": "",
            "geometryType": "rectangle",
            "labelerLogin": "inbox@datasetninja.com",
            "createdAt": "2024-03-12T15:20:57.288Z",
            "updatedAt": "2024-03-12T15:20:57.288Z",
            "tags": [],
            "classTitle": "ignore region",
            "points": {
                "exterior": [
                    [
                        665,
                        166
                    ],
                    [
                        752,
                        197
                    ]
                ],
                "interior": []
            }
        },
        {
            "id": 159512674,
            "classId": 6551259,
            "objectId": null,
            "description": "",
            "geometryType": "polygon",
            "labelerLogin": "inbox@datasetninja.com",
            "createdAt": "2024-03-12T15:20:57.288Z",
            "updatedAt": "2024-03-12T15:20:57.288Z",
            "tags": [],
            "classTitle": "ignore region",
            "points": {
                "exterior": [
                    [
                        627,
                        155
                    ],
                    [
                        627,
                        175
                    ],
                    [
                        626,
                        176
                    ],
                    [
                        605,
                        176
                    ],
                    [
                        605,
                        195
                    ],
                    [
                        631,
                        195
                    ],
                    [
                        631,
                        191
                    ],
                    [
                        632,
                        190
                    ],
                    [
                        632,
                        188
                    ],
                    [
                        633,
                        187
                    ],
                    [
                        633,
                        186
                    ],
                    [
                        635,
                        184
                    ],
                    [
                        635,
                        177
                    ],
                    [
                        636,
                        176
                    ],
                    [
                        644,
                        176
                    ],
                    [
                        644,
                        155
                    ]
                ],
                "interior": []
            }
        },
        {
            "id": 159512675,
            "classId": 6551259,
            "objectId": null,
            "description": "",
            "geometryType": "rectangle",
            "labelerLogin": "inbox@datasetninja.com",
            "createdAt": "2024-03-12T15:20:57.289Z",
            "updatedAt": "2024-03-12T15:20:57.289Z",
            "tags": [],
            "classTitle": "ignore region",
            "points": {
                "exterior": [
                    [
                        605,
                        155
                    ],
                    [
                        644,
                        195
                    ]
                ],
                "interior": []
            }
        },
        {
            "id": 159512676,
            "classId": 6551259,
            "objectId": null,
            "description": "",
            "geometryType": "polygon",
            "labelerLogin": "inbox@datasetninja.com",
            "createdAt": "2024-03-12T15:20:57.289Z",
            "updatedAt": "2024-03-12T15:20:57.289Z",
            "tags": [],
            "classTitle": "ignore region",
            "points": {
                "exterior": [
                    [
                        818,
                        150
                    ],
                    [
                        818,
                        168
                    ],
                    [
                        819,
                        169
                    ],
                    [
                        821,
                        169
                    ],
                    [
                        822,
                        170
                    ],
                    [
                        824,
                        170
                    ],
                    [
                        825,
                        171
                    ],
                    [
                        827,
                        171
                    ],
                    [
                        829,
                        173
                    ],
                    [
                        831,
                        173
                    ],
                    [
                        832,
                        174
                    ],
                    [
                        833,
                        174
                    ],
                    [
                        836,
                        177
                    ],
                    [
                        836,
                        179
                    ],
                    [
                        837,
                        180
                    ],
                    [
                        933,
                        180
                    ],
                    [
                        933,
                        150
                    ]
                ],
                "interior": []
            }
        },
        {
            "id": 159512677,
            "classId": 6551259,
            "objectId": null,
            "description": "",
            "geometryType": "rectangle",
            "labelerLogin": "inbox@datasetninja.com",
            "createdAt": "2024-03-12T15:20:57.289Z",
            "updatedAt": "2024-03-12T15:20:57.289Z",
            "tags": [],
            "classTitle": "ignore region",
            "points": {
                "exterior": [
                    [
                        818,
                        150
                    ],
                    [
                        933,
                        180
                    ]
                ],
                "interior": []
            }
        },
        {
            "id": 159512678,
            "classId": 6551259,
            "objectId": null,
            "description": "",
            "geometryType": "polygon",
            "labelerLogin": "inbox@datasetninja.com",
            "createdAt": "2024-03-12T15:20:57.290Z",
            "updatedAt": "2024-03-12T15:20:57.290Z",
            "tags": [],
            "classTitle": "ignore region",
            "points": {
                "exterior": [
                    [
                        944,
                        143
                    ],
                    [
                        944,
                        180
                    ],
                    [
                        1052,
                        180
                    ],
                    [
                        1052,
                        143
                    ]
                ],
                "interior": []
            }
        },
        {
            "id": 159512679,
            "classId": 6551259,
            "objectId": null,
            "description": "",
            "geometryType": "rectangle",
            "labelerLogin": "inbox@datasetninja.com",
            "createdAt": "2024-03-12T15:20:57.290Z",
            "updatedAt": "2024-03-12T15:20:57.290Z",
            "tags": [],
            "classTitle": "ignore region",
            "points": {
                "exterior": [
                    [
                        944,
                        143
                    ],
                    [
                        1052,
                        180
                    ]
                ],
                "interior": []
            }
        }
    ]
}