{
    "description": "",
    "tags": [
        {
            "id": 21884332,
            "tagId": 32512,
            "name": "sequence",
            "value": "0001",
            "labelerLogin": "inbox@datasetninja.com",
            "createdAt": "2024-03-12T15:20:44.036Z",
            "updatedAt": "2024-03-12T15:20:44.036Z"
        }
    ],
    "size": {
        "height": 375,
        "width": 1242
    },
    "objects": [
        {
            "id": 159511770,
            "classId": 6551258,
            "objectId": null,
            "description": "",
            "geometryType": "polygon",
            "labelerLogin": "inbox@datasetninja.com",
            "createdAt": "2024-03-12T15:20:44.038Z",
            "updatedAt": "2024-03-12T15:20:44.038Z",
            "tags": [
                {
                    "id": 121970865,
                    "tagId": 32511,
                    "name": "object id",
                    "value": 1054,
                    "labelerLogin": "inbox@datasetninja.com",
                    "createdAt": "2024-03-12T15:20:44.037Z",
                    "updatedAt": "2024-03-12T15:20:44.037Z"
                },
                {
                    "id": 121970866,
                    "tagId": 32513,
                    "name": "instance id",
                    "value": 54,
                    "labelerLogin": "inbox@datasetninja.com",
                    "createdAt": "2024-03-12T15:20:44.037Z",
                    "updatedAt": "2024-03-12T15:20:44.037Z"
                }
            ],
            "classTitle": "car",
            "points": {
                "exterior": [
                    [
                        822,
                        180
                    ],
                    [
                        821,
                        181
                    ],
                    [
                        810,
                        181
                    ],
                    [
                        809,
                        182
                    ],
                    [
                        803,
                        182
                    ],
                    [
                        802,
                        183
                    ],
                    [
                        801,
                        183
                    ],
                    [
                        799,
                        185
                    ],
                    [
                        798,
                        185
                    ],
                    [
                        796,
                        187
                    ],
                    [
                        795,
                        187
                    ],
                    [
                        794,
                        188
                    ],
                    [
                        793,
                        188
                    ],
                    [
                        793,
                        189
                    ],
                    [
                        787,
                        195
                    ],
                    [
                        787,
                        197
                    ],
                    [
                        786,
                        198
                    ],
                    [
                        786,
                        207
                    ],
                    [
                        785,
                        208
                    ],
                    [
                        785,
                        219
                    ],
                    [
                        786,
                        220
                    ],
                    [
                        786,
                        229
                    ],
                    [
                        788,
                        231
                    ],
                    [
                        789,
                        230
                    ],
                    [
                        791,
                        230
                    ],
                    [
                        792,
                        229
                    ],
                    [
                        793,
                        229
                    ],
                    [
                        794,
                        228
                    ],
                    [
                        796,
                        228
                    ],
                    [
                        800,
                        232
                    ],
                    [
                        800,
                        233
                    ],
                    [
                        801,
                        234
                    ],
                    [
                        803,
                        234
                    ],
                    [
                        804,
                        235
                    ],
                    [
                        808,
                        235
                    ],
                    [
                        809,
                        234
                    ],
                    [
                        811,
                        234
                    ],
                    [
                        812,
                        233
                    ],
                    [
                        814,
                        233
                    ],
                    [
                        815,
                        232
                    ],
                    [
                        816,
                        232
                    ],
                    [
                        817,
                        231
                    ],
                    [
                        821,
                        231
                    ],
                    [
                        822,
                        232
                    ],
                    [
                        825,
                        232
                    ],
                    [
                        826,
                        233
                    ],
                    [
                        843,
                        233
                    ],
                    [
                        844,
                        232
                    ],
                    [
                        850,
                        232
                    ],
                    [
                        851,
                        231
                    ],
                    [
                        866,
                        231
                    ],
                    [
                        867,
                        232
                    ],
                    [
                        876,
                        232
                    ],
                    [
                        877,
                        231
                    ],
                    [
                        878,
                        231
                    ],
                    [
                        880,
                        229
                    ],
                    [
                        881,
                        229
                    ],
                    [
                        881,
                        228
                    ],
                    [
                        882,
                        227
                    ],
                    [
                        882,
                        222
                    ],
                    [
                        883,
                        221
                    ],
                    [
                        883,
                        212
                    ],
                    [
                        882,
                        211
                    ],
                    [
                        882,
                        210
                    ],
                    [
                        881,
                        209
                    ],
                    [
                        881,
                        208
                    ],
                    [
                        877,
                        204
                    ],
                    [
                        876,
                        204
                    ],
                    [
                        874,
                        202
                    ],
                    [
                        873,
                        202
                    ],
                    [
                        871,
                        200
                    ],
                    [
                        869,
                        200
                    ],
                    [
                        867,
                        198
                    ],
                    [
                        866,
                        198
                    ],
                    [
                        858,
                        190
                    ],
                    [
                        858,
                        189
                    ],
                    [
                        856,
                        187
                    ],
                    [
                        856,
                        186
                    ],
                    [
                        853,
                        183
                    ],
                    [
                        851,
                        183
                    ],
                    [
                        850,
                        182
                    ],
                    [
                        843,
                        182
                    ],
                    [
                        842,
                        181
                    ],
                    [
                        834,
                        181
                    ],
                    [
                        833,
                        180
                    ]
                ],
                "interior": []
            }
        },
        {
            "id": 159511771,
            "classId": 6551258,
            "objectId": null,
            "description": "",
            "geometryType": "rectangle",
            "labelerLogin": "inbox@datasetninja.com",
            "createdAt": "2024-03-12T15:20:44.039Z",
            "updatedAt": "2024-03-12T15:20:44.039Z",
            "tags": [
                {
                    "id": 121970867,
                    "tagId": 32511,
                    "name": "object id",
                    "value": 1054,
                    "labelerLogin": "inbox@datasetninja.com",
                    "createdAt": "2024-03-12T15:20:44.039Z",
                    "updatedAt": "2024-03-12T15:20:44.039Z"
                },
                {
                    "id": 121970868,
                    "tagId": 32513,
                    "name": "instance id",
                    "value": 54,
                    "labelerLogin": "inbox@datasetninja.com",
                    "createdAt": "2024-03-12T15:20:44.039Z",
                    "updatedAt": "2024-03-12T15:20:44.039Z"
                }
            ],
            "classTitle": "car",
            "points": {
                "exterior": [
                    [
                        785,
                        180
                    ],
                    [
                        883,
                        235
                    ]
                ],
                "interior": []
            }
        },
        {
            "id": 159511772,
            "classId": 6551258,
            "objectId": null,
            "description": "",
            "geometryType": "polygon",
            "labelerLogin": "inbox@datasetninja.com",
            "createdAt": "2024-03-12T15:20:44.039Z",
            "updatedAt": "2024-03-12T15:20:44.039Z",
            "tags": [
                {
                    "id": 121970869,
                    "tagId": 32511,
                    "name": "object id",
                    "value": 1055,
                    "labelerLogin": "inbox@datasetninja.com",
                    "createdAt": "2024-03-12T15:20:44.039Z",
                    "updatedAt": "2024-03-12T15:20:44.039Z"
                },
                {
                    "id": 121970870,
                    "tagId": 32513,
                    "name": "instance id",
                    "value": 55,
                    "labelerLogin": "inbox@datasetninja.com",
                    "createdAt": "2024-03-12T15:20:44.039Z",
                    "updatedAt": "2024-03-12T15:20:44.039Z"
                }
            ],
            "classTitle": "car",
            "points": {
                "exterior": [
                    [
                        726,
                        180
                    ],
                    [
                        725,
                        181
                    ],
                    [
                        716,
                        181
                    ],
                    [
                        715,
                        182
                    ],
                    [
                        711,
                        182
                    ],
                    [
                        709,
                        184
                    ],
                    [
                        709,
                        185
                    ],
                    [
                        708,
                        186
                    ],
                    [
                        708,
                        188
                    ],
                    [
                        707,
                        189
                    ],
                    [
                        707,
                        190
                    ],
                    [
                        706,
                        191
                    ],
                    [
                        706,
                        194
                    ],
                    [
                        703,
                        197
                    ],
                    [
                        699,
                        197
                    ],
                    [
                        699,
                        199
                    ],
                    [
                        700,
                        200
                    ],
                    [
                        700,
                        203
                    ],
                    [
                        701,
                        204
                    ],
                    [
                        701,
                        208
                    ],
                    [
                        702,
                        209
                    ],
                    [
                        702,
                        210
                    ],
                    [
                        703,
                        211
                    ],
                    [
                        703,
                        214
                    ],
                    [
                        706,
                        217
                    ],
                    [
                        706,
                        219
                    ],
                    [
                        708,
                        221
                    ],
                    [
                        710,
                        221
                    ],
                    [
                        711,
                        220
                    ],
                    [
                        714,
                        220
                    ],
                    [
                        715,
                        221
                    ],
                    [
                        717,
                        221
                    ],
                    [
                        718,
                        222
                    ],
                    [
                        719,
                        222
                    ],
                    [
                        720,
                        223
                    ],
                    [
                        723,
                        223
                    ],
                    [
                        724,
                        224
                    ],
                    [
                        728,
                        224
                    ],
                    [
                        729,
                        225
                    ],
                    [
                        736,
                        225
                    ],
                    [
                        737,
                        226
                    ],
                    [
                        741,
                        226
                    ],
                    [
                        742,
                        225
                    ],
                    [
                        743,
                        225
                    ],
                    [
                        744,
                        224
                    ],
                    [
                        746,
                        224
                    ],
                    [
                        747,
                        223
                    ],
                    [
                        749,
                        223
                    ],
                    [
                        750,
                        222
                    ],
                    [
                        751,
                        222
                    ],
                    [
                        753,
                        220
                    ],
                    [
                        759,
                        220
                    ],
                    [
                        760,
                        219
                    ],
                    [
                        762,
                        219
                    ],
                    [
                        763,
                        220
                    ],
                    [
                        767,
                        220
                    ],
                    [
                        767,
                        209
                    ],
                    [
                        766,
                        208
                    ],
                    [
                        766,
                        204
                    ],
                    [
                        765,
                        203
                    ],
                    [
                        765,
                        199
                    ],
                    [
                        766,
                        198
                    ],
                    [
                        767,
                        198
                    ],
                    [
                        768,
                        197
                    ],
                    [
                        769,
                        197
                    ],
                    [
                        770,
                        196
                    ],
                    [
                        770,
                        193
                    ],
                    [
                        767,
                        193
                    ],
                    [
                        766,
                        194
                    ],
                    [
                        764,
                        194
                    ],
                    [
                        763,
                        195
                    ],
                    [
                        761,
                        195
                    ],
                    [
                        757,
                        191
                    ],
                    [
                        757,
                        189
                    ],
                    [
                        756,
                        188
                    ],
                    [
                        756,
                        187
                    ],
                    [
                        755,
                        186
                    ],
                    [
                        755,
                        185
                    ],
                    [
                        752,
                        182
                    ],
                    [
                        749,
                        182
                    ],
                    [
                        748,
                        181
                    ],
                    [
                        741,
                        181
                    ],
                    [
                        740,
                        180
                    ]
                ],
                "interior": []
            }
        },
        {
            "id": 159511773,
            "classId": 6551258,
            "objectId": null,
            "description": "",
            "geometryType": "rectangle",
            "labelerLogin": "inbox@datasetninja.com",
            "createdAt": "2024-03-12T15:20:44.039Z",
            "updatedAt": "2024-03-12T15:20:44.039Z",
            "tags": [
                {
                    "id": 121970871,
                    "tagId": 32511,
                    "name": "object id",
                    "value": 1055,
                    "labelerLogin": "inbox@datasetninja.com",
                    "createdAt": "2024-03-12T15:20:44.039Z",
                    "updatedAt": "2024-03-12T15:20:44.039Z"
                },
                {
                    "id": 121970872,
                    "tagId": 32513,
                    "name": "instance id",
                    "value": 55,
                    "labelerLogin": "inbox@datasetninja.com",
                    "createdAt": "2024-03-12T15:20:44.039Z",
                    "updatedAt": "2024-03-12T15:20:44.039Z"
                }
            ],
            "classTitle": "car",
            "points": {
                "exterior": [
                    [
                        699,
                        180
                    ],
                    [
                        770,
                        226
                    ]
                ],
                "interior": []
            }
        },
        {
            "id": 159511774,
            "classId": 6551258,
            "objectId": null,
            "description": "",
            "geometryType": "polygon",
            "labelerLogin": "inbox@datasetninja.com",
            "createdAt": "2024-03-12T15:20:44.040Z",
            "updatedAt": "2024-03-12T15:20:44.040Z",
            "tags": [
                {
                    "id": 121970873,
                    "tagId": 32511,
                    "name": "object id",
                    "value": 1056,
                    "labelerLogin": "inbox@datasetninja.com",
                    "createdAt": "2024-03-12T15:20:44.040Z",
                    "updatedAt": "2024-03-12T15:20:44.040Z"
                },
                {
                    "id": 121970874,
                    "tagId": 32513,
                    "name": "instance id",
                    "value": 56,
                    "labelerLogin": "inbox@datasetninja.com",
                    "createdAt": "2024-03-12T15:20:44.040Z",
                    "updatedAt": "2024-03-12T15:20:44.040Z"
                }
            ],
            "classTitle": "car",
            "points": {
                "exterior": [
                    [
                        210,
                        194
                    ],
                    [
                        208,
                        196
                    ],
                    [
                        207,
                        196
                    ],
                    [
                        204,
                        199
                    ],
                    [
                        203,
                        199
                    ],
                    [
                        198,
                        204
                    ],
                    [
                        198,
                        205
                    ],
                    [
                        194,
                        209
                    ],
                    [
                        193,
                        209
                    ],
                    [
                        192,
                        210
                    ],
                    [
                        192,
                        214
                    ],
                    [
                        191,
                        215
                    ],
                    [
                        191,
                        227
                    ],
                    [
                        193,
                        227
                    ],
                    [
                        194,
                        228
                    ],
                    [
                        197,
                        228
                    ],
                    [
                        197,
                        226
                    ],
                    [
                        198,
                        225
                    ],
                    [
                        199,
                        225
                    ],
                    [
                        200,
                        224
                    ],
                    [
                        201,
                        224
                    ],
                    [
                        202,
                        225
                    ],
                    [
                        202,
                        229
                    ],
                    [
                        205,
                        229
                    ],
                    [
                        206,
                        230
                    ],
                    [
                        209,
                        230
                    ],
                    [
                        209,
                        226
                    ],
                    [
                        210,
                        225
                    ],
                    [
                        230,
                        225
                    ],
                    [
                        231,
                        226
                    ],
                    [
                        231,
                        227
                    ],
                    [
                        232,
                        228
                    ],
                    [
                        238,
                        228
                    ],
                    [
                        238,
                        227
                    ],
                    [
                        239,
                        226
                    ],
                    [
                        240,
                        226
                    ],
                    [
                        241,
                        225
                    ],
                    [
                        242,
                        225
                    ],
                    [
                        244,
                        227
                    ],
                    [
                        244,
                        228
                    ],
                    [
                        245,
                        229
                    ],
                    [
                        245,
                        230
                    ],
                    [
                        248,
                        230
                    ],
                    [
                        249,
                        229
                    ],
                    [
                        252,
                        229
                    ],
                    [
                        252,
                        228
                    ],
                    [
                        253,
                        227
                    ],
                    [
                        253,
                        224
                    ],
                    [
                        254,
                        223
                    ],
                    [
                        254,
                        211
                    ],
                    [
                        253,
                        210
                    ],
                    [
                        253,
                        205
                    ],
                    [
                        251,
                        203
                    ],
                    [
                        250,
                        203
                    ],
                    [
                        245,
                        198
                    ],
                    [
                        244,
                        198
                    ],
                    [
                        240,
                        194
                    ]
                ],
                "interior": []
            }
        },
        {
            "id": 159511775,
            "classId": 6551258,
            "objectId": null,
            "description": "",
            "geometryType": "rectangle",
            "labelerLogin": "inbox@datasetninja.com",
            "createdAt": "2024-03-12T15:20:44.041Z",
            "updatedAt": "2024-03-12T15:20:44.041Z",
            "tags": [
                {
                    "id": 121970875,
                    "tagId": 32511,
                    "name": "object id",
                    "value": 1056,
                    "labelerLogin": "inbox@datasetninja.com",
                    "createdAt": "2024-03-12T15:20:44.040Z",
                    "updatedAt": "2024-03-12T15:20:44.040Z"
                },
                {
                    "id": 121970876,
                    "tagId": 32513,
                    "name": "instance id",
                    "value": 56,
                    "labelerLogin": "inbox@datasetninja.com",
                    "createdAt": "2024-03-12T15:20:44.040Z",
                    "updatedAt": "2024-03-12T15:20:44.040Z"
                }
            ],
            "classTitle": "car",
            "points": {
                "exterior": [
                    [
                        191,
                        194
                    ],
                    [
                        254,
                        230
                    ]
                ],
                "interior": []
            }
        },
        {
            "id": 159511776,
            "classId": 6551258,
            "objectId": null,
            "description": "",
            "geometryType": "polygon",
            "labelerLogin": "inbox@datasetninja.com",
            "createdAt": "2024-03-12T15:20:44.041Z",
            "updatedAt": "2024-03-12T15:20:44.041Z",
            "tags": [
                {
                    "id": 121970877,
                    "tagId": 32511,
                    "name": "object id",
                    "value": 1057,
                    "labelerLogin": "inbox@datasetninja.com",
                    "createdAt": "2024-03-12T15:20:44.041Z",
                    "updatedAt": "2024-03-12T15:20:44.041Z"
                },
                {
                    "id": 121970878,
                    "tagId": 32513,
                    "name": "instance id",
                    "value": 57,
                    "labelerLogin": "inbox@datasetninja.com",
                    "createdAt": "2024-03-12T15:20:44.041Z",
                    "updatedAt": "2024-03-12T15:20:44.041Z"
                }
            ],
            "classTitle": "car",
            "points": {
                "exterior": [
                    [
                        430,
                        180
                    ],
                    [
                        429,
                        181
                    ],
                    [
                        427,
                        181
                    ],
                    [
                        426,
                        182
                    ],
                    [
                        420,
                        182
                    ],
                    [
                        419,
                        183
                    ],
                    [
                        417,
                        183
                    ],
                    [
                        416,
                        184
                    ],
                    [
                        414,
                        184
                    ],
                    [
                        413,
                        185
                    ],
                    [
                        412,
                        185
                    ],
                    [
                        411,
                        186
                    ],
                    [
                        410,
                        186
                    ],
                    [
                        409,
                        187
                    ],
                    [
                        407,
                        187
                    ],
                    [
                        406,
                        188
                    ],
                    [
                        404,
                        188
                    ],
                    [
                        402,
                        190
                    ],
                    [
                        401,
                        190
                    ],
                    [
                        400,
                        191
                    ],
                    [
                        399,
                        191
                    ],
                    [
                        395,
                        195
                    ],
                    [
                        393,
                        195
                    ],
                    [
                        392,
                        196
                    ],
                    [
                        390,
                        196
                    ],
                    [
                        389,
                        197
                    ],
                    [
                        388,
                        197
                    ],
                    [
                        387,
                        198
                    ],
                    [
                        386,
                        198
                    ],
                    [
                        385,
                        199
                    ],
                    [
                        391,
                        199
                    ],
                    [
                        392,
                        200
                    ],
                    [
                        398,
                        200
                    ],
                    [
                        399,
                        199
                    ],
                    [
                        401,
                        199
                    ],
                    [
                        402,
                        200
                    ],
                    [
                        406,
                        200
                    ],
                    [
                        407,
                        201
                    ],
                    [
                        410,
                        201
                    ],
                    [
                        411,
                        202
                    ],
                    [
                        412,
                        202
                    ],
                    [
                        413,
                        203
                    ],
                    [
                        414,
                        203
                    ],
                    [
                        417,
                        206
                    ],
                    [
                        418,
                        206
                    ],
                    [
                        421,
                        209
                    ],
                    [
                        427,
                        209
                    ],
                    [
                        428,
                        208
                    ],
                    [
                        431,
                        208
                    ],
                    [
                        432,
                        207
                    ],
                    [
                        440,
                        207
                    ],
                    [
                        442,
                        205
                    ],
                    [
                        443,
                        205
                    ],
                    [
                        443,
                        201
                    ],
                    [
                        444,
                        200
                    ],
                    [
                        445,
                        201
                    ],
                    [
                        445,
                        204
                    ],
                    [
                        446,
                        205
                    ],
                    [
                        449,
                        205
                    ],
                    [
                        450,
                        204
                    ],
                    [
                        452,
                        204
                    ],
                    [
                        453,
                        205
                    ],
                    [
                        455,
                        205
                    ],
                    [
                        456,
                        206
                    ],
                    [
                        458,
                        206
                    ],
                    [
                        459,
                        207
                    ],
                    [
                        463,
                        207
                    ],
                    [
                        464,
                        208
                    ],
                    [
                        465,
                        207
                    ],
                    [
                        469,
                        207
                    ],
                    [
                        470,
                        206
                    ],
                    [
                        470,
                        201
                    ],
                    [
                        469,
                        200
                    ],
                    [
                        469,
                        194
                    ],
                    [
                        468,
                        193
                    ],
                    [
                        468,
                        191
                    ],
                    [
                        466,
                        189
                    ],
                    [
                        466,
                        188
                    ],
                    [
                        462,
                        184
                    ],
                    [
                        462,
                        183
                    ],
                    [
                        461,
                        183
                    ],
                    [
                        460,
                        182
                    ],
                    [
                        459,
                        182
                    ],
                    [
                        458,
                        181
                    ],
                    [
                        457,
                        181
                    ],
                    [
                        456,
                        180
                    ],
                    [
                        445,
                        180
                    ],
                    [
                        444,
                        181
                    ],
                    [
                        443,
                        180
                    ]
                ],
                "interior": [
                    [
                        [
                            443,
                            199
                        ],
                        [
                            444,
                            198
                        ],
                        [
                            445,
                            199
                        ],
                        [
                            444,
                            200
                        ]
                    ],
                    [
                        [
                            443,
                            184
                        ],
                        [
                            444,
                            183
                        ],
                        [
                            445,
                            184
                        ],
                        [
                            445,
                            190
                        ],
                        [
                            444,
                            191
                        ],
                        [
                            443,
                            190
                        ],
                        [
                            443,
                            187
                        ],
                        [
                            442,
                            186
                        ],
                        [
                            443,
                            185
                        ]
                    ]
                ]
            }
        },
        {
            "id": 159511777,
            "classId": 6551258,
            "objectId": null,
            "description": "",
            "geometryType": "rectangle",
            "labelerLogin": "inbox@datasetninja.com",
            "createdAt": "2024-03-12T15:20:44.042Z",
            "updatedAt": "2024-03-12T15:20:44.042Z",
            "tags": [
                {
                    "id": 121970879,
                    "tagId": 32511,
                    "name": "object id",
                    "value": 1057,
                    "labelerLogin": "inbox@datasetninja.com",
                    "createdAt": "2024-03-12T15:20:44.041Z",
                    "updatedAt": "2024-03-12T15:20:44.041Z"
                },
                {
                    "id": 121970880,
                    "tagId": 32513,
                    "name": "instance id",
                    "value": 57,
                    "labelerLogin": "inbox@datasetninja.com",
                    "createdAt": "2024-03-12T15:20:44.041Z",
                    "updatedAt": "2024-03-12T15:20:44.041Z"
                }
            ],
            "classTitle": "car",
            "points": {
                "exterior": [
                    [
                        385,
                        180
                    ],
                    [
                        470,
                        209
                    ]
                ],
                "interior": []
            }
        },
        {
            "id": 159511778,
            "classId": 6551258,
            "objectId": null,
            "description": "",
            "geometryType": "polygon",
            "labelerLogin": "inbox@datasetninja.com",
            "createdAt": "2024-03-12T15:20:44.042Z",
            "updatedAt": "2024-03-12T15:20:44.042Z",
            "tags": [
                {
                    "id": 121970881,
                    "tagId": 32511,
                    "name": "object id",
                    "value": 1063,
                    "labelerLogin": "inbox@datasetninja.com",
                    "createdAt": "2024-03-12T15:20:44.042Z",
                    "updatedAt": "2024-03-12T15:20:44.042Z"
                },
                {
                    "id": 121970882,
                    "tagId": 32513,
                    "name": "instance id",
                    "value": 63,
                    "labelerLogin": "inbox@datasetninja.com",
                    "createdAt": "2024-03-12T15:20:44.042Z",
                    "updatedAt": "2024-03-12T15:20:44.042Z"
                }
            ],
            "classTitle": "car",
            "points": {
                "exterior": [
                    [
                        146,
                        186
                    ],
                    [
                        145,
                        187
                    ],
                    [
                        143,
                        187
                    ],
                    [
                        143,
                        188
                    ],
                    [
                        142,
                        189
                    ],
                    [
                        141,
                        189
                    ],
                    [
                        139,
                        191
                    ],
                    [
                        139,
                        193
                    ],
                    [
                        138,
                        194
                    ],
                    [
                        138,
                        195
                    ],
                    [
                        139,
                        196
                    ],
                    [
                        138,
                        197
                    ],
                    [
                        138,
                        207
                    ],
                    [
                        140,
                        209
                    ],
                    [
                        141,
                        209
                    ],
                    [
                        142,
                        208
                    ],
                    [
                        143,
                        208
                    ],
                    [
                        146,
                        205
                    ],
                    [
                        158,
                        205
                    ],
                    [
                        159,
                        206
                    ],
                    [
                        162,
                        206
                    ],
                    [
                        163,
                        205
                    ],
                    [
                        163,
                        204
                    ],
                    [
                        165,
                        202
                    ],
                    [
                        165,
                        189
                    ],
                    [
                        164,
                        188
                    ],
                    [
                        163,
                        188
                    ],
                    [
                        162,
                        187
                    ],
                    [
                        155,
                        187
                    ],
                    [
                        154,
                        186
                    ]
                ],
                "interior": []
            }
        },
        {
            "id": 159511779,
            "classId": 6551258,
            "objectId": null,
            "description": "",
            "geometryType": "rectangle",
            "labelerLogin": "inbox@datasetninja.com",
            "createdAt": "2024-03-12T15:20:44.043Z",
            "updatedAt": "2024-03-12T15:20:44.043Z",
            "tags": [
                {
                    "id": 121970883,
                    "tagId": 32511,
                    "name": "object id",
                    "value": 1063,
                    "labelerLogin": "inbox@datasetninja.com",
                    "createdAt": "2024-03-12T15:20:44.042Z",
                    "updatedAt": "2024-03-12T15:20:44.042Z"
                },
                {
                    "id": 121970884,
                    "tagId": 32513,
                    "name": "instance id",
                    "value": 63,
                    "labelerLogin": "inbox@datasetninja.com",
                    "createdAt": "2024-03-12T15:20:44.042Z",
                    "updatedAt": "2024-03-12T15:20:44.042Z"
                }
            ],
            "classTitle": "car",
            "points": {
                "exterior": [
                    [
                        138,
                        186
                    ],
                    [
                        165,
                        209
                    ]
                ],
                "interior": []
            }
        },
        {
            "id": 159511780,
            "classId": 6551258,
            "objectId": null,
            "description": "",
            "geometryType": "polygon",
            "labelerLogin": "inbox@datasetninja.com",
            "createdAt": "2024-03-12T15:20:44.043Z",
            "updatedAt": "2024-03-12T15:20:44.043Z",
            "tags": [
                {
                    "id": 121970885,
                    "tagId": 32511,
                    "name": "object id",
                    "value": 1091,
                    "labelerLogin": "inbox@datasetninja.com",
                    "createdAt": "2024-03-12T15:20:44.043Z",
                    "updatedAt": "2024-03-12T15:20:44.043Z"
                },
                {
                    "id": 121970886,
                    "tagId": 32513,
                    "name": "instance id",
                    "value": 91,
                    "labelerLogin": "inbox@datasetninja.com",
                    "createdAt": "2024-03-12T15:20:44.043Z",
                    "updatedAt": "2024-03-12T15:20:44.043Z"
                }
            ],
            "classTitle": "car",
            "points": {
                "exterior": [
                    [
                        351,
                        200
                    ],
                    [
                        350,
                        201
                    ],
                    [
                        348,
                        201
                    ],
                    [
                        347,
                        202
                    ],
                    [
                        346,
                        202
                    ],
                    [
                        341,
                        207
                    ],
                    [
                        341,
                        208
                    ],
                    [
                        340,
                        209
                    ],
                    [
                        339,
                        209
                    ],
                    [
                        339,
                        210
                    ],
                    [
                        337,
                        212
                    ],
                    [
                        336,
                        212
                    ],
                    [
                        334,
                        214
                    ],
                    [
                        333,
                        214
                    ],
                    [
                        332,
                        215
                    ],
                    [
                        330,
                        215
                    ],
                    [
                        329,
                        216
                    ],
                    [
                        326,
                        216
                    ],
                    [
                        325,
                        217
                    ],
                    [
                        325,
                        218
                    ],
                    [
                        324,
                        219
                    ],
                    [
                        323,
                        219
                    ],
                    [
                        323,
                        220
                    ],
                    [
                        317,
                        226
                    ],
                    [
                        317,
                        229
                    ],
                    [
                        316,
                        230
                    ],
                    [
                        316,
                        241
                    ],
                    [
                        317,
                        242
                    ],
                    [
                        317,
                        245
                    ],
                    [
                        318,
                        246
                    ],
                    [
                        318,
                        251
                    ],
                    [
                        319,
                        252
                    ],
                    [
                        319,
                        254
                    ],
                    [
                        320,
                        255
                    ],
                    [
                        321,
                        255
                    ],
                    [
                        322,
                        256
                    ],
                    [
                        325,
                        256
                    ],
                    [
                        328,
                        253
                    ],
                    [
                        328,
                        251
                    ],
                    [
                        331,
                        248
                    ],
                    [
                        332,
                        248
                    ],
                    [
                        333,
                        247
                    ],
                    [
                        334,
                        247
                    ],
                    [
                        335,
                        248
                    ],
                    [
                        339,
                        248
                    ],
                    [
                        340,
                        249
                    ],
                    [
                        348,
                        249
                    ],
                    [
                        349,
                        250
                    ],
                    [
                        350,
                        250
                    ],
                    [
                        351,
                        251
                    ],
                    [
                        351,
                        253
                    ],
                    [
                        352,
                        254
                    ],
                    [
                        352,
                        258
                    ],
                    [
                        353,
                        259
                    ],
                    [
                        353,
                        260
                    ],
                    [
                        356,
                        263
                    ],
                    [
                        362,
                        263
                    ],
                    [
                        365,
                        260
                    ],
                    [
                        365,
                        255
                    ],
                    [
                        366,
                        254
                    ],
                    [
                        366,
                        253
                    ],
                    [
                        367,
                        252
                    ],
                    [
                        370,
                        252
                    ],
                    [
                        371,
                        251
                    ],
                    [
                        409,
                        251
                    ],
                    [
                        413,
                        255
                    ],
                    [
                        413,
                        258
                    ],
                    [
                        414,
                        259
                    ],
                    [
                        414,
                        260
                    ],
                    [
                        415,
                        260
                    ],
                    [
                        416,
                        261
                    ],
                    [
                        420,
                        261
                    ],
                    [
                        421,
                        260
                    ],
                    [
                        423,
                        260
                    ],
                    [
                        425,
                        258
                    ],
                    [
                        425,
                        256
                    ],
                    [
                        435,
                        246
                    ],
                    [
                        435,
                        238
                    ],
                    [
                        434,
                        237
                    ],
                    [
                        434,
                        229
                    ],
                    [
                        433,
                        228
                    ],
                    [
                        433,
                        225
                    ],
                    [
                        432,
                        224
                    ],
                    [
                        432,
                        223
                    ],
                    [
                        431,
                        222
                    ],
                    [
                        431,
                        220
                    ],
                    [
                        429,
                        218
                    ],
                    [
                        429,
                        217
                    ],
                    [
                        428,
                        216
                    ],
                    [
                        427,
                        216
                    ],
                    [
                        418,
                        207
                    ],
                    [
                        417,
                        207
                    ],
                    [
                        414,
                        204
                    ],
                    [
                        413,
                        204
                    ],
                    [
                        412,
                        203
                    ],
                    [
                        411,
                        203
                    ],
                    [
                        410,
                        202
                    ],
                    [
                        407,
                        202
                    ],
                    [
                        406,
                        201
                    ],
                    [
                        402,
                        201
                    ],
                    [
                        401,
                        200
                    ],
                    [
                        399,
                        200
                    ],
                    [
                        398,
                        201
                    ],
                    [
                        392,
                        201
                    ],
                    [
                        391,
                        200
                    ]
                ],
                "interior": []
            }
        },
        {
            "id": 159511781,
            "classId": 6551258,
            "objectId": null,
            "description": "",
            "geometryType": "rectangle",
            "labelerLogin": "inbox@datasetninja.com",
            "createdAt": "2024-03-12T15:20:44.043Z",
            "updatedAt": "2024-03-12T15:20:44.043Z",
            "tags": [
                {
                    "id": 121970887,
                    "tagId": 32511,
                    "name": "object id",
                    "value": 1091,
                    "labelerLogin": "inbox@datasetninja.com",
                    "createdAt": "2024-03-12T15:20:44.043Z",
                    "updatedAt": "2024-03-12T15:20:44.043Z"
                },
                {
                    "id": 121970888,
                    "tagId": 32513,
                    "name": "instance id",
                    "value": 91,
                    "labelerLogin": "inbox@datasetninja.com",
                    "createdAt": "2024-03-12T15:20:44.043Z",
                    "updatedAt": "2024-03-12T15:20:44.043Z"
                }
            ],
            "classTitle": "car",
            "points": {
                "exterior": [
                    [
                        316,
                        200
                    ],
                    [
                        435,
                        263
                    ]
                ],
                "interior": []
            }
        },
        {
            "id": 159511782,
            "classId": 6551259,
            "objectId": null,
            "description": "",
            "geometryType": "polygon",
            "labelerLogin": "inbox@datasetninja.com",
            "createdAt": "2024-03-12T15:20:44.044Z",
            "updatedAt": "2024-03-12T15:20:44.044Z",
            "tags": [],
            "classTitle": "ignore region",
            "points": {
                "exterior": [
                    [
                        327,
                        179
                    ],
                    [
                        327,
                        208
                    ],
                    [
                        340,
                        208
                    ],
                    [
                        340,
                        207
                    ],
                    [
                        346,
                        201
                    ],
                    [
                        347,
                        201
                    ],
                    [
                        348,
                        200
                    ],
                    [
                        350,
                        200
                    ],
                    [
                        351,
                        199
                    ],
                    [
                        384,
                        199
                    ],
                    [
                        386,
                        197
                    ],
                    [
                        387,
                        197
                    ],
                    [
                        388,
                        196
                    ],
                    [
                        389,
                        196
                    ],
                    [
                        390,
                        195
                    ],
                    [
                        392,
                        195
                    ],
                    [
                        393,
                        194
                    ],
                    [
                        395,
                        194
                    ],
                    [
                        399,
                        190
                    ],
                    [
                        400,
                        190
                    ],
                    [
                        401,
                        189
                    ],
                    [
                        402,
                        189
                    ],
                    [
                        404,
                        187
                    ],
                    [
                        406,
                        187
                    ],
                    [
                        407,
                        186
                    ],
                    [
                        407,
                        179
                    ]
                ],
                "interior": []
            }
        },
        {
            "id": 159511783,
            "classId": 6551259,
            "objectId": null,
            "description": "",
            "geometryType": "rectangle",
            "labelerLogin": "inbox@datasetninja.com",
            "createdAt": "2024-03-12T15:20:44.044Z",
            "updatedAt": "2024-03-12T15:20:44.044Z",
            "tags": [],
            "classTitle": "ignore region",
            "points": {
                "exterior": [
                    [
                        327,
                        179
                    ],
                    [
                        407,
                        208
                    ]
                ],
                "interior": []
            }
        },
        {
            "id": 159511784,
            "classId": 6551259,
            "objectId": null,
            "description": "",
            "geometryType": "polygon",
            "labelerLogin": "inbox@datasetninja.com",
            "createdAt": "2024-03-12T15:20:44.044Z",
            "updatedAt": "2024-03-12T15:20:44.044Z",
            "tags": [],
            "classTitle": "ignore region",
            "points": {
                "exterior": [
                    [
                        165,
                        179
                    ],
                    [
                        165,
                        188
                    ],
                    [
                        166,
                        189
                    ],
                    [
                        166,
                        202
                    ],
                    [
                        165,
                        203
                    ],
                    [
                        165,
                        227
                    ],
                    [
                        190,
                        227
                    ],
                    [
                        190,
                        215
                    ],
                    [
                        191,
                        214
                    ],
                    [
                        191,
                        210
                    ],
                    [
                        193,
                        208
                    ],
                    [
                        194,
                        208
                    ],
                    [
                        197,
                        205
                    ],
                    [
                        197,
                        204
                    ],
                    [
                        203,
                        198
                    ],
                    [
                        204,
                        198
                    ],
                    [
                        207,
                        195
                    ],
                    [
                        208,
                        195
                    ],
                    [
                        210,
                        193
                    ],
                    [
                        214,
                        193
                    ],
                    [
                        214,
                        179
                    ]
                ],
                "interior": []
            }
        },
        {
            "id": 159511785,
            "classId": 6551259,
            "objectId": null,
            "description": "",
            "geometryType": "rectangle",
            "labelerLogin": "inbox@datasetninja.com",
            "createdAt": "2024-03-12T15:20:44.044Z",
            "updatedAt": "2024-03-12T15:20:44.044Z",
            "tags": [],
            "classTitle": "ignore region",
            "points": {
                "exterior": [
                    [
                        165,
                        179
                    ],
                    [
                        214,
                        227
                    ]
                ],
                "interior": []
            }
        },
        {
            "id": 159511786,
            "classId": 6551259,
            "objectId": null,
            "description": "",
            "geometryType": "polygon",
            "labelerLogin": "inbox@datasetninja.com",
            "createdAt": "2024-03-12T15:20:44.045Z",
            "updatedAt": "2024-03-12T15:20:44.045Z",
            "tags": [],
            "classTitle": "ignore region",
            "points": {
                "exterior": [
                    [
                        1,
                        178
                    ],
                    [
                        1,
                        224
                    ],
                    [
                        109,
                        224
                    ],
                    [
                        109,
                        178
                    ]
                ],
                "interior": []
            }
        },
        {
            "id": 159511787,
            "classId": 6551259,
            "objectId": null,
            "description": "",
            "geometryType": "rectangle",
            "labelerLogin": "inbox@datasetninja.com",
            "createdAt": "2024-03-12T15:20:44.045Z",
            "updatedAt": "2024-03-12T15:20:44.045Z",
            "tags": [],
            "classTitle": "ignore region",
            "points": {
                "exterior": [
                    [
                        1,
                        178
                    ],
                    [
                        109,
                        224
                    ]
                ],
                "interior": []
            }
        },
        {
            "id": 159511788,
            "classId": 6551259,
            "objectId": null,
            "description": "",
            "geometryType": "polygon",
            "labelerLogin": "inbox@datasetninja.com",
            "createdAt": "2024-03-12T15:20:44.045Z",
            "updatedAt": "2024-03-12T15:20:44.045Z",
            "tags": [],
            "classTitle": "ignore region",
            "points": {
                "exterior": [
                    [
                        443,
                        163
                    ],
                    [
                        443,
                        179
                    ],
                    [
                        444,
                        180
                    ],
                    [
                        445,
                        179
                    ],
                    [
                        456,
                        179
                    ],
                    [
                        457,
                        180
                    ],
                    [
                        458,
                        180
                    ],
                    [
                        459,
                        181
                    ],
                    [
                        460,
                        181
                    ],
                    [
                        461,
                        182
                    ],
                    [
                        462,
                        182
                    ],
                    [
                        463,
                        183
                    ],
                    [
                        463,
                        184
                    ],
                    [
                        467,
                        188
                    ],
                    [
                        467,
                        189
                    ],
                    [
                        469,
                        191
                    ],
                    [
                        469,
                        193
                    ],
                    [
                        470,
                        194
                    ],
                    [
                        470,
                        200
                    ],
                    [
                        471,
                        201
                    ],
                    [
                        471,
                        206
                    ],
                    [
                        469,
                        208
                    ],
                    [
                        465,
                        208
                    ],
                    [
                        464,
                        209
                    ],
                    [
                        463,
                        208
                    ],
                    [
                        459,
                        208
                    ],
                    [
                        458,
                        207
                    ],
                    [
                        456,
                        207
                    ],
                    [
                        455,
                        206
                    ],
                    [
                        453,
                        206
                    ],
                    [
                        452,
                        205
                    ],
                    [
                        450,
                        205
                    ],
                    [
                        449,
                        206
                    ],
                    [
                        446,
                        206
                    ],
                    [
                        444,
                        204
                    ],
                    [
                        444,
                        201
                    ],
                    [
                        444,
                        205
                    ],
                    [
                        443,
                        206
                    ],
                    [
                        443,
                        318
                    ],
                    [
                        711,
                        318
                    ],
                    [
                        711,
                        221
                    ],
                    [
                        710,
                        222
                    ],
                    [
                        708,
                        222
                    ],
                    [
                        705,
                        219
                    ],
                    [
                        705,
                        217
                    ],
                    [
                        702,
                        214
                    ],
                    [
                        702,
                        211
                    ],
                    [
                        701,
                        210
                    ],
                    [
                        701,
                        209
                    ],
                    [
                        700,
                        208
                    ],
                    [
                        700,
                        204
                    ],
                    [
                        699,
                        203
                    ],
                    [
                        699,
                        200
                    ],
                    [
                        698,
                        199
                    ],
                    [
                        698,
                        197
                    ],
                    [
                        699,
                        196
                    ],
                    [
                        703,
                        196
                    ],
                    [
                        705,
                        194
                    ],
                    [
                        705,
                        191
                    ],
                    [
                        706,
                        190
                    ],
                    [
                        706,
                        189
                    ],
                    [
                        707,
                        188
                    ],
                    [
                        707,
                        186
                    ],
                    [
                        708,
                        185
                    ],
                    [
                        708,
                        184
                    ],
                    [
                        711,
                        181
                    ],
                    [
                        711,
                        163
                    ]
                ],
                "interior": []
            }
        },
        {
            "id": 159511789,
            "classId": 6551259,
            "objectId": null,
            "description": "",
            "geometryType": "rectangle",
            "labelerLogin": "inbox@datasetninja.com",
            "createdAt": "2024-03-12T15:20:44.045Z",
            "updatedAt": "2024-03-12T15:20:44.045Z",
            "tags": [],
            "classTitle": "ignore region",
            "points": {
                "exterior": [
                    [
                        443,
                        163
                    ],
                    [
                        711,
                        318
                    ]
                ],
                "interior": []
            }
        },
        {
            "id": 159511790,
            "classId": 6551259,
            "objectId": null,
            "description": "",
            "geometryType": "polygon",
            "labelerLogin": "inbox@datasetninja.com",
            "createdAt": "2024-03-12T15:20:44.045Z",
            "updatedAt": "2024-03-12T15:20:44.045Z",
            "tags": [],
            "classTitle": "ignore region",
            "points": {
                "exterior": [
                    [
                        884,
                        160
                    ],
                    [
                        884,
                        230
                    ],
                    [
                        1035,
                        230
                    ],
                    [
                        1035,
                        160
                    ]
                ],
                "interior": []
            }
        },
        {
            "id": 159511791,
            "classId": 6551259,
            "objectId": null,
            "description": "",
            "geometryType": "rectangle",
            "labelerLogin": "inbox@datasetninja.com",
            "createdAt": "2024-03-12T15:20:44.046Z",
            "updatedAt": "2024-03-12T15:20:44.046Z",
            "tags": [],
            "classTitle": "ignore region",
            "points": {
                "exterior": [
                    [
                        884,
                        160
                    ],
                    [
                        1035,
                        230
                    ]
                ],
                "interior": []
            }
        }
    ]
}