{
    "description": "",
    "tags": [
        {
            "id": 21884241,
            "tagId": 32512,
            "name": "sequence",
            "value": "0001",
            "labelerLogin": "inbox@datasetninja.com",
            "createdAt": "2024-03-12T15:19:16.468Z",
            "updatedAt": "2024-03-12T15:19:16.468Z"
        }
    ],
    "size": {
        "height": 375,
        "width": 1242
    },
    "objects": [
        {
            "id": 159510014,
            "classId": 6551258,
            "objectId": null,
            "description": "",
            "geometryType": "polygon",
            "labelerLogin": "inbox@datasetninja.com",
            "createdAt": "2024-03-12T15:19:16.468Z",
            "updatedAt": "2024-03-12T15:19:16.468Z",
            "tags": [
                {
                    "id": 121968577,
                    "tagId": 32511,
                    "name": "object id",
                    "value": 1083,
                    "labelerLogin": "inbox@datasetninja.com",
                    "createdAt": "2024-03-12T15:19:16.468Z",
                    "updatedAt": "2024-03-12T15:19:16.468Z"
                },
                {
                    "id": 121968578,
                    "tagId": 32513,
                    "name": "instance id",
                    "value": 83,
                    "labelerLogin": "inbox@datasetninja.com",
                    "createdAt": "2024-03-12T15:19:16.468Z",
                    "updatedAt": "2024-03-12T15:19:16.468Z"
                }
            ],
            "classTitle": "car",
            "points": {
                "exterior": [
                    [
                        388,
                        182
                    ],
                    [
                        387,
                        183
                    ],
                    [
                        378,
                        183
                    ],
                    [
                        377,
                        184
                    ],
                    [
                        368,
                        184
                    ],
                    [
                        367,
                        185
                    ],
                    [
                        364,
                        185
                    ],
                    [
                        363,
                        186
                    ],
                    [
                        362,
                        186
                    ],
                    [
                        361,
                        187
                    ],
                    [
                        358,
                        187
                    ],
                    [
                        357,
                        188
                    ],
                    [
                        356,
                        188
                    ],
                    [
                        355,
                        189
                    ],
                    [
                        354,
                        189
                    ],
                    [
                        353,
                        190
                    ],
                    [
                        352,
                        190
                    ],
                    [
                        352,
                        191
                    ],
                    [
                        351,
                        192
                    ],
                    [
                        350,
                        192
                    ],
                    [
                        348,
                        194
                    ],
                    [
                        347,
                        194
                    ],
                    [
                        344,
                        197
                    ],
                    [
                        343,
                        197
                    ],
                    [
                        342,
                        198
                    ],
                    [
                        341,
                        198
                    ],
                    [
                        340,
                        199
                    ],
                    [
                        339,
                        199
                    ],
                    [
                        338,
                        200
                    ],
                    [
                        338,
                        201
                    ],
                    [
                        337,
                        202
                    ],
                    [
                        336,
                        202
                    ],
                    [
                        335,
                        203
                    ],
                    [
                        334,
                        203
                    ],
                    [
                        333,
                        204
                    ],
                    [
                        332,
                        204
                    ],
                    [
                        331,
                        205
                    ],
                    [
                        329,
                        205
                    ],
                    [
                        328,
                        206
                    ],
                    [
                        327,
                        206
                    ],
                    [
                        326,
                        207
                    ],
                    [
                        325,
                        207
                    ],
                    [
                        324,
                        208
                    ],
                    [
                        323,
                        208
                    ],
                    [
                        322,
                        209
                    ],
                    [
                        321,
                        209
                    ],
                    [
                        320,
                        210
                    ],
                    [
                        319,
                        210
                    ],
                    [
                        318,
                        211
                    ],
                    [
                        316,
                        211
                    ],
                    [
                        315,
                        212
                    ],
                    [
                        312,
                        212
                    ],
                    [
                        311,
                        213
                    ],
                    [
                        310,
                        213
                    ],
                    [
                        309,
                        214
                    ],
                    [
                        308,
                        214
                    ],
                    [
                        304,
                        218
                    ],
                    [
                        304,
                        219
                    ],
                    [
                        303,
                        220
                    ],
                    [
                        303,
                        221
                    ],
                    [
                        302,
                        222
                    ],
                    [
                        302,
                        229
                    ],
                    [
                        303,
                        230
                    ],
                    [
                        303,
                        232
                    ],
                    [
                        304,
                        233
                    ],
                    [
                        304,
                        235
                    ],
                    [
                        305,
                        236
                    ],
                    [
                        306,
                        236
                    ],
                    [
                        307,
                        237
                    ],
                    [
                        312,
                        237
                    ],
                    [
                        314,
                        239
                    ],
                    [
                        315,
                        239
                    ],
                    [
                        317,
                        241
                    ],
                    [
                        319,
                        241
                    ],
                    [
                        320,
                        242
                    ],
                    [
                        325,
                        242
                    ],
                    [
                        326,
                        241
                    ],
                    [
                        327,
                        241
                    ],
                    [
                        328,
                        240
                    ],
                    [
                        329,
                        240
                    ],
                    [
                        330,
                        239
                    ],
                    [
                        340,
                        239
                    ],
                    [
                        341,
                        238
                    ],
                    [
                        359,
                        238
                    ],
                    [
                        360,
                        237
                    ],
                    [
                        366,
                        237
                    ],
                    [
                        367,
                        238
                    ],
                    [
                        368,
                        238
                    ],
                    [
                        369,
                        239
                    ],
                    [
                        370,
                        239
                    ],
                    [
                        372,
                        241
                    ],
                    [
                        377,
                        241
                    ],
                    [
                        378,
                        240
                    ],
                    [
                        379,
                        240
                    ],
                    [
                        381,
                        238
                    ],
                    [
                        381,
                        237
                    ],
                    [
                        383,
                        235
                    ],
                    [
                        383,
                        234
                    ],
                    [
                        385,
                        232
                    ],
                    [
                        387,
                        232
                    ],
                    [
                        388,
                        231
                    ],
                    [
                        392,
                        231
                    ],
                    [
                        393,
                        230
                    ],
                    [
                        398,
                        230
                    ],
                    [
                        399,
                        229
                    ],
                    [
                        407,
                        229
                    ],
                    [
                        408,
                        228
                    ],
                    [
                        420,
                        228
                    ],
                    [
                        421,
                        227
                    ],
                    [
                        421,
                        225
                    ],
                    [
                        414,
                        218
                    ],
                    [
                        414,
                        217
                    ],
                    [
                        413,
                        216
                    ],
                    [
                        413,
                        215
                    ],
                    [
                        412,
                        214
                    ],
                    [
                        412,
                        211
                    ],
                    [
                        411,
                        210
                    ],
                    [
                        411,
                        198
                    ],
                    [
                        412,
                        197
                    ],
                    [
                        412,
                        194
                    ],
                    [
                        414,
                        192
                    ],
                    [
                        414,
                        189
                    ],
                    [
                        417,
                        186
                    ],
                    [
                        417,
                        185
                    ],
                    [
                        418,
                        184
                    ],
                    [
                        418,
                        183
                    ],
                    [
                        415,
                        183
                    ],
                    [
                        414,
                        182
                    ]
                ],
                "interior": []
            }
        },
        {
            "id": 159510015,
            "classId": 6551258,
            "objectId": null,
            "description": "",
            "geometryType": "rectangle",
            "labelerLogin": "inbox@datasetninja.com",
            "createdAt": "2024-03-12T15:19:16.468Z",
            "updatedAt": "2024-03-12T15:19:16.468Z",
            "tags": [
                {
                    "id": 121968579,
                    "tagId": 32511,
                    "name": "object id",
                    "value": 1083,
                    "labelerLogin": "inbox@datasetninja.com",
                    "createdAt": "2024-03-12T15:19:16.468Z",
                    "updatedAt": "2024-03-12T15:19:16.468Z"
                },
                {
                    "id": 121968580,
                    "tagId": 32513,
                    "name": "instance id",
                    "value": 83,
                    "labelerLogin": "inbox@datasetninja.com",
                    "createdAt": "2024-03-12T15:19:16.468Z",
                    "updatedAt": "2024-03-12T15:19:16.468Z"
                }
            ],
            "classTitle": "car",
            "points": {
                "exterior": [
                    [
                        302,
                        182
                    ],
                    [
                        421,
                        242
                    ]
                ],
                "interior": []
            }
        },
        {
            "id": 159510016,
            "classId": 6551258,
            "objectId": null,
            "description": "",
            "geometryType": "polygon",
            "labelerLogin": "inbox@datasetninja.com",
            "createdAt": "2024-03-12T15:19:16.469Z",
            "updatedAt": "2024-03-12T15:19:16.469Z",
            "tags": [
                {
                    "id": 121968581,
                    "tagId": 32511,
                    "name": "object id",
                    "value": 1086,
                    "labelerLogin": "inbox@datasetninja.com",
                    "createdAt": "2024-03-12T15:19:16.469Z",
                    "updatedAt": "2024-03-12T15:19:16.469Z"
                },
                {
                    "id": 121968582,
                    "tagId": 32513,
                    "name": "instance id",
                    "value": 86,
                    "labelerLogin": "inbox@datasetninja.com",
                    "createdAt": "2024-03-12T15:19:16.469Z",
                    "updatedAt": "2024-03-12T15:19:16.469Z"
                }
            ],
            "classTitle": "car",
            "points": {
                "exterior": [
                    [
                        615,
                        176
                    ],
                    [
                        614,
                        177
                    ],
                    [
                        607,
                        177
                    ],
                    [
                        606,
                        178
                    ],
                    [
                        600,
                        178
                    ],
                    [
                        599,
                        179
                    ],
                    [
                        597,
                        179
                    ],
                    [
                        596,
                        180
                    ],
                    [
                        595,
                        180
                    ],
                    [
                        594,
                        181
                    ],
                    [
                        593,
                        181
                    ],
                    [
                        592,
                        182
                    ],
                    [
                        591,
                        182
                    ],
                    [
                        589,
                        184
                    ],
                    [
                        588,
                        184
                    ],
                    [
                        586,
                        186
                    ],
                    [
                        585,
                        186
                    ],
                    [
                        582,
                        189
                    ],
                    [
                        581,
                        189
                    ],
                    [
                        580,
                        190
                    ],
                    [
                        577,
                        190
                    ],
                    [
                        576,
                        191
                    ],
                    [
                        572,
                        191
                    ],
                    [
                        571,
                        192
                    ],
                    [
                        564,
                        192
                    ],
                    [
                        563,
                        193
                    ],
                    [
                        559,
                        193
                    ],
                    [
                        558,
                        194
                    ],
                    [
                        557,
                        194
                    ],
                    [
                        556,
                        195
                    ],
                    [
                        554,
                        195
                    ],
                    [
                        550,
                        199
                    ],
                    [
                        550,
                        211
                    ],
                    [
                        551,
                        212
                    ],
                    [
                        551,
                        213
                    ],
                    [
                        552,
                        214
                    ],
                    [
                        553,
                        214
                    ],
                    [
                        554,
                        215
                    ],
                    [
                        583,
                        215
                    ],
                    [
                        585,
                        217
                    ],
                    [
                        586,
                        217
                    ],
                    [
                        587,
                        218
                    ],
                    [
                        595,
                        218
                    ],
                    [
                        599,
                        214
                    ],
                    [
                        600,
                        214
                    ],
                    [
                        601,
                        213
                    ],
                    [
                        605,
                        213
                    ],
                    [
                        606,
                        212
                    ],
                    [
                        629,
                        212
                    ],
                    [
                        630,
                        211
                    ],
                    [
                        638,
                        211
                    ],
                    [
                        639,
                        210
                    ],
                    [
                        650,
                        210
                    ],
                    [
                        652,
                        212
                    ],
                    [
                        654,
                        212
                    ],
                    [
                        655,
                        213
                    ],
                    [
                        656,
                        213
                    ],
                    [
                        657,
                        214
                    ],
                    [
                        665,
                        214
                    ],
                    [
                        667,
                        212
                    ],
                    [
                        667,
                        211
                    ],
                    [
                        668,
                        210
                    ],
                    [
                        669,
                        210
                    ],
                    [
                        670,
                        209
                    ],
                    [
                        672,
                        209
                    ],
                    [
                        674,
                        207
                    ],
                    [
                        675,
                        207
                    ],
                    [
                        677,
                        205
                    ],
                    [
                        677,
                        204
                    ],
                    [
                        678,
                        203
                    ],
                    [
                        678,
                        196
                    ],
                    [
                        677,
                        195
                    ],
                    [
                        677,
                        193
                    ],
                    [
                        675,
                        191
                    ],
                    [
                        675,
                        189
                    ],
                    [
                        674,
                        188
                    ],
                    [
                        674,
                        186
                    ],
                    [
                        672,
                        184
                    ],
                    [
                        671,
                        184
                    ],
                    [
                        670,
                        183
                    ],
                    [
                        662,
                        183
                    ],
                    [
                        661,
                        182
                    ],
                    [
                        657,
                        182
                    ],
                    [
                        656,
                        181
                    ],
                    [
                        654,
                        181
                    ],
                    [
                        653,
                        180
                    ],
                    [
                        652,
                        180
                    ],
                    [
                        651,
                        179
                    ],
                    [
                        647,
                        179
                    ],
                    [
                        646,
                        178
                    ],
                    [
                        642,
                        178
                    ],
                    [
                        641,
                        177
                    ],
                    [
                        635,
                        177
                    ],
                    [
                        634,
                        176
                    ]
                ],
                "interior": []
            }
        },
        {
            "id": 159510017,
            "classId": 6551258,
            "objectId": null,
            "description": "",
            "geometryType": "rectangle",
            "labelerLogin": "inbox@datasetninja.com",
            "createdAt": "2024-03-12T15:19:16.470Z",
            "updatedAt": "2024-03-12T15:19:16.470Z",
            "tags": [
                {
                    "id": 121968583,
                    "tagId": 32511,
                    "name": "object id",
                    "value": 1086,
                    "labelerLogin": "inbox@datasetninja.com",
                    "createdAt": "2024-03-12T15:19:16.469Z",
                    "updatedAt": "2024-03-12T15:19:16.469Z"
                },
                {
                    "id": 121968584,
                    "tagId": 32513,
                    "name": "instance id",
                    "value": 86,
                    "labelerLogin": "inbox@datasetninja.com",
                    "createdAt": "2024-03-12T15:19:16.469Z",
                    "updatedAt": "2024-03-12T15:19:16.469Z"
                }
            ],
            "classTitle": "car",
            "points": {
                "exterior": [
                    [
                        550,
                        176
                    ],
                    [
                        678,
                        218
                    ]
                ],
                "interior": []
            }
        },
        {
            "id": 159510018,
            "classId": 6551258,
            "objectId": null,
            "description": "",
            "geometryType": "polygon",
            "labelerLogin": "inbox@datasetninja.com",
            "createdAt": "2024-03-12T15:19:16.470Z",
            "updatedAt": "2024-03-12T15:19:16.470Z",
            "tags": [
                {
                    "id": 121968585,
                    "tagId": 32511,
                    "name": "object id",
                    "value": 1088,
                    "labelerLogin": "inbox@datasetninja.com",
                    "createdAt": "2024-03-12T15:19:16.470Z",
                    "updatedAt": "2024-03-12T15:19:16.470Z"
                },
                {
                    "id": 121968586,
                    "tagId": 32513,
                    "name": "instance id",
                    "value": 88,
                    "labelerLogin": "inbox@datasetninja.com",
                    "createdAt": "2024-03-12T15:19:16.470Z",
                    "updatedAt": "2024-03-12T15:19:16.470Z"
                }
            ],
            "classTitle": "car",
            "points": {
                "exterior": [
                    [
                        856,
                        163
                    ],
                    [
                        855,
                        164
                    ],
                    [
                        840,
                        164
                    ],
                    [
                        839,
                        165
                    ],
                    [
                        833,
                        165
                    ],
                    [
                        832,
                        166
                    ],
                    [
                        831,
                        166
                    ],
                    [
                        829,
                        168
                    ],
                    [
                        827,
                        168
                    ],
                    [
                        826,
                        169
                    ],
                    [
                        824,
                        169
                    ],
                    [
                        823,
                        170
                    ],
                    [
                        822,
                        170
                    ],
                    [
                        819,
                        173
                    ],
                    [
                        817,
                        173
                    ],
                    [
                        817,
                        174
                    ],
                    [
                        816,
                        175
                    ],
                    [
                        815,
                        175
                    ],
                    [
                        811,
                        179
                    ],
                    [
                        811,
                        180
                    ],
                    [
                        809,
                        182
                    ],
                    [
                        808,
                        182
                    ],
                    [
                        807,
                        183
                    ],
                    [
                        807,
                        184
                    ],
                    [
                        806,
                        185
                    ],
                    [
                        806,
                        186
                    ],
                    [
                        805,
                        187
                    ],
                    [
                        805,
                        188
                    ],
                    [
                        804,
                        189
                    ],
                    [
                        804,
                        192
                    ],
                    [
                        803,
                        193
                    ],
                    [
                        803,
                        199
                    ],
                    [
                        802,
                        200
                    ],
                    [
                        802,
                        201
                    ],
                    [
                        801,
                        202
                    ],
                    [
                        801,
                        205
                    ],
                    [
                        800,
                        206
                    ],
                    [
                        800,
                        211
                    ],
                    [
                        801,
                        212
                    ],
                    [
                        801,
                        215
                    ],
                    [
                        802,
                        216
                    ],
                    [
                        802,
                        217
                    ],
                    [
                        804,
                        219
                    ],
                    [
                        804,
                        220
                    ],
                    [
                        805,
                        221
                    ],
                    [
                        806,
                        221
                    ],
                    [
                        807,
                        222
                    ],
                    [
                        812,
                        222
                    ],
                    [
                        813,
                        223
                    ],
                    [
                        815,
                        223
                    ],
                    [
                        816,
                        224
                    ],
                    [
                        817,
                        224
                    ],
                    [
                        818,
                        225
                    ],
                    [
                        820,
                        225
                    ],
                    [
                        821,
                        226
                    ],
                    [
                        823,
                        226
                    ],
                    [
                        824,
                        227
                    ],
                    [
                        825,
                        226
                    ],
                    [
                        834,
                        226
                    ],
                    [
                        835,
                        227
                    ],
                    [
                        836,
                        227
                    ],
                    [
                        842,
                        233
                    ],
                    [
                        844,
                        233
                    ],
                    [
                        845,
                        234
                    ],
                    [
                        855,
                        234
                    ],
                    [
                        856,
                        233
                    ],
                    [
                        857,
                        233
                    ],
                    [
                        858,
                        232
                    ],
                    [
                        859,
                        232
                    ],
                    [
                        860,
                        231
                    ],
                    [
                        860,
                        230
                    ],
                    [
                        865,
                        225
                    ],
                    [
                        867,
                        225
                    ],
                    [
                        868,
                        224
                    ],
                    [
                        885,
                        224
                    ],
                    [
                        886,
                        223
                    ],
                    [
                        896,
                        223
                    ],
                    [
                        897,
                        222
                    ],
                    [
                        916,
                        222
                    ],
                    [
                        917,
                        223
                    ],
                    [
                        919,
                        223
                    ],
                    [
                        920,
                        224
                    ],
                    [
                        933,
                        224
                    ],
                    [
                        934,
                        223
                    ],
                    [
                        943,
                        223
                    ],
                    [
                        944,
                        224
                    ],
                    [
                        945,
                        224
                    ],
                    [
                        946,
                        225
                    ],
                    [
                        947,
                        225
                    ],
                    [
                        950,
                        228
                    ],
                    [
                        950,
                        229
                    ],
                    [
                        951,
                        230
                    ],
                    [
                        953,
                        230
                    ],
                    [
                        954,
                        231
                    ],
                    [
                        963,
                        231
                    ],
                    [
                        964,
                        230
                    ],
                    [
                        965,
                        230
                    ],
                    [
                        966,
                        229
                    ],
                    [
                        967,
                        229
                    ],
                    [
                        969,
                        227
                    ],
                    [
                        969,
                        226
                    ],
                    [
                        971,
                        224
                    ],
                    [
                        971,
                        223
                    ],
                    [
                        973,
                        221
                    ],
                    [
                        973,
                        220
                    ],
                    [
                        976,
                        217
                    ],
                    [
                        977,
                        217
                    ],
                    [
                        978,
                        216
                    ],
                    [
                        979,
                        216
                    ],
                    [
                        980,
                        215
                    ],
                    [
                        981,
                        215
                    ],
                    [
                        982,
                        214
                    ],
                    [
                        983,
                        214
                    ],
                    [
                        983,
                        212
                    ],
                    [
                        984,
                        211
                    ],
                    [
                        984,
                        210
                    ],
                    [
                        985,
                        209
                    ],
                    [
                        985,
                        199
                    ],
                    [
                        984,
                        198
                    ],
                    [
                        984,
                        197
                    ],
                    [
                        983,
                        196
                    ],
                    [
                        983,
                        194
                    ],
                    [
                        982,
                        193
                    ],
                    [
                        981,
                        193
                    ],
                    [
                        978,
                        190
                    ],
                    [
                        977,
                        190
                    ],
                    [
                        975,
                        188
                    ],
                    [
                        971,
                        188
                    ],
                    [
                        970,
                        187
                    ],
                    [
                        964,
                        187
                    ],
                    [
                        963,
                        186
                    ],
                    [
                        947,
                        186
                    ],
                    [
                        946,
                        185
                    ],
                    [
                        943,
                        185
                    ],
                    [
                        942,
                        184
                    ],
                    [
                        941,
                        184
                    ],
                    [
                        938,
                        181
                    ],
                    [
                        937,
                        181
                    ],
                    [
                        936,
                        180
                    ],
                    [
                        935,
                        180
                    ],
                    [
                        933,
                        178
                    ],
                    [
                        932,
                        178
                    ],
                    [
                        931,
                        177
                    ],
                    [
                        930,
                        177
                    ],
                    [
                        929,
                        176
                    ],
                    [
                        928,
                        176
                    ],
                    [
                        926,
                        174
                    ],
                    [
                        924,
                        174
                    ],
                    [
                        923,
                        173
                    ],
                    [
                        922,
                        173
                    ],
                    [
                        921,
                        172
                    ],
                    [
                        920,
                        172
                    ],
                    [
                        919,
                        171
                    ],
                    [
                        918,
                        171
                    ],
                    [
                        916,
                        169
                    ],
                    [
                        913,
                        169
                    ],
                    [
                        912,
                        168
                    ],
                    [
                        910,
                        168
                    ],
                    [
                        909,
                        167
                    ],
                    [
                        905,
                        167
                    ],
                    [
                        904,
                        166
                    ],
                    [
                        900,
                        166
                    ],
                    [
                        899,
                        165
                    ],
                    [
                        889,
                        165
                    ],
                    [
                        888,
                        164
                    ],
                    [
                        865,
                        164
                    ],
                    [
                        864,
                        163
                    ]
                ],
                "interior": []
            }
        },
        {
            "id": 159510019,
            "classId": 6551258,
            "objectId": null,
            "description": "",
            "geometryType": "rectangle",
            "labelerLogin": "inbox@datasetninja.com",
            "createdAt": "2024-03-12T15:19:16.470Z",
            "updatedAt": "2024-03-12T15:19:16.470Z",
            "tags": [
                {
                    "id": 121968587,
                    "tagId": 32511,
                    "name": "object id",
                    "value": 1088,
                    "labelerLogin": "inbox@datasetninja.com",
                    "createdAt": "2024-03-12T15:19:16.470Z",
                    "updatedAt": "2024-03-12T15:19:16.470Z"
                },
                {
                    "id": 121968588,
                    "tagId": 32513,
                    "name": "instance id",
                    "value": 88,
                    "labelerLogin": "inbox@datasetninja.com",
                    "createdAt": "2024-03-12T15:19:16.470Z",
                    "updatedAt": "2024-03-12T15:19:16.470Z"
                }
            ],
            "classTitle": "car",
            "points": {
                "exterior": [
                    [
                        800,
                        163
                    ],
                    [
                        985,
                        234
                    ]
                ],
                "interior": []
            }
        },
        {
            "id": 159510020,
            "classId": 6551259,
            "objectId": null,
            "description": "",
            "geometryType": "polygon",
            "labelerLogin": "inbox@datasetninja.com",
            "createdAt": "2024-03-12T15:19:16.471Z",
            "updatedAt": "2024-03-12T15:19:16.471Z",
            "tags": [],
            "classTitle": "ignore region",
            "points": {
                "exterior": [
                    [
                        324,
                        181
                    ],
                    [
                        324,
                        199
                    ],
                    [
                        338,
                        199
                    ],
                    [
                        339,
                        198
                    ],
                    [
                        340,
                        198
                    ],
                    [
                        341,
                        197
                    ],
                    [
                        342,
                        197
                    ],
                    [
                        343,
                        196
                    ],
                    [
                        344,
                        196
                    ],
                    [
                        347,
                        193
                    ],
                    [
                        348,
                        193
                    ],
                    [
                        349,
                        192
                    ],
                    [
                        349,
                        181
                    ]
                ],
                "interior": []
            }
        },
        {
            "id": 159510021,
            "classId": 6551259,
            "objectId": null,
            "description": "",
            "geometryType": "rectangle",
            "labelerLogin": "inbox@datasetninja.com",
            "createdAt": "2024-03-12T15:19:16.471Z",
            "updatedAt": "2024-03-12T15:19:16.471Z",
            "tags": [],
            "classTitle": "ignore region",
            "points": {
                "exterior": [
                    [
                        324,
                        181
                    ],
                    [
                        349,
                        199
                    ]
                ],
                "interior": []
            }
        }
    ]
}