{
    "description": "",
    "tags": [
        {
            "id": 21884603,
            "tagId": 32512,
            "name": "sequence",
            "value": "0003",
            "labelerLogin": "inbox@datasetninja.com",
            "createdAt": "2024-03-12T15:25:02.853Z",
            "updatedAt": "2024-03-12T15:25:02.853Z"
        }
    ],
    "size": {
        "height": 375,
        "width": 1242
    },
    "objects": [
        {
            "id": 159517200,
            "classId": 6551258,
            "objectId": null,
            "description": "",
            "geometryType": "polygon",
            "labelerLogin": "inbox@datasetninja.com",
            "createdAt": "2024-03-12T15:25:02.854Z",
            "updatedAt": "2024-03-12T15:25:02.854Z",
            "tags": [
                {
                    "id": 121977801,
                    "tagId": 32511,
                    "name": "object id",
                    "value": 1000,
                    "labelerLogin": "inbox@datasetninja.com",
                    "createdAt": "2024-03-12T15:25:02.854Z",
                    "updatedAt": "2024-03-12T15:25:02.854Z"
                },
                {
                    "id": 121977802,
                    "tagId": 32513,
                    "name": "instance id",
                    "value": 0,
                    "labelerLogin": "inbox@datasetninja.com",
                    "createdAt": "2024-03-12T15:25:02.854Z",
                    "updatedAt": "2024-03-12T15:25:02.854Z"
                }
            ],
            "classTitle": "car",
            "points": {
                "exterior": [
                    [
                        763,
                        184
                    ],
                    [
                        762,
                        185
                    ],
                    [
                        722,
                        185
                    ],
                    [
                        721,
                        186
                    ],
                    [
                        719,
                        186
                    ],
                    [
                        718,
                        187
                    ],
                    [
                        717,
                        187
                    ],
                    [
                        715,
                        189
                    ],
                    [
                        714,
                        189
                    ],
                    [
                        708,
                        195
                    ],
                    [
                        708,
                        196
                    ],
                    [
                        706,
                        198
                    ],
                    [
                        706,
                        199
                    ],
                    [
                        704,
                        201
                    ],
                    [
                        704,
                        202
                    ],
                    [
                        703,
                        203
                    ],
                    [
                        702,
                        203
                    ],
                    [
                        701,
                        204
                    ],
                    [
                        696,
                        204
                    ],
                    [
                        694,
                        206
                    ],
                    [
                        694,
                        207
                    ],
                    [
                        693,
                        208
                    ],
                    [
                        693,
                        209
                    ],
                    [
                        694,
                        210
                    ],
                    [
                        694,
                        213
                    ],
                    [
                        692,
                        215
                    ],
                    [
                        692,
                        216
                    ],
                    [
                        690,
                        218
                    ],
                    [
                        690,
                        237
                    ],
                    [
                        691,
                        238
                    ],
                    [
                        691,
                        239
                    ],
                    [
                        692,
                        240
                    ],
                    [
                        692,
                        242
                    ],
                    [
                        694,
                        244
                    ],
                    [
                        707,
                        244
                    ],
                    [
                        710,
                        247
                    ],
                    [
                        710,
                        251
                    ],
                    [
                        711,
                        252
                    ],
                    [
                        711,
                        253
                    ],
                    [
                        712,
                        254
                    ],
                    [
                        712,
                        256
                    ],
                    [
                        713,
                        257
                    ],
                    [
                        713,
                        258
                    ],
                    [
                        714,
                        258
                    ],
                    [
                        715,
                        259
                    ],
                    [
                        727,
                        259
                    ],
                    [
                        728,
                        258
                    ],
                    [
                        728,
                        257
                    ],
                    [
                        729,
                        256
                    ],
                    [
                        729,
                        255
                    ],
                    [
                        732,
                        252
                    ],
                    [
                        744,
                        252
                    ],
                    [
                        745,
                        251
                    ],
                    [
                        775,
                        251
                    ],
                    [
                        776,
                        252
                    ],
                    [
                        781,
                        252
                    ],
                    [
                        782,
                        253
                    ],
                    [
                        783,
                        253
                    ],
                    [
                        785,
                        255
                    ],
                    [
                        785,
                        256
                    ],
                    [
                        788,
                        259
                    ],
                    [
                        797,
                        259
                    ],
                    [
                        797,
                        258
                    ],
                    [
                        798,
                        257
                    ],
                    [
                        799,
                        257
                    ],
                    [
                        800,
                        256
                    ],
                    [
                        800,
                        254
                    ],
                    [
                        801,
                        253
                    ],
                    [
                        801,
                        250
                    ],
                    [
                        802,
                        249
                    ],
                    [
                        802,
                        248
                    ],
                    [
                        803,
                        247
                    ],
                    [
                        803,
                        245
                    ],
                    [
                        804,
                        244
                    ],
                    [
                        804,
                        243
                    ],
                    [
                        805,
                        242
                    ],
                    [
                        805,
                        238
                    ],
                    [
                        806,
                        237
                    ],
                    [
                        806,
                        234
                    ],
                    [
                        807,
                        233
                    ],
                    [
                        807,
                        232
                    ],
                    [
                        806,
                        231
                    ],
                    [
                        806,
                        230
                    ],
                    [
                        805,
                        229
                    ],
                    [
                        805,
                        225
                    ],
                    [
                        804,
                        224
                    ],
                    [
                        804,
                        221
                    ],
                    [
                        803,
                        220
                    ],
                    [
                        803,
                        219
                    ],
                    [
                        802,
                        218
                    ],
                    [
                        802,
                        216
                    ],
                    [
                        801,
                        215
                    ],
                    [
                        801,
                        212
                    ],
                    [
                        800,
                        211
                    ],
                    [
                        800,
                        210
                    ],
                    [
                        799,
                        209
                    ],
                    [
                        799,
                        208
                    ],
                    [
                        798,
                        208
                    ],
                    [
                        797,
                        207
                    ],
                    [
                        797,
                        206
                    ],
                    [
                        796,
                        205
                    ],
                    [
                        796,
                        204
                    ],
                    [
                        793,
                        201
                    ],
                    [
                        793,
                        199
                    ],
                    [
                        791,
                        197
                    ],
                    [
                        791,
                        196
                    ],
                    [
                        783,
                        188
                    ],
                    [
                        782,
                        188
                    ],
                    [
                        781,
                        187
                    ],
                    [
                        778,
                        187
                    ],
                    [
                        777,
                        186
                    ],
                    [
                        774,
                        186
                    ],
                    [
                        773,
                        185
                    ],
                    [
                        764,
                        185
                    ]
                ],
                "interior": []
            }
        },
        {
            "id": 159517201,
            "classId": 6551258,
            "objectId": null,
            "description": "",
            "geometryType": "rectangle",
            "labelerLogin": "inbox@datasetninja.com",
            "createdAt": "2024-03-12T15:25:02.855Z",
            "updatedAt": "2024-03-12T15:25:02.855Z",
            "tags": [
                {
                    "id": 121977803,
                    "tagId": 32511,
                    "name": "object id",
                    "value": 1000,
                    "labelerLogin": "inbox@datasetninja.com",
                    "createdAt": "2024-03-12T15:25:02.855Z",
                    "updatedAt": "2024-03-12T15:25:02.855Z"
                },
                {
                    "id": 121977804,
                    "tagId": 32513,
                    "name": "instance id",
                    "value": 0,
                    "labelerLogin": "inbox@datasetninja.com",
                    "createdAt": "2024-03-12T15:25:02.855Z",
                    "updatedAt": "2024-03-12T15:25:02.855Z"
                }
            ],
            "classTitle": "car",
            "points": {
                "exterior": [
                    [
                        690,
                        184
                    ],
                    [
                        807,
                        259
                    ]
                ],
                "interior": []
            }
        },
        {
            "id": 159517202,
            "classId": 6551258,
            "objectId": null,
            "description": "",
            "geometryType": "polygon",
            "labelerLogin": "inbox@datasetninja.com",
            "createdAt": "2024-03-12T15:25:02.856Z",
            "updatedAt": "2024-03-12T15:25:02.856Z",
            "tags": [
                {
                    "id": 121977805,
                    "tagId": 32511,
                    "name": "object id",
                    "value": 1001,
                    "labelerLogin": "inbox@datasetninja.com",
                    "createdAt": "2024-03-12T15:25:02.856Z",
                    "updatedAt": "2024-03-12T15:25:02.856Z"
                },
                {
                    "id": 121977806,
                    "tagId": 32513,
                    "name": "instance id",
                    "value": 1,
                    "labelerLogin": "inbox@datasetninja.com",
                    "createdAt": "2024-03-12T15:25:02.856Z",
                    "updatedAt": "2024-03-12T15:25:02.856Z"
                }
            ],
            "classTitle": "car",
            "points": {
                "exterior": [
                    [
                        1206,
                        181
                    ],
                    [
                        1205,
                        182
                    ],
                    [
                        1147,
                        182
                    ],
                    [
                        1146,
                        183
                    ],
                    [
                        1124,
                        183
                    ],
                    [
                        1123,
                        184
                    ],
                    [
                        1112,
                        184
                    ],
                    [
                        1111,
                        185
                    ],
                    [
                        1099,
                        185
                    ],
                    [
                        1098,
                        186
                    ],
                    [
                        1091,
                        186
                    ],
                    [
                        1090,
                        187
                    ],
                    [
                        1084,
                        187
                    ],
                    [
                        1083,
                        188
                    ],
                    [
                        1072,
                        188
                    ],
                    [
                        1071,
                        189
                    ],
                    [
                        1068,
                        189
                    ],
                    [
                        1067,
                        190
                    ],
                    [
                        1061,
                        190
                    ],
                    [
                        1060,
                        191
                    ],
                    [
                        1058,
                        191
                    ],
                    [
                        1057,
                        192
                    ],
                    [
                        1053,
                        192
                    ],
                    [
                        1051,
                        194
                    ],
                    [
                        1050,
                        194
                    ],
                    [
                        1049,
                        195
                    ],
                    [
                        1046,
                        195
                    ],
                    [
                        1045,
                        196
                    ],
                    [
                        1044,
                        196
                    ],
                    [
                        1043,
                        197
                    ],
                    [
                        1042,
                        197
                    ],
                    [
                        1040,
                        199
                    ],
                    [
                        1038,
                        199
                    ],
                    [
                        1036,
                        201
                    ],
                    [
                        1034,
                        201
                    ],
                    [
                        1031,
                        204
                    ],
                    [
                        1029,
                        204
                    ],
                    [
                        1027,
                        206
                    ],
                    [
                        1026,
                        206
                    ],
                    [
                        1024,
                        208
                    ],
                    [
                        1023,
                        208
                    ],
                    [
                        1020,
                        211
                    ],
                    [
                        1019,
                        211
                    ],
                    [
                        1019,
                        212
                    ],
                    [
                        1018,
                        213
                    ],
                    [
                        1017,
                        213
                    ],
                    [
                        1015,
                        215
                    ],
                    [
                        1014,
                        215
                    ],
                    [
                        1012,
                        217
                    ],
                    [
                        1011,
                        217
                    ],
                    [
                        1008,
                        220
                    ],
                    [
                        1007,
                        220
                    ],
                    [
                        1005,
                        222
                    ],
                    [
                        1004,
                        222
                    ],
                    [
                        1002,
                        224
                    ],
                    [
                        1001,
                        224
                    ],
                    [
                        1001,
                        225
                    ],
                    [
                        999,
                        227
                    ],
                    [
                        998,
                        227
                    ],
                    [
                        998,
                        228
                    ],
                    [
                        997,
                        229
                    ],
                    [
                        996,
                        229
                    ],
                    [
                        994,
                        231
                    ],
                    [
                        993,
                        231
                    ],
                    [
                        988,
                        236
                    ],
                    [
                        985,
                        236
                    ],
                    [
                        983,
                        238
                    ],
                    [
                        981,
                        238
                    ],
                    [
                        980,
                        239
                    ],
                    [
                        979,
                        239
                    ],
                    [
                        978,
                        240
                    ],
                    [
                        977,
                        240
                    ],
                    [
                        974,
                        243
                    ],
                    [
                        973,
                        243
                    ],
                    [
                        971,
                        245
                    ],
                    [
                        970,
                        245
                    ],
                    [
                        969,
                        246
                    ],
                    [
                        968,
                        246
                    ],
                    [
                        967,
                        247
                    ],
                    [
                        963,
                        247
                    ],
                    [
                        962,
                        248
                    ],
                    [
                        961,
                        248
                    ],
                    [
                        960,
                        249
                    ],
                    [
                        959,
                        249
                    ],
                    [
                        958,
                        250
                    ],
                    [
                        957,
                        250
                    ],
                    [
                        955,
                        252
                    ],
                    [
                        954,
                        252
                    ],
                    [
                        953,
                        253
                    ],
                    [
                        952,
                        253
                    ],
                    [
                        951,
                        254
                    ],
                    [
                        950,
                        254
                    ],
                    [
                        948,
                        256
                    ],
                    [
                        947,
                        256
                    ],
                    [
                        942,
                        261
                    ],
                    [
                        942,
                        262
                    ],
                    [
                        940,
                        264
                    ],
                    [
                        940,
                        265
                    ],
                    [
                        939,
                        266
                    ],
                    [
                        939,
                        268
                    ],
                    [
                        938,
                        269
                    ],
                    [
                        938,
                        271
                    ],
                    [
                        937,
                        272
                    ],
                    [
                        937,
                        274
                    ],
                    [
                        936,
                        275
                    ],
                    [
                        936,
                        278
                    ],
                    [
                        935,
                        279
                    ],
                    [
                        935,
                        280
                    ],
                    [
                        934,
                        281
                    ],
                    [
                        934,
                        282
                    ],
                    [
                        933,
                        283
                    ],
                    [
                        933,
                        285
                    ],
                    [
                        932,
                        286
                    ],
                    [
                        932,
                        306
                    ],
                    [
                        933,
                        307
                    ],
                    [
                        933,
                        314
                    ],
                    [
                        934,
                        315
                    ],
                    [
                        934,
                        321
                    ],
                    [
                        935,
                        322
                    ],
                    [
                        935,
                        325
                    ],
                    [
                        936,
                        326
                    ],
                    [
                        936,
                        329
                    ],
                    [
                        937,
                        330
                    ],
                    [
                        937,
                        331
                    ],
                    [
                        938,
                        332
                    ],
                    [
                        938,
                        333
                    ],
                    [
                        939,
                        334
                    ],
                    [
                        939,
                        340
                    ],
                    [
                        940,
                        341
                    ],
                    [
                        940,
                        343
                    ],
                    [
                        941,
                        344
                    ],
                    [
                        941,
                        349
                    ],
                    [
                        942,
                        350
                    ],
                    [
                        942,
                        356
                    ],
                    [
                        943,
                        357
                    ],
                    [
                        943,
                        358
                    ],
                    [
                        944,
                        359
                    ],
                    [
                        944,
                        361
                    ],
                    [
                        952,
                        369
                    ],
                    [
                        953,
                        369
                    ],
                    [
                        954,
                        370
                    ],
                    [
                        955,
                        370
                    ],
                    [
                        958,
                        373
                    ],
                    [
                        958,
                        374
                    ],
                    [
                        976,
                        374
                    ],
                    [
                        976,
                        373
                    ],
                    [
                        979,
                        370
                    ],
                    [
                        979,
                        369
                    ],
                    [
                        980,
                        368
                    ],
                    [
                        981,
                        368
                    ],
                    [
                        981,
                        367
                    ],
                    [
                        983,
                        365
                    ],
                    [
                        986,
                        365
                    ],
                    [
                        987,
                        364
                    ],
                    [
                        988,
                        365
                    ],
                    [
                        991,
                        365
                    ],
                    [
                        992,
                        366
                    ],
                    [
                        994,
                        366
                    ],
                    [
                        996,
                        368
                    ],
                    [
                        998,
                        368
                    ],
                    [
                        999,
                        369
                    ],
                    [
                        1001,
                        369
                    ],
                    [
                        1003,
                        371
                    ],
                    [
                        1004,
                        371
                    ],
                    [
                        1006,
                        373
                    ],
                    [
                        1006,
                        374
                    ],
                    [
                        1241,
                        374
                    ],
                    [
                        1241,
                        183
                    ],
                    [
                        1238,
                        183
                    ],
                    [
                        1237,
                        182
                    ],
                    [
                        1225,
                        182
                    ],
                    [
                        1224,
                        181
                    ]
                ],
                "interior": []
            }
        },
        {
            "id": 159517203,
            "classId": 6551258,
            "objectId": null,
            "description": "",
            "geometryType": "rectangle",
            "labelerLogin": "inbox@datasetninja.com",
            "createdAt": "2024-03-12T15:25:02.856Z",
            "updatedAt": "2024-03-12T15:25:02.856Z",
            "tags": [
                {
                    "id": 121977807,
                    "tagId": 32511,
                    "name": "object id",
                    "value": 1001,
                    "labelerLogin": "inbox@datasetninja.com",
                    "createdAt": "2024-03-12T15:25:02.856Z",
                    "updatedAt": "2024-03-12T15:25:02.856Z"
                },
                {
                    "id": 121977808,
                    "tagId": 32513,
                    "name": "instance id",
                    "value": 1,
                    "labelerLogin": "inbox@datasetninja.com",
                    "createdAt": "2024-03-12T15:25:02.856Z",
                    "updatedAt": "2024-03-12T15:25:02.856Z"
                }
            ],
            "classTitle": "car",
            "points": {
                "exterior": [
                    [
                        932,
                        181
                    ],
                    [
                        1241,
                        374
                    ]
                ],
                "interior": []
            }
        },
        {
            "id": 159517204,
            "classId": 6551259,
            "objectId": null,
            "description": "",
            "geometryType": "polygon",
            "labelerLogin": "inbox@datasetninja.com",
            "createdAt": "2024-03-12T15:25:02.856Z",
            "updatedAt": "2024-03-12T15:25:02.856Z",
            "tags": [],
            "classTitle": "ignore region",
            "points": {
                "exterior": [
                    [
                        538,
                        172
                    ],
                    [
                        538,
                        181
                    ],
                    [
                        557,
                        181
                    ],
                    [
                        557,
                        172
                    ]
                ],
                "interior": []
            }
        },
        {
            "id": 159517205,
            "classId": 6551259,
            "objectId": null,
            "description": "",
            "geometryType": "rectangle",
            "labelerLogin": "inbox@datasetninja.com",
            "createdAt": "2024-03-12T15:25:02.856Z",
            "updatedAt": "2024-03-12T15:25:02.856Z",
            "tags": [],
            "classTitle": "ignore region",
            "points": {
                "exterior": [
                    [
                        538,
                        172
                    ],
                    [
                        557,
                        181
                    ]
                ],
                "interior": []
            }
        },
        {
            "id": 159517206,
            "classId": 6551259,
            "objectId": null,
            "description": "",
            "geometryType": "polygon",
            "labelerLogin": "inbox@datasetninja.com",
            "createdAt": "2024-03-12T15:25:02.857Z",
            "updatedAt": "2024-03-12T15:25:02.857Z",
            "tags": [],
            "classTitle": "ignore region",
            "points": {
                "exterior": [
                    [
                        445,
                        172
                    ],
                    [
                        445,
                        189
                    ],
                    [
                        484,
                        189
                    ],
                    [
                        484,
                        172
                    ]
                ],
                "interior": []
            }
        },
        {
            "id": 159517207,
            "classId": 6551259,
            "objectId": null,
            "description": "",
            "geometryType": "rectangle",
            "labelerLogin": "inbox@datasetninja.com",
            "createdAt": "2024-03-12T15:25:02.858Z",
            "updatedAt": "2024-03-12T15:25:02.858Z",
            "tags": [],
            "classTitle": "ignore region",
            "points": {
                "exterior": [
                    [
                        445,
                        172
                    ],
                    [
                        484,
                        189
                    ]
                ],
                "interior": []
            }
        },
        {
            "id": 159517208,
            "classId": 6551259,
            "objectId": null,
            "description": "",
            "geometryType": "polygon",
            "labelerLogin": "inbox@datasetninja.com",
            "createdAt": "2024-03-12T15:25:02.858Z",
            "updatedAt": "2024-03-12T15:25:02.858Z",
            "tags": [],
            "classTitle": "ignore region",
            "points": {
                "exterior": [
                    [
                        361,
                        171
                    ],
                    [
                        361,
                        195
                    ],
                    [
                        417,
                        195
                    ],
                    [
                        417,
                        171
                    ]
                ],
                "interior": []
            }
        },
        {
            "id": 159517209,
            "classId": 6551259,
            "objectId": null,
            "description": "",
            "geometryType": "rectangle",
            "labelerLogin": "inbox@datasetninja.com",
            "createdAt": "2024-03-12T15:25:02.858Z",
            "updatedAt": "2024-03-12T15:25:02.858Z",
            "tags": [],
            "classTitle": "ignore region",
            "points": {
                "exterior": [
                    [
                        361,
                        171
                    ],
                    [
                        417,
                        195
                    ]
                ],
                "interior": []
            }
        },
        {
            "id": 159517210,
            "classId": 6551259,
            "objectId": null,
            "description": "",
            "geometryType": "polygon",
            "labelerLogin": "inbox@datasetninja.com",
            "createdAt": "2024-03-12T15:25:02.858Z",
            "updatedAt": "2024-03-12T15:25:02.858Z",
            "tags": [],
            "classTitle": "ignore region",
            "points": {
                "exterior": [
                    [
                        288,
                        171
                    ],
                    [
                        288,
                        193
                    ],
                    [
                        299,
                        193
                    ],
                    [
                        299,
                        171
                    ]
                ],
                "interior": []
            }
        },
        {
            "id": 159517211,
            "classId": 6551259,
            "objectId": null,
            "description": "",
            "geometryType": "rectangle",
            "labelerLogin": "inbox@datasetninja.com",
            "createdAt": "2024-03-12T15:25:02.858Z",
            "updatedAt": "2024-03-12T15:25:02.858Z",
            "tags": [],
            "classTitle": "ignore region",
            "points": {
                "exterior": [
                    [
                        288,
                        171
                    ],
                    [
                        299,
                        193
                    ]
                ],
                "interior": []
            }
        }
    ]
}