{
    "description": "",
    "tags": [
        {
            "id": 21884664,
            "tagId": 32512,
            "name": "sequence",
            "value": "0003",
            "labelerLogin": "inbox@datasetninja.com",
            "createdAt": "2024-03-12T15:27:29.909Z",
            "updatedAt": "2024-03-12T15:27:29.909Z"
        }
    ],
    "size": {
        "height": 375,
        "width": 1242
    },
    "objects": [
        {
            "id": 159517996,
            "classId": 6551258,
            "objectId": null,
            "description": "",
            "geometryType": "polygon",
            "labelerLogin": "inbox@datasetninja.com",
            "createdAt": "2024-03-12T15:27:29.910Z",
            "updatedAt": "2024-03-12T15:27:29.910Z",
            "tags": [
                {
                    "id": 121978461,
                    "tagId": 32511,
                    "name": "object id",
                    "value": 1000,
                    "labelerLogin": "inbox@datasetninja.com",
                    "createdAt": "2024-03-12T15:27:29.910Z",
                    "updatedAt": "2024-03-12T15:27:29.910Z"
                },
                {
                    "id": 121978462,
                    "tagId": 32513,
                    "name": "instance id",
                    "value": 0,
                    "labelerLogin": "inbox@datasetninja.com",
                    "createdAt": "2024-03-12T15:27:29.910Z",
                    "updatedAt": "2024-03-12T15:27:29.910Z"
                }
            ],
            "classTitle": "car",
            "points": {
                "exterior": [
                    [
                        580,
                        184
                    ],
                    [
                        579,
                        185
                    ],
                    [
                        573,
                        185
                    ],
                    [
                        572,
                        186
                    ],
                    [
                        571,
                        186
                    ],
                    [
                        570,
                        187
                    ],
                    [
                        569,
                        187
                    ],
                    [
                        566,
                        190
                    ],
                    [
                        566,
                        191
                    ],
                    [
                        561,
                        196
                    ],
                    [
                        560,
                        196
                    ],
                    [
                        560,
                        198
                    ],
                    [
                        559,
                        199
                    ],
                    [
                        559,
                        200
                    ],
                    [
                        560,
                        201
                    ],
                    [
                        560,
                        204
                    ],
                    [
                        559,
                        205
                    ],
                    [
                        559,
                        206
                    ],
                    [
                        558,
                        207
                    ],
                    [
                        558,
                        216
                    ],
                    [
                        559,
                        217
                    ],
                    [
                        559,
                        218
                    ],
                    [
                        560,
                        219
                    ],
                    [
                        560,
                        220
                    ],
                    [
                        562,
                        222
                    ],
                    [
                        562,
                        224
                    ],
                    [
                        563,
                        225
                    ],
                    [
                        563,
                        226
                    ],
                    [
                        564,
                        227
                    ],
                    [
                        564,
                        228
                    ],
                    [
                        565,
                        227
                    ],
                    [
                        568,
                        227
                    ],
                    [
                        569,
                        226
                    ],
                    [
                        569,
                        224
                    ],
                    [
                        570,
                        223
                    ],
                    [
                        572,
                        223
                    ],
                    [
                        573,
                        222
                    ],
                    [
                        583,
                        222
                    ],
                    [
                        584,
                        221
                    ],
                    [
                        598,
                        221
                    ],
                    [
                        599,
                        220
                    ],
                    [
                        600,
                        221
                    ],
                    [
                        604,
                        221
                    ],
                    [
                        605,
                        220
                    ],
                    [
                        605,
                        218
                    ],
                    [
                        607,
                        216
                    ],
                    [
                        607,
                        212
                    ],
                    [
                        604,
                        209
                    ],
                    [
                        604,
                        204
                    ],
                    [
                        605,
                        203
                    ],
                    [
                        607,
                        203
                    ],
                    [
                        608,
                        202
                    ],
                    [
                        608,
                        201
                    ],
                    [
                        609,
                        200
                    ],
                    [
                        610,
                        200
                    ],
                    [
                        610,
                        197
                    ],
                    [
                        609,
                        196
                    ],
                    [
                        609,
                        194
                    ],
                    [
                        607,
                        192
                    ],
                    [
                        607,
                        191
                    ],
                    [
                        605,
                        189
                    ],
                    [
                        605,
                        188
                    ],
                    [
                        604,
                        187
                    ],
                    [
                        603,
                        187
                    ],
                    [
                        602,
                        186
                    ],
                    [
                        601,
                        186
                    ],
                    [
                        600,
                        185
                    ],
                    [
                        595,
                        185
                    ],
                    [
                        594,
                        184
                    ]
                ],
                "interior": []
            }
        },
        {
            "id": 159517997,
            "classId": 6551258,
            "objectId": null,
            "description": "",
            "geometryType": "rectangle",
            "labelerLogin": "inbox@datasetninja.com",
            "createdAt": "2024-03-12T15:27:29.912Z",
            "updatedAt": "2024-03-12T15:27:29.912Z",
            "tags": [
                {
                    "id": 121978463,
                    "tagId": 32511,
                    "name": "object id",
                    "value": 1000,
                    "labelerLogin": "inbox@datasetninja.com",
                    "createdAt": "2024-03-12T15:27:29.912Z",
                    "updatedAt": "2024-03-12T15:27:29.912Z"
                },
                {
                    "id": 121978464,
                    "tagId": 32513,
                    "name": "instance id",
                    "value": 0,
                    "labelerLogin": "inbox@datasetninja.com",
                    "createdAt": "2024-03-12T15:27:29.912Z",
                    "updatedAt": "2024-03-12T15:27:29.912Z"
                }
            ],
            "classTitle": "car",
            "points": {
                "exterior": [
                    [
                        558,
                        184
                    ],
                    [
                        610,
                        228
                    ]
                ],
                "interior": []
            }
        },
        {
            "id": 159517998,
            "classId": 6551258,
            "objectId": null,
            "description": "",
            "geometryType": "polygon",
            "labelerLogin": "inbox@datasetninja.com",
            "createdAt": "2024-03-12T15:27:29.913Z",
            "updatedAt": "2024-03-12T15:27:29.913Z",
            "tags": [
                {
                    "id": 121978465,
                    "tagId": 32511,
                    "name": "object id",
                    "value": 1001,
                    "labelerLogin": "inbox@datasetninja.com",
                    "createdAt": "2024-03-12T15:27:29.913Z",
                    "updatedAt": "2024-03-12T15:27:29.913Z"
                },
                {
                    "id": 121978466,
                    "tagId": 32513,
                    "name": "instance id",
                    "value": 1,
                    "labelerLogin": "inbox@datasetninja.com",
                    "createdAt": "2024-03-12T15:27:29.913Z",
                    "updatedAt": "2024-03-12T15:27:29.913Z"
                }
            ],
            "classTitle": "car",
            "points": {
                "exterior": [
                    [
                        664,
                        177
                    ],
                    [
                        663,
                        178
                    ],
                    [
                        632,
                        178
                    ],
                    [
                        631,
                        179
                    ],
                    [
                        629,
                        179
                    ],
                    [
                        628,
                        180
                    ],
                    [
                        625,
                        180
                    ],
                    [
                        624,
                        181
                    ],
                    [
                        623,
                        181
                    ],
                    [
                        622,
                        182
                    ],
                    [
                        621,
                        182
                    ],
                    [
                        620,
                        183
                    ],
                    [
                        620,
                        184
                    ],
                    [
                        619,
                        185
                    ],
                    [
                        618,
                        185
                    ],
                    [
                        618,
                        187
                    ],
                    [
                        617,
                        188
                    ],
                    [
                        617,
                        189
                    ],
                    [
                        616,
                        190
                    ],
                    [
                        616,
                        191
                    ],
                    [
                        615,
                        192
                    ],
                    [
                        615,
                        194
                    ],
                    [
                        614,
                        195
                    ],
                    [
                        614,
                        197
                    ],
                    [
                        610,
                        201
                    ],
                    [
                        609,
                        201
                    ],
                    [
                        609,
                        202
                    ],
                    [
                        607,
                        204
                    ],
                    [
                        605,
                        204
                    ],
                    [
                        605,
                        209
                    ],
                    [
                        608,
                        212
                    ],
                    [
                        608,
                        216
                    ],
                    [
                        606,
                        218
                    ],
                    [
                        606,
                        222
                    ],
                    [
                        605,
                        223
                    ],
                    [
                        605,
                        248
                    ],
                    [
                        606,
                        249
                    ],
                    [
                        606,
                        258
                    ],
                    [
                        614,
                        258
                    ],
                    [
                        615,
                        259
                    ],
                    [
                        616,
                        259
                    ],
                    [
                        618,
                        261
                    ],
                    [
                        618,
                        265
                    ],
                    [
                        619,
                        266
                    ],
                    [
                        619,
                        267
                    ],
                    [
                        620,
                        268
                    ],
                    [
                        620,
                        275
                    ],
                    [
                        621,
                        276
                    ],
                    [
                        621,
                        277
                    ],
                    [
                        623,
                        277
                    ],
                    [
                        624,
                        278
                    ],
                    [
                        628,
                        278
                    ],
                    [
                        629,
                        277
                    ],
                    [
                        631,
                        277
                    ],
                    [
                        632,
                        276
                    ],
                    [
                        632,
                        275
                    ],
                    [
                        634,
                        273
                    ],
                    [
                        634,
                        270
                    ],
                    [
                        637,
                        267
                    ],
                    [
                        638,
                        267
                    ],
                    [
                        639,
                        266
                    ],
                    [
                        648,
                        266
                    ],
                    [
                        649,
                        267
                    ],
                    [
                        658,
                        267
                    ],
                    [
                        659,
                        266
                    ],
                    [
                        707,
                        266
                    ],
                    [
                        708,
                        267
                    ],
                    [
                        709,
                        267
                    ],
                    [
                        710,
                        268
                    ],
                    [
                        710,
                        270
                    ],
                    [
                        711,
                        271
                    ],
                    [
                        711,
                        273
                    ],
                    [
                        714,
                        276
                    ],
                    [
                        719,
                        276
                    ],
                    [
                        720,
                        275
                    ],
                    [
                        722,
                        275
                    ],
                    [
                        724,
                        273
                    ],
                    [
                        724,
                        260
                    ],
                    [
                        725,
                        259
                    ],
                    [
                        725,
                        237
                    ],
                    [
                        724,
                        236
                    ],
                    [
                        724,
                        234
                    ],
                    [
                        723,
                        233
                    ],
                    [
                        723,
                        232
                    ],
                    [
                        722,
                        231
                    ],
                    [
                        722,
                        223
                    ],
                    [
                        721,
                        222
                    ],
                    [
                        721,
                        206
                    ],
                    [
                        720,
                        205
                    ],
                    [
                        720,
                        204
                    ],
                    [
                        719,
                        203
                    ],
                    [
                        719,
                        201
                    ],
                    [
                        718,
                        200
                    ],
                    [
                        718,
                        197
                    ],
                    [
                        717,
                        196
                    ],
                    [
                        717,
                        195
                    ],
                    [
                        716,
                        194
                    ],
                    [
                        716,
                        192
                    ],
                    [
                        715,
                        191
                    ],
                    [
                        715,
                        190
                    ],
                    [
                        709,
                        184
                    ],
                    [
                        708,
                        184
                    ],
                    [
                        706,
                        182
                    ],
                    [
                        705,
                        182
                    ],
                    [
                        704,
                        181
                    ],
                    [
                        702,
                        181
                    ],
                    [
                        701,
                        180
                    ],
                    [
                        697,
                        180
                    ],
                    [
                        696,
                        179
                    ],
                    [
                        690,
                        179
                    ],
                    [
                        689,
                        178
                    ],
                    [
                        666,
                        178
                    ],
                    [
                        665,
                        177
                    ]
                ],
                "interior": []
            }
        },
        {
            "id": 159517999,
            "classId": 6551258,
            "objectId": null,
            "description": "",
            "geometryType": "rectangle",
            "labelerLogin": "inbox@datasetninja.com",
            "createdAt": "2024-03-12T15:27:29.913Z",
            "updatedAt": "2024-03-12T15:27:29.913Z",
            "tags": [
                {
                    "id": 121978467,
                    "tagId": 32511,
                    "name": "object id",
                    "value": 1001,
                    "labelerLogin": "inbox@datasetninja.com",
                    "createdAt": "2024-03-12T15:27:29.913Z",
                    "updatedAt": "2024-03-12T15:27:29.913Z"
                },
                {
                    "id": 121978468,
                    "tagId": 32513,
                    "name": "instance id",
                    "value": 1,
                    "labelerLogin": "inbox@datasetninja.com",
                    "createdAt": "2024-03-12T15:27:29.913Z",
                    "updatedAt": "2024-03-12T15:27:29.913Z"
                }
            ],
            "classTitle": "car",
            "points": {
                "exterior": [
                    [
                        605,
                        177
                    ],
                    [
                        725,
                        278
                    ]
                ],
                "interior": []
            }
        },
        {
            "id": 159518000,
            "classId": 6551258,
            "objectId": null,
            "description": "",
            "geometryType": "polygon",
            "labelerLogin": "inbox@datasetninja.com",
            "createdAt": "2024-03-12T15:27:29.914Z",
            "updatedAt": "2024-03-12T15:27:29.914Z",
            "tags": [
                {
                    "id": 121978469,
                    "tagId": 32511,
                    "name": "object id",
                    "value": 1004,
                    "labelerLogin": "inbox@datasetninja.com",
                    "createdAt": "2024-03-12T15:27:29.914Z",
                    "updatedAt": "2024-03-12T15:27:29.914Z"
                },
                {
                    "id": 121978470,
                    "tagId": 32513,
                    "name": "instance id",
                    "value": 4,
                    "labelerLogin": "inbox@datasetninja.com",
                    "createdAt": "2024-03-12T15:27:29.914Z",
                    "updatedAt": "2024-03-12T15:27:29.914Z"
                }
            ],
            "classTitle": "car",
            "points": {
                "exterior": [
                    [
                        261,
                        181
                    ],
                    [
                        260,
                        182
                    ],
                    [
                        254,
                        182
                    ],
                    [
                        253,
                        183
                    ],
                    [
                        252,
                        183
                    ],
                    [
                        250,
                        185
                    ],
                    [
                        249,
                        185
                    ],
                    [
                        247,
                        187
                    ],
                    [
                        246,
                        187
                    ],
                    [
                        245,
                        188
                    ],
                    [
                        245,
                        189
                    ],
                    [
                        244,
                        190
                    ],
                    [
                        243,
                        190
                    ],
                    [
                        243,
                        191
                    ],
                    [
                        242,
                        192
                    ],
                    [
                        242,
                        196
                    ],
                    [
                        243,
                        197
                    ],
                    [
                        243,
                        200
                    ],
                    [
                        247,
                        200
                    ],
                    [
                        248,
                        199
                    ],
                    [
                        252,
                        199
                    ],
                    [
                        253,
                        200
                    ],
                    [
                        256,
                        200
                    ],
                    [
                        257,
                        199
                    ],
                    [
                        261,
                        199
                    ],
                    [
                        262,
                        200
                    ],
                    [
                        264,
                        200
                    ],
                    [
                        265,
                        201
                    ],
                    [
                        268,
                        201
                    ],
                    [
                        271,
                        198
                    ],
                    [
                        273,
                        198
                    ],
                    [
                        275,
                        200
                    ],
                    [
                        279,
                        200
                    ],
                    [
                        280,
                        199
                    ],
                    [
                        280,
                        198
                    ],
                    [
                        282,
                        196
                    ],
                    [
                        282,
                        190
                    ],
                    [
                        281,
                        189
                    ],
                    [
                        281,
                        187
                    ],
                    [
                        277,
                        183
                    ],
                    [
                        276,
                        183
                    ],
                    [
                        275,
                        182
                    ],
                    [
                        271,
                        182
                    ],
                    [
                        270,
                        181
                    ]
                ],
                "interior": []
            }
        },
        {
            "id": 159518001,
            "classId": 6551258,
            "objectId": null,
            "description": "",
            "geometryType": "rectangle",
            "labelerLogin": "inbox@datasetninja.com",
            "createdAt": "2024-03-12T15:27:29.914Z",
            "updatedAt": "2024-03-12T15:27:29.914Z",
            "tags": [
                {
                    "id": 121978471,
                    "tagId": 32511,
                    "name": "object id",
                    "value": 1004,
                    "labelerLogin": "inbox@datasetninja.com",
                    "createdAt": "2024-03-12T15:27:29.914Z",
                    "updatedAt": "2024-03-12T15:27:29.914Z"
                },
                {
                    "id": 121978472,
                    "tagId": 32513,
                    "name": "instance id",
                    "value": 4,
                    "labelerLogin": "inbox@datasetninja.com",
                    "createdAt": "2024-03-12T15:27:29.914Z",
                    "updatedAt": "2024-03-12T15:27:29.914Z"
                }
            ],
            "classTitle": "car",
            "points": {
                "exterior": [
                    [
                        242,
                        181
                    ],
                    [
                        282,
                        201
                    ]
                ],
                "interior": []
            }
        },
        {
            "id": 159518002,
            "classId": 6551259,
            "objectId": null,
            "description": "",
            "geometryType": "polygon",
            "labelerLogin": "inbox@datasetninja.com",
            "createdAt": "2024-03-12T15:27:29.914Z",
            "updatedAt": "2024-03-12T15:27:29.914Z",
            "tags": [],
            "classTitle": "ignore region",
            "points": {
                "exterior": [
                    [
                        364,
                        175
                    ],
                    [
                        364,
                        199
                    ],
                    [
                        417,
                        199
                    ],
                    [
                        417,
                        175
                    ]
                ],
                "interior": []
            }
        },
        {
            "id": 159518003,
            "classId": 6551259,
            "objectId": null,
            "description": "",
            "geometryType": "rectangle",
            "labelerLogin": "inbox@datasetninja.com",
            "createdAt": "2024-03-12T15:27:29.914Z",
            "updatedAt": "2024-03-12T15:27:29.914Z",
            "tags": [],
            "classTitle": "ignore region",
            "points": {
                "exterior": [
                    [
                        364,
                        175
                    ],
                    [
                        417,
                        199
                    ]
                ],
                "interior": []
            }
        },
        {
            "id": 159518004,
            "classId": 6551259,
            "objectId": null,
            "description": "",
            "geometryType": "polygon",
            "labelerLogin": "inbox@datasetninja.com",
            "createdAt": "2024-03-12T15:27:29.915Z",
            "updatedAt": "2024-03-12T15:27:29.915Z",
            "tags": [],
            "classTitle": "ignore region",
            "points": {
                "exterior": [
                    [
                        488,
                        174
                    ],
                    [
                        488,
                        186
                    ],
                    [
                        501,
                        186
                    ],
                    [
                        501,
                        174
                    ]
                ],
                "interior": []
            }
        },
        {
            "id": 159518005,
            "classId": 6551259,
            "objectId": null,
            "description": "",
            "geometryType": "rectangle",
            "labelerLogin": "inbox@datasetninja.com",
            "createdAt": "2024-03-12T15:27:29.915Z",
            "updatedAt": "2024-03-12T15:27:29.915Z",
            "tags": [],
            "classTitle": "ignore region",
            "points": {
                "exterior": [
                    [
                        488,
                        174
                    ],
                    [
                        501,
                        186
                    ]
                ],
                "interior": []
            }
        },
        {
            "id": 159518006,
            "classId": 6551259,
            "objectId": null,
            "description": "",
            "geometryType": "polygon",
            "labelerLogin": "inbox@datasetninja.com",
            "createdAt": "2024-03-12T15:27:29.915Z",
            "updatedAt": "2024-03-12T15:27:29.915Z",
            "tags": [],
            "classTitle": "ignore region",
            "points": {
                "exterior": [
                    [
                        150,
                        171
                    ],
                    [
                        150,
                        208
                    ],
                    [
                        232,
                        208
                    ],
                    [
                        232,
                        171
                    ]
                ],
                "interior": []
            }
        },
        {
            "id": 159518007,
            "classId": 6551259,
            "objectId": null,
            "description": "",
            "geometryType": "rectangle",
            "labelerLogin": "inbox@datasetninja.com",
            "createdAt": "2024-03-12T15:27:29.915Z",
            "updatedAt": "2024-03-12T15:27:29.915Z",
            "tags": [],
            "classTitle": "ignore region",
            "points": {
                "exterior": [
                    [
                        150,
                        171
                    ],
                    [
                        232,
                        208
                    ]
                ],
                "interior": []
            }
        },
        {
            "id": 159518008,
            "classId": 6551259,
            "objectId": null,
            "description": "",
            "geometryType": "polygon",
            "labelerLogin": "inbox@datasetninja.com",
            "createdAt": "2024-03-12T15:27:29.915Z",
            "updatedAt": "2024-03-12T15:27:29.915Z",
            "tags": [],
            "classTitle": "ignore region",
            "points": {
                "exterior": [
                    [
                        82,
                        169
                    ],
                    [
                        82,
                        211
                    ],
                    [
                        109,
                        211
                    ],
                    [
                        109,
                        169
                    ]
                ],
                "interior": []
            }
        },
        {
            "id": 159518009,
            "classId": 6551259,
            "objectId": null,
            "description": "",
            "geometryType": "rectangle",
            "labelerLogin": "inbox@datasetninja.com",
            "createdAt": "2024-03-12T15:27:29.915Z",
            "updatedAt": "2024-03-12T15:27:29.915Z",
            "tags": [],
            "classTitle": "ignore region",
            "points": {
                "exterior": [
                    [
                        82,
                        169
                    ],
                    [
                        109,
                        211
                    ]
                ],
                "interior": []
            }
        }
    ]
}