{
    "description": "",
    "tags": [
        {
            "id": 21884992,
            "tagId": 32512,
            "name": "sequence",
            "value": "0004",
            "labelerLogin": "inbox@datasetninja.com",
            "createdAt": "2024-03-12T15:33:00.281Z",
            "updatedAt": "2024-03-12T15:33:00.281Z"
        }
    ],
    "size": {
        "height": 375,
        "width": 1242
    },
    "objects": [
        {
            "id": 159523130,
            "classId": 6551258,
            "objectId": null,
            "description": "",
            "geometryType": "polygon",
            "labelerLogin": "inbox@datasetninja.com",
            "createdAt": "2024-03-12T15:33:00.283Z",
            "updatedAt": "2024-03-12T15:33:00.283Z",
            "tags": [
                {
                    "id": 121983217,
                    "tagId": 32511,
                    "name": "object id",
                    "value": 1002,
                    "labelerLogin": "inbox@datasetninja.com",
                    "createdAt": "2024-03-12T15:33:00.282Z",
                    "updatedAt": "2024-03-12T15:33:00.282Z"
                },
                {
                    "id": 121983218,
                    "tagId": 32513,
                    "name": "instance id",
                    "value": 2,
                    "labelerLogin": "inbox@datasetninja.com",
                    "createdAt": "2024-03-12T15:33:00.282Z",
                    "updatedAt": "2024-03-12T15:33:00.282Z"
                }
            ],
            "classTitle": "car",
            "points": {
                "exterior": [
                    [
                        605,
                        175
                    ],
                    [
                        604,
                        176
                    ],
                    [
                        602,
                        176
                    ],
                    [
                        601,
                        177
                    ],
                    [
                        601,
                        178
                    ],
                    [
                        600,
                        179
                    ],
                    [
                        600,
                        181
                    ],
                    [
                        597,
                        184
                    ],
                    [
                        597,
                        185
                    ],
                    [
                        598,
                        186
                    ],
                    [
                        598,
                        196
                    ],
                    [
                        599,
                        197
                    ],
                    [
                        599,
                        200
                    ],
                    [
                        600,
                        201
                    ],
                    [
                        602,
                        199
                    ],
                    [
                        603,
                        199
                    ],
                    [
                        604,
                        198
                    ],
                    [
                        623,
                        198
                    ],
                    [
                        625,
                        200
                    ],
                    [
                        626,
                        199
                    ],
                    [
                        626,
                        183
                    ],
                    [
                        623,
                        180
                    ],
                    [
                        623,
                        179
                    ],
                    [
                        622,
                        178
                    ],
                    [
                        622,
                        177
                    ],
                    [
                        621,
                        176
                    ],
                    [
                        620,
                        176
                    ],
                    [
                        619,
                        175
                    ]
                ],
                "interior": []
            }
        },
        {
            "id": 159523131,
            "classId": 6551258,
            "objectId": null,
            "description": "",
            "geometryType": "rectangle",
            "labelerLogin": "inbox@datasetninja.com",
            "createdAt": "2024-03-12T15:33:00.284Z",
            "updatedAt": "2024-03-12T15:33:00.284Z",
            "tags": [
                {
                    "id": 121983219,
                    "tagId": 32511,
                    "name": "object id",
                    "value": 1002,
                    "labelerLogin": "inbox@datasetninja.com",
                    "createdAt": "2024-03-12T15:33:00.284Z",
                    "updatedAt": "2024-03-12T15:33:00.284Z"
                },
                {
                    "id": 121983220,
                    "tagId": 32513,
                    "name": "instance id",
                    "value": 2,
                    "labelerLogin": "inbox@datasetninja.com",
                    "createdAt": "2024-03-12T15:33:00.284Z",
                    "updatedAt": "2024-03-12T15:33:00.284Z"
                }
            ],
            "classTitle": "car",
            "points": {
                "exterior": [
                    [
                        597,
                        175
                    ],
                    [
                        626,
                        201
                    ]
                ],
                "interior": []
            }
        },
        {
            "id": 159523132,
            "classId": 6551258,
            "objectId": null,
            "description": "",
            "geometryType": "polygon",
            "labelerLogin": "inbox@datasetninja.com",
            "createdAt": "2024-03-12T15:33:00.288Z",
            "updatedAt": "2024-03-12T15:33:00.288Z",
            "tags": [
                {
                    "id": 121983221,
                    "tagId": 32511,
                    "name": "object id",
                    "value": 1033,
                    "labelerLogin": "inbox@datasetninja.com",
                    "createdAt": "2024-03-12T15:33:00.287Z",
                    "updatedAt": "2024-03-12T15:33:00.287Z"
                },
                {
                    "id": 121983222,
                    "tagId": 32513,
                    "name": "instance id",
                    "value": 33,
                    "labelerLogin": "inbox@datasetninja.com",
                    "createdAt": "2024-03-12T15:33:00.287Z",
                    "updatedAt": "2024-03-12T15:33:00.287Z"
                }
            ],
            "classTitle": "car",
            "points": {
                "exterior": [
                    [
                        308,
                        192
                    ],
                    [
                        307,
                        193
                    ],
                    [
                        294,
                        193
                    ],
                    [
                        293,
                        194
                    ],
                    [
                        284,
                        194
                    ],
                    [
                        283,
                        195
                    ],
                    [
                        278,
                        195
                    ],
                    [
                        277,
                        196
                    ],
                    [
                        275,
                        196
                    ],
                    [
                        268,
                        203
                    ],
                    [
                        267,
                        203
                    ],
                    [
                        260,
                        210
                    ],
                    [
                        259,
                        210
                    ],
                    [
                        258,
                        211
                    ],
                    [
                        255,
                        211
                    ],
                    [
                        254,
                        212
                    ],
                    [
                        253,
                        212
                    ],
                    [
                        254,
                        213
                    ],
                    [
                        255,
                        213
                    ],
                    [
                        256,
                        214
                    ],
                    [
                        255,
                        215
                    ],
                    [
                        254,
                        215
                    ],
                    [
                        253,
                        216
                    ],
                    [
                        252,
                        216
                    ],
                    [
                        251,
                        217
                    ],
                    [
                        250,
                        217
                    ],
                    [
                        249,
                        218
                    ],
                    [
                        248,
                        218
                    ],
                    [
                        247,
                        219
                    ],
                    [
                        246,
                        219
                    ],
                    [
                        244,
                        221
                    ],
                    [
                        244,
                        222
                    ],
                    [
                        241,
                        225
                    ],
                    [
                        241,
                        226
                    ],
                    [
                        240,
                        227
                    ],
                    [
                        240,
                        242
                    ],
                    [
                        241,
                        242
                    ],
                    [
                        242,
                        243
                    ],
                    [
                        243,
                        243
                    ],
                    [
                        244,
                        244
                    ],
                    [
                        244,
                        248
                    ],
                    [
                        245,
                        249
                    ],
                    [
                        246,
                        249
                    ],
                    [
                        248,
                        251
                    ],
                    [
                        249,
                        251
                    ],
                    [
                        250,
                        252
                    ],
                    [
                        251,
                        252
                    ],
                    [
                        252,
                        251
                    ],
                    [
                        255,
                        251
                    ],
                    [
                        256,
                        250
                    ],
                    [
                        258,
                        250
                    ],
                    [
                        258,
                        249
                    ],
                    [
                        260,
                        247
                    ],
                    [
                        269,
                        247
                    ],
                    [
                        270,
                        246
                    ],
                    [
                        282,
                        246
                    ],
                    [
                        283,
                        245
                    ],
                    [
                        285,
                        245
                    ],
                    [
                        285,
                        219
                    ],
                    [
                        284,
                        218
                    ],
                    [
                        284,
                        217
                    ],
                    [
                        285,
                        216
                    ],
                    [
                        287,
                        216
                    ],
                    [
                        289,
                        218
                    ],
                    [
                        289,
                        219
                    ],
                    [
                        290,
                        220
                    ],
                    [
                        289,
                        221
                    ],
                    [
                        289,
                        231
                    ],
                    [
                        290,
                        232
                    ],
                    [
                        290,
                        242
                    ],
                    [
                        301,
                        242
                    ],
                    [
                        303,
                        244
                    ],
                    [
                        303,
                        245
                    ],
                    [
                        305,
                        247
                    ],
                    [
                        312,
                        247
                    ],
                    [
                        313,
                        246
                    ],
                    [
                        313,
                        245
                    ],
                    [
                        315,
                        243
                    ],
                    [
                        315,
                        242
                    ],
                    [
                        316,
                        241
                    ],
                    [
                        316,
                        239
                    ],
                    [
                        318,
                        237
                    ],
                    [
                        321,
                        237
                    ],
                    [
                        322,
                        236
                    ],
                    [
                        325,
                        236
                    ],
                    [
                        326,
                        235
                    ],
                    [
                        329,
                        235
                    ],
                    [
                        330,
                        234
                    ],
                    [
                        333,
                        234
                    ],
                    [
                        334,
                        233
                    ],
                    [
                        335,
                        233
                    ],
                    [
                        337,
                        235
                    ],
                    [
                        337,
                        236
                    ],
                    [
                        338,
                        237
                    ],
                    [
                        338,
                        238
                    ],
                    [
                        340,
                        238
                    ],
                    [
                        340,
                        213
                    ],
                    [
                        339,
                        212
                    ],
                    [
                        339,
                        211
                    ],
                    [
                        341,
                        209
                    ],
                    [
                        342,
                        209
                    ],
                    [
                        343,
                        208
                    ],
                    [
                        344,
                        209
                    ],
                    [
                        344,
                        236
                    ],
                    [
                        346,
                        238
                    ],
                    [
                        349,
                        235
                    ],
                    [
                        349,
                        226
                    ],
                    [
                        350,
                        225
                    ],
                    [
                        350,
                        222
                    ],
                    [
                        351,
                        221
                    ],
                    [
                        351,
                        219
                    ],
                    [
                        350,
                        218
                    ],
                    [
                        350,
                        217
                    ],
                    [
                        349,
                        216
                    ],
                    [
                        350,
                        215
                    ],
                    [
                        350,
                        213
                    ],
                    [
                        349,
                        212
                    ],
                    [
                        349,
                        209
                    ],
                    [
                        348,
                        208
                    ],
                    [
                        348,
                        207
                    ],
                    [
                        347,
                        206
                    ],
                    [
                        347,
                        205
                    ],
                    [
                        346,
                        204
                    ],
                    [
                        346,
                        203
                    ],
                    [
                        345,
                        202
                    ],
                    [
                        345,
                        201
                    ],
                    [
                        344,
                        200
                    ],
                    [
                        344,
                        199
                    ],
                    [
                        343,
                        198
                    ],
                    [
                        342,
                        198
                    ],
                    [
                        341,
                        197
                    ],
                    [
                        340,
                        197
                    ],
                    [
                        339,
                        196
                    ],
                    [
                        338,
                        196
                    ],
                    [
                        337,
                        195
                    ],
                    [
                        336,
                        195
                    ],
                    [
                        335,
                        194
                    ],
                    [
                        334,
                        194
                    ],
                    [
                        333,
                        193
                    ],
                    [
                        332,
                        193
                    ],
                    [
                        331,
                        192
                    ]
                ],
                "interior": [
                    [
                        [
                            242,
                            242
                        ],
                        [
                            243,
                            241
                        ],
                        [
                            244,
                            242
                        ],
                        [
                            243,
                            243
                        ]
                    ],
                    [
                        [
                            246,
                            241
                        ],
                        [
                            247,
                            240
                        ],
                        [
                            248,
                            241
                        ],
                        [
                            247,
                            242
                        ]
                    ],
                    [
                        [
                            263,
                            235
                        ],
                        [
                            264,
                            234
                        ],
                        [
                            265,
                            235
                        ],
                        [
                            264,
                            236
                        ]
                    ],
                    [
                        [
                            265,
                            234
                        ],
                        [
                            266,
                            233
                        ],
                        [
                            267,
                            234
                        ],
                        [
                            266,
                            235
                        ]
                    ],
                    [
                        [
                            267,
                            233
                        ],
                        [
                            268,
                            232
                        ],
                        [
                            269,
                            233
                        ],
                        [
                            268,
                            234
                        ]
                    ],
                    [
                        [
                            268,
                            232
                        ],
                        [
                            269,
                            231
                        ],
                        [
                            270,
                            232
                        ],
                        [
                            269,
                            233
                        ]
                    ],
                    [
                        [
                            269,
                            231
                        ],
                        [
                            270,
                            230
                        ],
                        [
                            271,
                            231
                        ],
                        [
                            270,
                            232
                        ]
                    ],
                    [
                        [
                            321,
                            229
                        ],
                        [
                            322,
                            228
                        ],
                        [
                            323,
                            228
                        ],
                        [
                            324,
                            229
                        ],
                        [
                            323,
                            230
                        ],
                        [
                            322,
                            230
                        ]
                    ],
                    [
                        [
                            275,
                            225
                        ],
                        [
                            276,
                            225
                        ],
                        [
                            277,
                            226
                        ],
                        [
                            272,
                            231
                        ],
                        [
                            271,
                            231
                        ],
                        [
                            270,
                            230
                        ]
                    ],
                    [
                        [
                            329,
                            223
                        ],
                        [
                            330,
                            223
                        ],
                        [
                            331,
                            224
                        ],
                        [
                            327,
                            228
                        ],
                        [
                            326,
                            228
                        ],
                        [
                            325,
                            229
                        ],
                        [
                            324,
                            229
                        ],
                        [
                            323,
                            228
                        ],
                        [
                            325,
                            226
                        ],
                        [
                            326,
                            226
                        ]
                    ],
                    [
                        [
                            278,
                            223
                        ],
                        [
                            279,
                            223
                        ],
                        [
                            280,
                            224
                        ],
                        [
                            278,
                            226
                        ],
                        [
                            277,
                            226
                        ],
                        [
                            276,
                            225
                        ]
                    ],
                    [
                        [
                            279,
                            223
                        ],
                        [
                            280,
                            222
                        ],
                        [
                            281,
                            223
                        ],
                        [
                            280,
                            224
                        ]
                    ],
                    [
                        [
                            292,
                            222
                        ],
                        [
                            293,
                            221
                        ],
                        [
                            294,
                            222
                        ],
                        [
                            293,
                            223
                        ]
                    ],
                    [
                        [
                            280,
                            222
                        ],
                        [
                            281,
                            221
                        ],
                        [
                            282,
                            221
                        ],
                        [
                            283,
                            222
                        ],
                        [
                            282,
                            223
                        ],
                        [
                            281,
                            223
                        ]
                    ],
                    [
                        [
                            290,
                            221
                        ],
                        [
                            291,
                            220
                        ],
                        [
                            292,
                            221
                        ],
                        [
                            291,
                            222
                        ]
                    ],
                    [
                        [
                            282,
                            221
                        ],
                        [
                            283,
                            220
                        ],
                        [
                            284,
                            221
                        ],
                        [
                            283,
                            222
                        ]
                    ],
                    [
                        [
                            283,
                            219
                        ],
                        [
                            284,
                            218
                        ],
                        [
                            285,
                            219
                        ],
                        [
                            284,
                            220
                        ]
                    ],
                    [
                        [
                            336,
                            216
                        ],
                        [
                            337,
                            217
                        ],
                        [
                            337,
                            218
                        ],
                        [
                            336,
                            219
                        ],
                        [
                            336,
                            220
                        ],
                        [
                            332,
                            224
                        ],
                        [
                            331,
                            224
                        ],
                        [
                            330,
                            223
                        ],
                        [
                            334,
                            219
                        ],
                        [
                            334,
                            218
                        ]
                    ],
                    [
                        [
                            336,
                            216
                        ],
                        [
                            337,
                            215
                        ],
                        [
                            338,
                            216
                        ],
                        [
                            337,
                            217
                        ]
                    ],
                    [
                        [
                            348,
                            215
                        ],
                        [
                            349,
                            214
                        ],
                        [
                            350,
                            215
                        ],
                        [
                            349,
                            216
                        ]
                    ],
                    [
                        [
                            347,
                            214
                        ],
                        [
                            348,
                            213
                        ],
                        [
                            349,
                            214
                        ],
                        [
                            348,
                            215
                        ]
                    ],
                    [
                        [
                            337,
                            214
                        ],
                        [
                            338,
                            213
                        ],
                        [
                            339,
                            214
                        ],
                        [
                            339,
                            215
                        ],
                        [
                            338,
                            216
                        ],
                        [
                            337,
                            215
                        ]
                    ],
                    [
                        [
                            338,
                            213
                        ],
                        [
                            339,
                            212
                        ],
                        [
                            340,
                            213
                        ],
                        [
                            339,
                            214
                        ]
                    ]
                ]
            }
        },
        {
            "id": 159523133,
            "classId": 6551258,
            "objectId": null,
            "description": "",
            "geometryType": "rectangle",
            "labelerLogin": "inbox@datasetninja.com",
            "createdAt": "2024-03-12T15:33:00.291Z",
            "updatedAt": "2024-03-12T15:33:00.291Z",
            "tags": [
                {
                    "id": 121983223,
                    "tagId": 32511,
                    "name": "object id",
                    "value": 1033,
                    "labelerLogin": "inbox@datasetninja.com",
                    "createdAt": "2024-03-12T15:33:00.291Z",
                    "updatedAt": "2024-03-12T15:33:00.291Z"
                },
                {
                    "id": 121983224,
                    "tagId": 32513,
                    "name": "instance id",
                    "value": 33,
                    "labelerLogin": "inbox@datasetninja.com",
                    "createdAt": "2024-03-12T15:33:00.291Z",
                    "updatedAt": "2024-03-12T15:33:00.291Z"
                }
            ],
            "classTitle": "car",
            "points": {
                "exterior": [
                    [
                        240,
                        192
                    ],
                    [
                        351,
                        252
                    ]
                ],
                "interior": []
            }
        },
        {
            "id": 159523134,
            "classId": 6551259,
            "objectId": null,
            "description": "",
            "geometryType": "polygon",
            "labelerLogin": "inbox@datasetninja.com",
            "createdAt": "2024-03-12T15:33:00.292Z",
            "updatedAt": "2024-03-12T15:33:00.292Z",
            "tags": [],
            "classTitle": "ignore region",
            "points": {
                "exterior": [
                    [
                        494,
                        180
                    ],
                    [
                        494,
                        193
                    ],
                    [
                        510,
                        193
                    ],
                    [
                        510,
                        180
                    ]
                ],
                "interior": []
            }
        },
        {
            "id": 159523135,
            "classId": 6551259,
            "objectId": null,
            "description": "",
            "geometryType": "rectangle",
            "labelerLogin": "inbox@datasetninja.com",
            "createdAt": "2024-03-12T15:33:00.292Z",
            "updatedAt": "2024-03-12T15:33:00.292Z",
            "tags": [],
            "classTitle": "ignore region",
            "points": {
                "exterior": [
                    [
                        494,
                        180
                    ],
                    [
                        510,
                        193
                    ]
                ],
                "interior": []
            }
        },
        {
            "id": 159523136,
            "classId": 6551259,
            "objectId": null,
            "description": "",
            "geometryType": "polygon",
            "labelerLogin": "inbox@datasetninja.com",
            "createdAt": "2024-03-12T15:33:00.293Z",
            "updatedAt": "2024-03-12T15:33:00.293Z",
            "tags": [],
            "classTitle": "ignore region",
            "points": {
                "exterior": [
                    [
                        280,
                        173
                    ],
                    [
                        280,
                        194
                    ],
                    [
                        283,
                        194
                    ],
                    [
                        284,
                        193
                    ],
                    [
                        293,
                        193
                    ],
                    [
                        294,
                        192
                    ],
                    [
                        307,
                        192
                    ],
                    [
                        308,
                        191
                    ],
                    [
                        331,
                        191
                    ],
                    [
                        332,
                        192
                    ],
                    [
                        333,
                        192
                    ],
                    [
                        334,
                        193
                    ],
                    [
                        335,
                        193
                    ],
                    [
                        336,
                        194
                    ],
                    [
                        372,
                        194
                    ],
                    [
                        372,
                        173
                    ]
                ],
                "interior": []
            }
        },
        {
            "id": 159523137,
            "classId": 6551259,
            "objectId": null,
            "description": "",
            "geometryType": "rectangle",
            "labelerLogin": "inbox@datasetninja.com",
            "createdAt": "2024-03-12T15:33:00.294Z",
            "updatedAt": "2024-03-12T15:33:00.294Z",
            "tags": [],
            "classTitle": "ignore region",
            "points": {
                "exterior": [
                    [
                        280,
                        173
                    ],
                    [
                        372,
                        194
                    ]
                ],
                "interior": []
            }
        },
        {
            "id": 159523138,
            "classId": 6551259,
            "objectId": null,
            "description": "",
            "geometryType": "polygon",
            "labelerLogin": "inbox@datasetninja.com",
            "createdAt": "2024-03-12T15:33:00.295Z",
            "updatedAt": "2024-03-12T15:33:00.295Z",
            "tags": [],
            "classTitle": "ignore region",
            "points": {
                "exterior": [
                    [
                        586,
                        172
                    ],
                    [
                        586,
                        182
                    ],
                    [
                        596,
                        182
                    ],
                    [
                        596,
                        172
                    ]
                ],
                "interior": []
            }
        },
        {
            "id": 159523139,
            "classId": 6551259,
            "objectId": null,
            "description": "",
            "geometryType": "rectangle",
            "labelerLogin": "inbox@datasetninja.com",
            "createdAt": "2024-03-12T15:33:00.295Z",
            "updatedAt": "2024-03-12T15:33:00.295Z",
            "tags": [],
            "classTitle": "ignore region",
            "points": {
                "exterior": [
                    [
                        586,
                        172
                    ],
                    [
                        596,
                        182
                    ]
                ],
                "interior": []
            }
        }
    ]
}