{
    "description": "",
    "tags": [
        {
            "id": 21884779,
            "tagId": 32512,
            "name": "sequence",
            "value": "0004",
            "labelerLogin": "inbox@datasetninja.com",
            "createdAt": "2024-03-12T15:31:20.848Z",
            "updatedAt": "2024-03-12T15:31:20.848Z"
        }
    ],
    "size": {
        "height": 375,
        "width": 1242
    },
    "objects": [
        {
            "id": 159519720,
            "classId": 6551258,
            "objectId": null,
            "description": "",
            "geometryType": "polygon",
            "labelerLogin": "inbox@datasetninja.com",
            "createdAt": "2024-03-12T15:31:20.850Z",
            "updatedAt": "2024-03-12T15:31:20.850Z",
            "tags": [
                {
                    "id": 121979989,
                    "tagId": 32511,
                    "name": "object id",
                    "value": 1002,
                    "labelerLogin": "inbox@datasetninja.com",
                    "createdAt": "2024-03-12T15:31:20.850Z",
                    "updatedAt": "2024-03-12T15:31:20.850Z"
                },
                {
                    "id": 121979990,
                    "tagId": 32513,
                    "name": "instance id",
                    "value": 2,
                    "labelerLogin": "inbox@datasetninja.com",
                    "createdAt": "2024-03-12T15:31:20.850Z",
                    "updatedAt": "2024-03-12T15:31:20.850Z"
                }
            ],
            "classTitle": "car",
            "points": {
                "exterior": [
                    [
                        585,
                        182
                    ],
                    [
                        584,
                        183
                    ],
                    [
                        583,
                        183
                    ],
                    [
                        581,
                        185
                    ],
                    [
                        581,
                        186
                    ],
                    [
                        579,
                        188
                    ],
                    [
                        579,
                        191
                    ],
                    [
                        578,
                        192
                    ],
                    [
                        578,
                        205
                    ],
                    [
                        579,
                        206
                    ],
                    [
                        580,
                        206
                    ],
                    [
                        582,
                        204
                    ],
                    [
                        583,
                        204
                    ],
                    [
                        584,
                        203
                    ],
                    [
                        591,
                        203
                    ],
                    [
                        592,
                        204
                    ],
                    [
                        593,
                        204
                    ],
                    [
                        594,
                        203
                    ],
                    [
                        597,
                        203
                    ],
                    [
                        598,
                        204
                    ],
                    [
                        599,
                        204
                    ],
                    [
                        600,
                        205
                    ],
                    [
                        601,
                        205
                    ],
                    [
                        602,
                        206
                    ],
                    [
                        603,
                        206
                    ],
                    [
                        603,
                        200
                    ],
                    [
                        604,
                        199
                    ],
                    [
                        604,
                        189
                    ],
                    [
                        603,
                        188
                    ],
                    [
                        603,
                        187
                    ],
                    [
                        602,
                        186
                    ],
                    [
                        602,
                        185
                    ],
                    [
                        600,
                        183
                    ],
                    [
                        598,
                        183
                    ],
                    [
                        597,
                        182
                    ]
                ],
                "interior": []
            }
        },
        {
            "id": 159519721,
            "classId": 6551258,
            "objectId": null,
            "description": "",
            "geometryType": "rectangle",
            "labelerLogin": "inbox@datasetninja.com",
            "createdAt": "2024-03-12T15:31:20.852Z",
            "updatedAt": "2024-03-12T15:31:20.852Z",
            "tags": [
                {
                    "id": 121979991,
                    "tagId": 32511,
                    "name": "object id",
                    "value": 1002,
                    "labelerLogin": "inbox@datasetninja.com",
                    "createdAt": "2024-03-12T15:31:20.852Z",
                    "updatedAt": "2024-03-12T15:31:20.852Z"
                },
                {
                    "id": 121979992,
                    "tagId": 32513,
                    "name": "instance id",
                    "value": 2,
                    "labelerLogin": "inbox@datasetninja.com",
                    "createdAt": "2024-03-12T15:31:20.852Z",
                    "updatedAt": "2024-03-12T15:31:20.852Z"
                }
            ],
            "classTitle": "car",
            "points": {
                "exterior": [
                    [
                        578,
                        182
                    ],
                    [
                        604,
                        206
                    ]
                ],
                "interior": []
            }
        },
        {
            "id": 159519722,
            "classId": 6551259,
            "objectId": null,
            "description": "",
            "geometryType": "polygon",
            "labelerLogin": "inbox@datasetninja.com",
            "createdAt": "2024-03-12T15:31:20.854Z",
            "updatedAt": "2024-03-12T15:31:20.854Z",
            "tags": [],
            "classTitle": "ignore region",
            "points": {
                "exterior": [
                    [
                        490,
                        179
                    ],
                    [
                        490,
                        198
                    ],
                    [
                        525,
                        198
                    ],
                    [
                        525,
                        179
                    ]
                ],
                "interior": []
            }
        },
        {
            "id": 159519723,
            "classId": 6551259,
            "objectId": null,
            "description": "",
            "geometryType": "rectangle",
            "labelerLogin": "inbox@datasetninja.com",
            "createdAt": "2024-03-12T15:31:20.854Z",
            "updatedAt": "2024-03-12T15:31:20.854Z",
            "tags": [],
            "classTitle": "ignore region",
            "points": {
                "exterior": [
                    [
                        490,
                        179
                    ],
                    [
                        525,
                        198
                    ]
                ],
                "interior": []
            }
        },
        {
            "id": 159519724,
            "classId": 6551259,
            "objectId": null,
            "description": "",
            "geometryType": "polygon",
            "labelerLogin": "inbox@datasetninja.com",
            "createdAt": "2024-03-12T15:31:20.855Z",
            "updatedAt": "2024-03-12T15:31:20.855Z",
            "tags": [],
            "classTitle": "ignore region",
            "points": {
                "exterior": [
                    [
                        547,
                        177
                    ],
                    [
                        547,
                        192
                    ],
                    [
                        561,
                        192
                    ],
                    [
                        561,
                        177
                    ]
                ],
                "interior": []
            }
        },
        {
            "id": 159519725,
            "classId": 6551259,
            "objectId": null,
            "description": "",
            "geometryType": "rectangle",
            "labelerLogin": "inbox@datasetninja.com",
            "createdAt": "2024-03-12T15:31:20.856Z",
            "updatedAt": "2024-03-12T15:31:20.856Z",
            "tags": [],
            "classTitle": "ignore region",
            "points": {
                "exterior": [
                    [
                        547,
                        177
                    ],
                    [
                        561,
                        192
                    ]
                ],
                "interior": []
            }
        },
        {
            "id": 159519726,
            "classId": 6551259,
            "objectId": null,
            "description": "",
            "geometryType": "polygon",
            "labelerLogin": "inbox@datasetninja.com",
            "createdAt": "2024-03-12T15:31:20.859Z",
            "updatedAt": "2024-03-12T15:31:20.859Z",
            "tags": [],
            "classTitle": "ignore region",
            "points": {
                "exterior": [
                    [
                        629,
                        174
                    ],
                    [
                        629,
                        205
                    ],
                    [
                        648,
                        205
                    ],
                    [
                        648,
                        174
                    ]
                ],
                "interior": []
            }
        },
        {
            "id": 159519727,
            "classId": 6551259,
            "objectId": null,
            "description": "",
            "geometryType": "rectangle",
            "labelerLogin": "inbox@datasetninja.com",
            "createdAt": "2024-03-12T15:31:20.860Z",
            "updatedAt": "2024-03-12T15:31:20.860Z",
            "tags": [],
            "classTitle": "ignore region",
            "points": {
                "exterior": [
                    [
                        629,
                        174
                    ],
                    [
                        648,
                        205
                    ]
                ],
                "interior": []
            }
        },
        {
            "id": 159519728,
            "classId": 6551259,
            "objectId": null,
            "description": "",
            "geometryType": "polygon",
            "labelerLogin": "inbox@datasetninja.com",
            "createdAt": "2024-03-12T15:31:20.863Z",
            "updatedAt": "2024-03-12T15:31:20.863Z",
            "tags": [],
            "classTitle": "ignore region",
            "points": {
                "exterior": [
                    [
                        304,
                        158
                    ],
                    [
                        304,
                        209
                    ],
                    [
                        425,
                        209
                    ],
                    [
                        425,
                        158
                    ]
                ],
                "interior": []
            }
        },
        {
            "id": 159519729,
            "classId": 6551259,
            "objectId": null,
            "description": "",
            "geometryType": "rectangle",
            "labelerLogin": "inbox@datasetninja.com",
            "createdAt": "2024-03-12T15:31:20.864Z",
            "updatedAt": "2024-03-12T15:31:20.864Z",
            "tags": [],
            "classTitle": "ignore region",
            "points": {
                "exterior": [
                    [
                        304,
                        158
                    ],
                    [
                        425,
                        209
                    ]
                ],
                "interior": []
            }
        }
    ]
}