{
    "description": "",
    "tags": [
        {
            "id": 21884897,
            "tagId": 32512,
            "name": "sequence",
            "value": "0004",
            "labelerLogin": "inbox@datasetninja.com",
            "createdAt": "2024-03-12T15:32:42.703Z",
            "updatedAt": "2024-03-12T15:32:42.703Z"
        }
    ],
    "size": {
        "height": 375,
        "width": 1242
    },
    "objects": [
        {
            "id": 159521594,
            "classId": 6551258,
            "objectId": null,
            "description": "",
            "geometryType": "polygon",
            "labelerLogin": "inbox@datasetninja.com",
            "createdAt": "2024-03-12T15:32:42.704Z",
            "updatedAt": "2024-03-12T15:32:42.704Z",
            "tags": [
                {
                    "id": 121981841,
                    "tagId": 32511,
                    "name": "object id",
                    "value": 1002,
                    "labelerLogin": "inbox@datasetninja.com",
                    "createdAt": "2024-03-12T15:32:42.703Z",
                    "updatedAt": "2024-03-12T15:32:42.703Z"
                },
                {
                    "id": 121981842,
                    "tagId": 32513,
                    "name": "instance id",
                    "value": 2,
                    "labelerLogin": "inbox@datasetninja.com",
                    "createdAt": "2024-03-12T15:32:42.703Z",
                    "updatedAt": "2024-03-12T15:32:42.703Z"
                }
            ],
            "classTitle": "car",
            "points": {
                "exterior": [
                    [
                        607,
                        182
                    ],
                    [
                        606,
                        183
                    ],
                    [
                        603,
                        183
                    ],
                    [
                        601,
                        185
                    ],
                    [
                        601,
                        187
                    ],
                    [
                        598,
                        190
                    ],
                    [
                        598,
                        203
                    ],
                    [
                        599,
                        204
                    ],
                    [
                        599,
                        207
                    ],
                    [
                        601,
                        207
                    ],
                    [
                        603,
                        205
                    ],
                    [
                        615,
                        205
                    ],
                    [
                        616,
                        204
                    ],
                    [
                        619,
                        204
                    ],
                    [
                        620,
                        205
                    ],
                    [
                        621,
                        205
                    ],
                    [
                        623,
                        207
                    ],
                    [
                        625,
                        207
                    ],
                    [
                        625,
                        200
                    ],
                    [
                        626,
                        199
                    ],
                    [
                        626,
                        197
                    ],
                    [
                        625,
                        196
                    ],
                    [
                        625,
                        193
                    ],
                    [
                        626,
                        192
                    ],
                    [
                        626,
                        191
                    ],
                    [
                        624,
                        189
                    ],
                    [
                        624,
                        187
                    ],
                    [
                        623,
                        186
                    ],
                    [
                        623,
                        185
                    ],
                    [
                        621,
                        183
                    ],
                    [
                        618,
                        183
                    ],
                    [
                        617,
                        182
                    ]
                ],
                "interior": []
            }
        },
        {
            "id": 159521595,
            "classId": 6551258,
            "objectId": null,
            "description": "",
            "geometryType": "rectangle",
            "labelerLogin": "inbox@datasetninja.com",
            "createdAt": "2024-03-12T15:32:42.704Z",
            "updatedAt": "2024-03-12T15:32:42.704Z",
            "tags": [
                {
                    "id": 121981843,
                    "tagId": 32511,
                    "name": "object id",
                    "value": 1002,
                    "labelerLogin": "inbox@datasetninja.com",
                    "createdAt": "2024-03-12T15:32:42.704Z",
                    "updatedAt": "2024-03-12T15:32:42.704Z"
                },
                {
                    "id": 121981844,
                    "tagId": 32513,
                    "name": "instance id",
                    "value": 2,
                    "labelerLogin": "inbox@datasetninja.com",
                    "createdAt": "2024-03-12T15:32:42.704Z",
                    "updatedAt": "2024-03-12T15:32:42.704Z"
                }
            ],
            "classTitle": "car",
            "points": {
                "exterior": [
                    [
                        598,
                        182
                    ],
                    [
                        626,
                        207
                    ]
                ],
                "interior": []
            }
        },
        {
            "id": 159521596,
            "classId": 6551258,
            "objectId": null,
            "description": "",
            "geometryType": "polygon",
            "labelerLogin": "inbox@datasetninja.com",
            "createdAt": "2024-03-12T15:32:42.704Z",
            "updatedAt": "2024-03-12T15:32:42.704Z",
            "tags": [
                {
                    "id": 121981845,
                    "tagId": 32511,
                    "name": "object id",
                    "value": 1031,
                    "labelerLogin": "inbox@datasetninja.com",
                    "createdAt": "2024-03-12T15:32:42.704Z",
                    "updatedAt": "2024-03-12T15:32:42.704Z"
                },
                {
                    "id": 121981846,
                    "tagId": 32513,
                    "name": "instance id",
                    "value": 31,
                    "labelerLogin": "inbox@datasetninja.com",
                    "createdAt": "2024-03-12T15:32:42.704Z",
                    "updatedAt": "2024-03-12T15:32:42.704Z"
                }
            ],
            "classTitle": "car",
            "points": {
                "exterior": [
                    [
                        449,
                        189
                    ],
                    [
                        448,
                        190
                    ],
                    [
                        441,
                        190
                    ],
                    [
                        440,
                        191
                    ],
                    [
                        438,
                        191
                    ],
                    [
                        437,
                        192
                    ],
                    [
                        437,
                        193
                    ],
                    [
                        436,
                        194
                    ],
                    [
                        436,
                        195
                    ],
                    [
                        435,
                        196
                    ],
                    [
                        435,
                        198
                    ],
                    [
                        433,
                        200
                    ],
                    [
                        434,
                        201
                    ],
                    [
                        433,
                        202
                    ],
                    [
                        434,
                        202
                    ],
                    [
                        435,
                        203
                    ],
                    [
                        435,
                        204
                    ],
                    [
                        436,
                        205
                    ],
                    [
                        436,
                        208
                    ],
                    [
                        441,
                        208
                    ],
                    [
                        442,
                        207
                    ],
                    [
                        447,
                        207
                    ],
                    [
                        448,
                        206
                    ],
                    [
                        448,
                        205
                    ],
                    [
                        450,
                        203
                    ],
                    [
                        451,
                        204
                    ],
                    [
                        451,
                        205
                    ],
                    [
                        452,
                        206
                    ],
                    [
                        452,
                        207
                    ],
                    [
                        453,
                        208
                    ],
                    [
                        454,
                        207
                    ],
                    [
                        455,
                        207
                    ],
                    [
                        456,
                        206
                    ],
                    [
                        460,
                        206
                    ],
                    [
                        461,
                        205
                    ],
                    [
                        461,
                        203
                    ],
                    [
                        462,
                        202
                    ],
                    [
                        462,
                        196
                    ],
                    [
                        461,
                        195
                    ],
                    [
                        461,
                        194
                    ],
                    [
                        460,
                        193
                    ],
                    [
                        460,
                        192
                    ],
                    [
                        458,
                        190
                    ],
                    [
                        455,
                        190
                    ],
                    [
                        454,
                        189
                    ]
                ],
                "interior": []
            }
        },
        {
            "id": 159521597,
            "classId": 6551258,
            "objectId": null,
            "description": "",
            "geometryType": "rectangle",
            "labelerLogin": "inbox@datasetninja.com",
            "createdAt": "2024-03-12T15:32:42.705Z",
            "updatedAt": "2024-03-12T15:32:42.705Z",
            "tags": [
                {
                    "id": 121981847,
                    "tagId": 32511,
                    "name": "object id",
                    "value": 1031,
                    "labelerLogin": "inbox@datasetninja.com",
                    "createdAt": "2024-03-12T15:32:42.705Z",
                    "updatedAt": "2024-03-12T15:32:42.705Z"
                },
                {
                    "id": 121981848,
                    "tagId": 32513,
                    "name": "instance id",
                    "value": 31,
                    "labelerLogin": "inbox@datasetninja.com",
                    "createdAt": "2024-03-12T15:32:42.705Z",
                    "updatedAt": "2024-03-12T15:32:42.705Z"
                }
            ],
            "classTitle": "car",
            "points": {
                "exterior": [
                    [
                        433,
                        189
                    ],
                    [
                        462,
                        208
                    ]
                ],
                "interior": []
            }
        },
        {
            "id": 159521598,
            "classId": 6551258,
            "objectId": null,
            "description": "",
            "geometryType": "polygon",
            "labelerLogin": "inbox@datasetninja.com",
            "createdAt": "2024-03-12T15:32:42.706Z",
            "updatedAt": "2024-03-12T15:32:42.706Z",
            "tags": [
                {
                    "id": 121981849,
                    "tagId": 32511,
                    "name": "object id",
                    "value": 1032,
                    "labelerLogin": "inbox@datasetninja.com",
                    "createdAt": "2024-03-12T15:32:42.705Z",
                    "updatedAt": "2024-03-12T15:32:42.705Z"
                },
                {
                    "id": 121981850,
                    "tagId": 32513,
                    "name": "instance id",
                    "value": 32,
                    "labelerLogin": "inbox@datasetninja.com",
                    "createdAt": "2024-03-12T15:32:42.705Z",
                    "updatedAt": "2024-03-12T15:32:42.705Z"
                }
            ],
            "classTitle": "car",
            "points": {
                "exterior": [
                    [
                        493,
                        187
                    ],
                    [
                        492,
                        188
                    ],
                    [
                        489,
                        188
                    ],
                    [
                        484,
                        193
                    ],
                    [
                        484,
                        194
                    ],
                    [
                        483,
                        195
                    ],
                    [
                        483,
                        200
                    ],
                    [
                        484,
                        199
                    ],
                    [
                        484,
                        198
                    ],
                    [
                        485,
                        197
                    ],
                    [
                        486,
                        198
                    ],
                    [
                        486,
                        203
                    ],
                    [
                        487,
                        204
                    ],
                    [
                        487,
                        205
                    ],
                    [
                        488,
                        206
                    ],
                    [
                        490,
                        206
                    ],
                    [
                        490,
                        205
                    ],
                    [
                        492,
                        203
                    ],
                    [
                        492,
                        202
                    ],
                    [
                        491,
                        201
                    ],
                    [
                        491,
                        200
                    ],
                    [
                        492,
                        199
                    ],
                    [
                        492,
                        198
                    ],
                    [
                        493,
                        197
                    ],
                    [
                        494,
                        198
                    ],
                    [
                        494,
                        199
                    ],
                    [
                        495,
                        200
                    ],
                    [
                        495,
                        202
                    ],
                    [
                        494,
                        203
                    ],
                    [
                        495,
                        204
                    ],
                    [
                        497,
                        204
                    ],
                    [
                        498,
                        205
                    ],
                    [
                        499,
                        204
                    ],
                    [
                        499,
                        202
                    ],
                    [
                        500,
                        201
                    ],
                    [
                        501,
                        201
                    ],
                    [
                        502,
                        202
                    ],
                    [
                        502,
                        205
                    ],
                    [
                        507,
                        205
                    ],
                    [
                        507,
                        204
                    ],
                    [
                        508,
                        203
                    ],
                    [
                        508,
                        200
                    ],
                    [
                        507,
                        199
                    ],
                    [
                        507,
                        196
                    ],
                    [
                        508,
                        195
                    ],
                    [
                        508,
                        193
                    ],
                    [
                        507,
                        192
                    ],
                    [
                        507,
                        191
                    ],
                    [
                        505,
                        189
                    ],
                    [
                        504,
                        189
                    ],
                    [
                        503,
                        188
                    ],
                    [
                        499,
                        188
                    ],
                    [
                        498,
                        187
                    ]
                ],
                "interior": []
            }
        },
        {
            "id": 159521599,
            "classId": 6551258,
            "objectId": null,
            "description": "",
            "geometryType": "rectangle",
            "labelerLogin": "inbox@datasetninja.com",
            "createdAt": "2024-03-12T15:32:42.706Z",
            "updatedAt": "2024-03-12T15:32:42.706Z",
            "tags": [
                {
                    "id": 121981851,
                    "tagId": 32511,
                    "name": "object id",
                    "value": 1032,
                    "labelerLogin": "inbox@datasetninja.com",
                    "createdAt": "2024-03-12T15:32:42.706Z",
                    "updatedAt": "2024-03-12T15:32:42.706Z"
                },
                {
                    "id": 121981852,
                    "tagId": 32513,
                    "name": "instance id",
                    "value": 32,
                    "labelerLogin": "inbox@datasetninja.com",
                    "createdAt": "2024-03-12T15:32:42.706Z",
                    "updatedAt": "2024-03-12T15:32:42.706Z"
                }
            ],
            "classTitle": "car",
            "points": {
                "exterior": [
                    [
                        483,
                        187
                    ],
                    [
                        508,
                        206
                    ]
                ],
                "interior": []
            }
        },
        {
            "id": 159521600,
            "classId": 6551257,
            "objectId": null,
            "description": "",
            "geometryType": "polygon",
            "labelerLogin": "inbox@datasetninja.com",
            "createdAt": "2024-03-12T15:32:42.707Z",
            "updatedAt": "2024-03-12T15:32:42.707Z",
            "tags": [
                {
                    "id": 121981853,
                    "tagId": 32511,
                    "name": "object id",
                    "value": 2039,
                    "labelerLogin": "inbox@datasetninja.com",
                    "createdAt": "2024-03-12T15:32:42.707Z",
                    "updatedAt": "2024-03-12T15:32:42.707Z"
                },
                {
                    "id": 121981854,
                    "tagId": 32513,
                    "name": "instance id",
                    "value": 39,
                    "labelerLogin": "inbox@datasetninja.com",
                    "createdAt": "2024-03-12T15:32:42.707Z",
                    "updatedAt": "2024-03-12T15:32:42.707Z"
                }
            ],
            "classTitle": "pedestrian",
            "points": {
                "exterior": [
                    [
                        1059,
                        185
                    ],
                    [
                        1059,
                        186
                    ],
                    [
                        1060,
                        187
                    ],
                    [
                        1060,
                        189
                    ],
                    [
                        1061,
                        190
                    ],
                    [
                        1061,
                        191
                    ],
                    [
                        1062,
                        192
                    ],
                    [
                        1062,
                        193
                    ],
                    [
                        1063,
                        194
                    ],
                    [
                        1063,
                        195
                    ],
                    [
                        1064,
                        196
                    ],
                    [
                        1064,
                        197
                    ],
                    [
                        1065,
                        198
                    ],
                    [
                        1065,
                        199
                    ],
                    [
                        1066,
                        200
                    ],
                    [
                        1066,
                        201
                    ],
                    [
                        1067,
                        202
                    ],
                    [
                        1068,
                        202
                    ],
                    [
                        1071,
                        205
                    ],
                    [
                        1071,
                        206
                    ],
                    [
                        1072,
                        207
                    ],
                    [
                        1072,
                        208
                    ],
                    [
                        1073,
                        209
                    ],
                    [
                        1074,
                        209
                    ],
                    [
                        1075,
                        208
                    ],
                    [
                        1076,
                        208
                    ],
                    [
                        1076,
                        202
                    ],
                    [
                        1075,
                        201
                    ],
                    [
                        1075,
                        200
                    ],
                    [
                        1073,
                        198
                    ],
                    [
                        1073,
                        197
                    ],
                    [
                        1070,
                        194
                    ],
                    [
                        1070,
                        193
                    ],
                    [
                        1066,
                        189
                    ],
                    [
                        1065,
                        189
                    ],
                    [
                        1064,
                        188
                    ],
                    [
                        1063,
                        188
                    ],
                    [
                        1061,
                        186
                    ],
                    [
                        1060,
                        186
                    ]
                ],
                "interior": []
            }
        },
        {
            "id": 159521601,
            "classId": 6551257,
            "objectId": null,
            "description": "",
            "geometryType": "rectangle",
            "labelerLogin": "inbox@datasetninja.com",
            "createdAt": "2024-03-12T15:32:42.707Z",
            "updatedAt": "2024-03-12T15:32:42.707Z",
            "tags": [
                {
                    "id": 121981855,
                    "tagId": 32511,
                    "name": "object id",
                    "value": 2039,
                    "labelerLogin": "inbox@datasetninja.com",
                    "createdAt": "2024-03-12T15:32:42.707Z",
                    "updatedAt": "2024-03-12T15:32:42.707Z"
                },
                {
                    "id": 121981856,
                    "tagId": 32513,
                    "name": "instance id",
                    "value": 39,
                    "labelerLogin": "inbox@datasetninja.com",
                    "createdAt": "2024-03-12T15:32:42.707Z",
                    "updatedAt": "2024-03-12T15:32:42.707Z"
                }
            ],
            "classTitle": "pedestrian",
            "points": {
                "exterior": [
                    [
                        1059,
                        185
                    ],
                    [
                        1076,
                        209
                    ]
                ],
                "interior": []
            }
        },
        {
            "id": 159521602,
            "classId": 6551257,
            "objectId": null,
            "description": "",
            "geometryType": "polygon",
            "labelerLogin": "inbox@datasetninja.com",
            "createdAt": "2024-03-12T15:32:42.708Z",
            "updatedAt": "2024-03-12T15:32:42.708Z",
            "tags": [
                {
                    "id": 121981857,
                    "tagId": 32511,
                    "name": "object id",
                    "value": 2039,
                    "labelerLogin": "inbox@datasetninja.com",
                    "createdAt": "2024-03-12T15:32:42.708Z",
                    "updatedAt": "2024-03-12T15:32:42.708Z"
                },
                {
                    "id": 121981858,
                    "tagId": 32513,
                    "name": "instance id",
                    "value": 39,
                    "labelerLogin": "inbox@datasetninja.com",
                    "createdAt": "2024-03-12T15:32:42.708Z",
                    "updatedAt": "2024-03-12T15:32:42.708Z"
                }
            ],
            "classTitle": "pedestrian",
            "points": {
                "exterior": [
                    [
                        1037,
                        167
                    ],
                    [
                        1036,
                        168
                    ],
                    [
                        1034,
                        168
                    ],
                    [
                        1034,
                        169
                    ],
                    [
                        1033,
                        170
                    ],
                    [
                        1033,
                        171
                    ],
                    [
                        1032,
                        172
                    ],
                    [
                        1032,
                        173
                    ],
                    [
                        1031,
                        174
                    ],
                    [
                        1031,
                        175
                    ],
                    [
                        1032,
                        176
                    ],
                    [
                        1032,
                        178
                    ],
                    [
                        1033,
                        179
                    ],
                    [
                        1033,
                        180
                    ],
                    [
                        1036,
                        183
                    ],
                    [
                        1036,
                        184
                    ],
                    [
                        1037,
                        185
                    ],
                    [
                        1036,
                        186
                    ],
                    [
                        1035,
                        186
                    ],
                    [
                        1034,
                        187
                    ],
                    [
                        1033,
                        187
                    ],
                    [
                        1032,
                        188
                    ],
                    [
                        1031,
                        188
                    ],
                    [
                        1030,
                        189
                    ],
                    [
                        1029,
                        189
                    ],
                    [
                        1028,
                        190
                    ],
                    [
                        1028,
                        191
                    ],
                    [
                        1027,
                        192
                    ],
                    [
                        1027,
                        195
                    ],
                    [
                        1026,
                        196
                    ],
                    [
                        1026,
                        198
                    ],
                    [
                        1025,
                        199
                    ],
                    [
                        1025,
                        202
                    ],
                    [
                        1024,
                        203
                    ],
                    [
                        1024,
                        206
                    ],
                    [
                        1023,
                        207
                    ],
                    [
                        1023,
                        209
                    ],
                    [
                        1022,
                        210
                    ],
                    [
                        1022,
                        211
                    ],
                    [
                        1021,
                        212
                    ],
                    [
                        1021,
                        213
                    ],
                    [
                        1020,
                        214
                    ],
                    [
                        1020,
                        215
                    ],
                    [
                        1018,
                        217
                    ],
                    [
                        1018,
                        218
                    ],
                    [
                        1017,
                        219
                    ],
                    [
                        1017,
                        220
                    ],
                    [
                        1016,
                        221
                    ],
                    [
                        1016,
                        222
                    ],
                    [
                        1015,
                        223
                    ],
                    [
                        1015,
                        224
                    ],
                    [
                        1014,
                        225
                    ],
                    [
                        1014,
                        226
                    ],
                    [
                        1015,
                        227
                    ],
                    [
                        1015,
                        228
                    ],
                    [
                        1017,
                        228
                    ],
                    [
                        1018,
                        227
                    ],
                    [
                        1018,
                        226
                    ],
                    [
                        1022,
                        222
                    ],
                    [
                        1022,
                        221
                    ],
                    [
                        1026,
                        217
                    ],
                    [
                        1026,
                        216
                    ],
                    [
                        1028,
                        214
                    ],
                    [
                        1028,
                        213
                    ],
                    [
                        1029,
                        212
                    ],
                    [
                        1029,
                        211
                    ],
                    [
                        1030,
                        210
                    ],
                    [
                        1030,
                        207
                    ],
                    [
                        1031,
                        206
                    ],
                    [
                        1031,
                        203
                    ],
                    [
                        1032,
                        202
                    ],
                    [
                        1033,
                        203
                    ],
                    [
                        1033,
                        206
                    ],
                    [
                        1034,
                        207
                    ],
                    [
                        1034,
                        209
                    ],
                    [
                        1035,
                        210
                    ],
                    [
                        1035,
                        211
                    ],
                    [
                        1036,
                        212
                    ],
                    [
                        1036,
                        220
                    ],
                    [
                        1035,
                        221
                    ],
                    [
                        1035,
                        224
                    ],
                    [
                        1034,
                        225
                    ],
                    [
                        1034,
                        227
                    ],
                    [
                        1035,
                        228
                    ],
                    [
                        1035,
                        231
                    ],
                    [
                        1036,
                        232
                    ],
                    [
                        1036,
                        235
                    ],
                    [
                        1037,
                        236
                    ],
                    [
                        1037,
                        239
                    ],
                    [
                        1038,
                        240
                    ],
                    [
                        1038,
                        243
                    ],
                    [
                        1039,
                        244
                    ],
                    [
                        1039,
                        245
                    ],
                    [
                        1046,
                        245
                    ],
                    [
                        1047,
                        246
                    ],
                    [
                        1050,
                        246
                    ],
                    [
                        1051,
                        247
                    ],
                    [
                        1052,
                        247
                    ],
                    [
                        1053,
                        248
                    ],
                    [
                        1054,
                        248
                    ],
                    [
                        1055,
                        249
                    ],
                    [
                        1055,
                        244
                    ],
                    [
                        1054,
                        243
                    ],
                    [
                        1054,
                        240
                    ],
                    [
                        1057,
                        237
                    ],
                    [
                        1057,
                        236
                    ],
                    [
                        1058,
                        235
                    ],
                    [
                        1058,
                        234
                    ],
                    [
                        1059,
                        233
                    ],
                    [
                        1059,
                        232
                    ],
                    [
                        1060,
                        231
                    ],
                    [
                        1060,
                        227
                    ],
                    [
                        1061,
                        226
                    ],
                    [
                        1061,
                        218
                    ],
                    [
                        1060,
                        217
                    ],
                    [
                        1060,
                        198
                    ],
                    [
                        1059,
                        197
                    ],
                    [
                        1059,
                        194
                    ],
                    [
                        1058,
                        193
                    ],
                    [
                        1058,
                        191
                    ],
                    [
                        1057,
                        190
                    ],
                    [
                        1057,
                        189
                    ],
                    [
                        1056,
                        188
                    ],
                    [
                        1056,
                        187
                    ],
                    [
                        1055,
                        186
                    ],
                    [
                        1054,
                        186
                    ],
                    [
                        1053,
                        185
                    ],
                    [
                        1051,
                        185
                    ],
                    [
                        1049,
                        183
                    ],
                    [
                        1049,
                        182
                    ],
                    [
                        1048,
                        181
                    ],
                    [
                        1048,
                        180
                    ],
                    [
                        1047,
                        179
                    ],
                    [
                        1047,
                        178
                    ],
                    [
                        1046,
                        177
                    ],
                    [
                        1046,
                        174
                    ],
                    [
                        1047,
                        173
                    ],
                    [
                        1047,
                        172
                    ],
                    [
                        1046,
                        171
                    ],
                    [
                        1046,
                        170
                    ],
                    [
                        1044,
                        168
                    ],
                    [
                        1042,
                        168
                    ],
                    [
                        1041,
                        167
                    ]
                ],
                "interior": []
            }
        },
        {
            "id": 159521603,
            "classId": 6551257,
            "objectId": null,
            "description": "",
            "geometryType": "rectangle",
            "labelerLogin": "inbox@datasetninja.com",
            "createdAt": "2024-03-12T15:32:42.708Z",
            "updatedAt": "2024-03-12T15:32:42.708Z",
            "tags": [
                {
                    "id": 121981859,
                    "tagId": 32511,
                    "name": "object id",
                    "value": 2039,
                    "labelerLogin": "inbox@datasetninja.com",
                    "createdAt": "2024-03-12T15:32:42.708Z",
                    "updatedAt": "2024-03-12T15:32:42.708Z"
                },
                {
                    "id": 121981860,
                    "tagId": 32513,
                    "name": "instance id",
                    "value": 39,
                    "labelerLogin": "inbox@datasetninja.com",
                    "createdAt": "2024-03-12T15:32:42.708Z",
                    "updatedAt": "2024-03-12T15:32:42.708Z"
                }
            ],
            "classTitle": "pedestrian",
            "points": {
                "exterior": [
                    [
                        1014,
                        167
                    ],
                    [
                        1061,
                        249
                    ]
                ],
                "interior": []
            }
        },
        {
            "id": 159521604,
            "classId": 6551259,
            "objectId": null,
            "description": "",
            "geometryType": "polygon",
            "labelerLogin": "inbox@datasetninja.com",
            "createdAt": "2024-03-12T15:32:42.709Z",
            "updatedAt": "2024-03-12T15:32:42.709Z",
            "tags": [],
            "classTitle": "ignore region",
            "points": {
                "exterior": [
                    [
                        83,
                        189
                    ],
                    [
                        83,
                        224
                    ],
                    [
                        105,
                        224
                    ],
                    [
                        105,
                        189
                    ]
                ],
                "interior": []
            }
        },
        {
            "id": 159521605,
            "classId": 6551259,
            "objectId": null,
            "description": "",
            "geometryType": "rectangle",
            "labelerLogin": "inbox@datasetninja.com",
            "createdAt": "2024-03-12T15:32:42.709Z",
            "updatedAt": "2024-03-12T15:32:42.709Z",
            "tags": [],
            "classTitle": "ignore region",
            "points": {
                "exterior": [
                    [
                        83,
                        189
                    ],
                    [
                        105,
                        224
                    ]
                ],
                "interior": []
            }
        },
        {
            "id": 159521606,
            "classId": 6551259,
            "objectId": null,
            "description": "",
            "geometryType": "polygon",
            "labelerLogin": "inbox@datasetninja.com",
            "createdAt": "2024-03-12T15:32:42.709Z",
            "updatedAt": "2024-03-12T15:32:42.709Z",
            "tags": [],
            "classTitle": "ignore region",
            "points": {
                "exterior": [
                    [
                        516,
                        183
                    ],
                    [
                        516,
                        201
                    ],
                    [
                        543,
                        201
                    ],
                    [
                        543,
                        183
                    ]
                ],
                "interior": []
            }
        },
        {
            "id": 159521607,
            "classId": 6551259,
            "objectId": null,
            "description": "",
            "geometryType": "rectangle",
            "labelerLogin": "inbox@datasetninja.com",
            "createdAt": "2024-03-12T15:32:42.709Z",
            "updatedAt": "2024-03-12T15:32:42.709Z",
            "tags": [],
            "classTitle": "ignore region",
            "points": {
                "exterior": [
                    [
                        516,
                        183
                    ],
                    [
                        543,
                        201
                    ]
                ],
                "interior": []
            }
        },
        {
            "id": 159521608,
            "classId": 6551259,
            "objectId": null,
            "description": "",
            "geometryType": "polygon",
            "labelerLogin": "inbox@datasetninja.com",
            "createdAt": "2024-03-12T15:32:42.710Z",
            "updatedAt": "2024-03-12T15:32:42.710Z",
            "tags": [],
            "classTitle": "ignore region",
            "points": {
                "exterior": [
                    [
                        589,
                        176
                    ],
                    [
                        589,
                        183
                    ],
                    [
                        598,
                        183
                    ],
                    [
                        598,
                        176
                    ]
                ],
                "interior": []
            }
        },
        {
            "id": 159521609,
            "classId": 6551259,
            "objectId": null,
            "description": "",
            "geometryType": "rectangle",
            "labelerLogin": "inbox@datasetninja.com",
            "createdAt": "2024-03-12T15:32:42.710Z",
            "updatedAt": "2024-03-12T15:32:42.710Z",
            "tags": [],
            "classTitle": "ignore region",
            "points": {
                "exterior": [
                    [
                        589,
                        176
                    ],
                    [
                        598,
                        183
                    ]
                ],
                "interior": []
            }
        },
        {
            "id": 159521610,
            "classId": 6551259,
            "objectId": null,
            "description": "",
            "geometryType": "polygon",
            "labelerLogin": "inbox@datasetninja.com",
            "createdAt": "2024-03-12T15:32:42.710Z",
            "updatedAt": "2024-03-12T15:32:42.710Z",
            "tags": [],
            "classTitle": "ignore region",
            "points": {
                "exterior": [
                    [
                        276,
                        175
                    ],
                    [
                        276,
                        197
                    ],
                    [
                        360,
                        197
                    ],
                    [
                        360,
                        175
                    ]
                ],
                "interior": []
            }
        },
        {
            "id": 159521611,
            "classId": 6551259,
            "objectId": null,
            "description": "",
            "geometryType": "rectangle",
            "labelerLogin": "inbox@datasetninja.com",
            "createdAt": "2024-03-12T15:32:42.710Z",
            "updatedAt": "2024-03-12T15:32:42.710Z",
            "tags": [],
            "classTitle": "ignore region",
            "points": {
                "exterior": [
                    [
                        276,
                        175
                    ],
                    [
                        360,
                        197
                    ]
                ],
                "interior": []
            }
        },
        {
            "id": 159521612,
            "classId": 6551259,
            "objectId": null,
            "description": "",
            "geometryType": "polygon",
            "labelerLogin": "inbox@datasetninja.com",
            "createdAt": "2024-03-12T15:32:42.710Z",
            "updatedAt": "2024-03-12T15:32:42.710Z",
            "tags": [],
            "classTitle": "ignore region",
            "points": {
                "exterior": [
                    [
                        770,
                        167
                    ],
                    [
                        770,
                        212
                    ],
                    [
                        796,
                        212
                    ],
                    [
                        796,
                        167
                    ]
                ],
                "interior": []
            }
        },
        {
            "id": 159521613,
            "classId": 6551259,
            "objectId": null,
            "description": "",
            "geometryType": "rectangle",
            "labelerLogin": "inbox@datasetninja.com",
            "createdAt": "2024-03-12T15:32:42.710Z",
            "updatedAt": "2024-03-12T15:32:42.710Z",
            "tags": [],
            "classTitle": "ignore region",
            "points": {
                "exterior": [
                    [
                        770,
                        167
                    ],
                    [
                        796,
                        212
                    ]
                ],
                "interior": []
            }
        }
    ]
}