{
    "description": "",
    "tags": [
        {
            "id": 21884791,
            "tagId": 32512,
            "name": "sequence",
            "value": "0004",
            "labelerLogin": "inbox@datasetninja.com",
            "createdAt": "2024-03-12T15:31:20.899Z",
            "updatedAt": "2024-03-12T15:31:20.899Z"
        }
    ],
    "size": {
        "height": 375,
        "width": 1242
    },
    "objects": [
        {
            "id": 159519902,
            "classId": 6551258,
            "objectId": null,
            "description": "",
            "geometryType": "polygon",
            "labelerLogin": "inbox@datasetninja.com",
            "createdAt": "2024-03-12T15:31:20.900Z",
            "updatedAt": "2024-03-12T15:31:20.900Z",
            "tags": [
                {
                    "id": 121980189,
                    "tagId": 32511,
                    "name": "object id",
                    "value": 1002,
                    "labelerLogin": "inbox@datasetninja.com",
                    "createdAt": "2024-03-12T15:31:20.900Z",
                    "updatedAt": "2024-03-12T15:31:20.900Z"
                },
                {
                    "id": 121980190,
                    "tagId": 32513,
                    "name": "instance id",
                    "value": 2,
                    "labelerLogin": "inbox@datasetninja.com",
                    "createdAt": "2024-03-12T15:31:20.900Z",
                    "updatedAt": "2024-03-12T15:31:20.900Z"
                }
            ],
            "classTitle": "car",
            "points": {
                "exterior": [
                    [
                        589,
                        178
                    ],
                    [
                        582,
                        185
                    ],
                    [
                        582,
                        194
                    ],
                    [
                        583,
                        195
                    ],
                    [
                        583,
                        196
                    ],
                    [
                        584,
                        197
                    ],
                    [
                        584,
                        201
                    ],
                    [
                        586,
                        201
                    ],
                    [
                        587,
                        200
                    ],
                    [
                        589,
                        200
                    ],
                    [
                        590,
                        199
                    ],
                    [
                        596,
                        199
                    ],
                    [
                        597,
                        200
                    ],
                    [
                        598,
                        200
                    ],
                    [
                        599,
                        199
                    ],
                    [
                        603,
                        199
                    ],
                    [
                        604,
                        200
                    ],
                    [
                        605,
                        200
                    ],
                    [
                        607,
                        202
                    ],
                    [
                        608,
                        202
                    ],
                    [
                        609,
                        201
                    ],
                    [
                        609,
                        195
                    ],
                    [
                        610,
                        194
                    ],
                    [
                        609,
                        193
                    ],
                    [
                        609,
                        185
                    ],
                    [
                        608,
                        184
                    ],
                    [
                        608,
                        182
                    ],
                    [
                        604,
                        178
                    ]
                ],
                "interior": []
            }
        },
        {
            "id": 159519903,
            "classId": 6551258,
            "objectId": null,
            "description": "",
            "geometryType": "rectangle",
            "labelerLogin": "inbox@datasetninja.com",
            "createdAt": "2024-03-12T15:31:20.903Z",
            "updatedAt": "2024-03-12T15:31:20.903Z",
            "tags": [
                {
                    "id": 121980191,
                    "tagId": 32511,
                    "name": "object id",
                    "value": 1002,
                    "labelerLogin": "inbox@datasetninja.com",
                    "createdAt": "2024-03-12T15:31:20.903Z",
                    "updatedAt": "2024-03-12T15:31:20.903Z"
                },
                {
                    "id": 121980192,
                    "tagId": 32513,
                    "name": "instance id",
                    "value": 2,
                    "labelerLogin": "inbox@datasetninja.com",
                    "createdAt": "2024-03-12T15:31:20.903Z",
                    "updatedAt": "2024-03-12T15:31:20.903Z"
                }
            ],
            "classTitle": "car",
            "points": {
                "exterior": [
                    [
                        582,
                        178
                    ],
                    [
                        610,
                        202
                    ]
                ],
                "interior": []
            }
        },
        {
            "id": 159519904,
            "classId": 6551258,
            "objectId": null,
            "description": "",
            "geometryType": "polygon",
            "labelerLogin": "inbox@datasetninja.com",
            "createdAt": "2024-03-12T15:31:20.905Z",
            "updatedAt": "2024-03-12T15:31:20.905Z",
            "tags": [
                {
                    "id": 121980193,
                    "tagId": 32511,
                    "name": "object id",
                    "value": 1020,
                    "labelerLogin": "inbox@datasetninja.com",
                    "createdAt": "2024-03-12T15:31:20.904Z",
                    "updatedAt": "2024-03-12T15:31:20.904Z"
                },
                {
                    "id": 121980194,
                    "tagId": 32513,
                    "name": "instance id",
                    "value": 20,
                    "labelerLogin": "inbox@datasetninja.com",
                    "createdAt": "2024-03-12T15:31:20.904Z",
                    "updatedAt": "2024-03-12T15:31:20.904Z"
                }
            ],
            "classTitle": "car",
            "points": {
                "exterior": [
                    [
                        493,
                        180
                    ],
                    [
                        492,
                        181
                    ],
                    [
                        482,
                        181
                    ],
                    [
                        481,
                        182
                    ],
                    [
                        474,
                        182
                    ],
                    [
                        473,
                        183
                    ],
                    [
                        472,
                        183
                    ],
                    [
                        468,
                        187
                    ],
                    [
                        468,
                        189
                    ],
                    [
                        467,
                        190
                    ],
                    [
                        467,
                        193
                    ],
                    [
                        466,
                        194
                    ],
                    [
                        466,
                        195
                    ],
                    [
                        465,
                        196
                    ],
                    [
                        465,
                        202
                    ],
                    [
                        464,
                        203
                    ],
                    [
                        464,
                        208
                    ],
                    [
                        463,
                        209
                    ],
                    [
                        463,
                        217
                    ],
                    [
                        462,
                        218
                    ],
                    [
                        462,
                        238
                    ],
                    [
                        463,
                        239
                    ],
                    [
                        463,
                        241
                    ],
                    [
                        464,
                        242
                    ],
                    [
                        464,
                        243
                    ],
                    [
                        465,
                        243
                    ],
                    [
                        466,
                        244
                    ],
                    [
                        469,
                        244
                    ],
                    [
                        470,
                        243
                    ],
                    [
                        471,
                        243
                    ],
                    [
                        471,
                        242
                    ],
                    [
                        472,
                        241
                    ],
                    [
                        472,
                        239
                    ],
                    [
                        474,
                        237
                    ],
                    [
                        497,
                        237
                    ],
                    [
                        498,
                        236
                    ],
                    [
                        511,
                        236
                    ],
                    [
                        512,
                        235
                    ],
                    [
                        517,
                        235
                    ],
                    [
                        519,
                        237
                    ],
                    [
                        520,
                        237
                    ],
                    [
                        521,
                        238
                    ],
                    [
                        521,
                        239
                    ],
                    [
                        523,
                        241
                    ],
                    [
                        529,
                        241
                    ],
                    [
                        529,
                        240
                    ],
                    [
                        530,
                        239
                    ],
                    [
                        530,
                        237
                    ],
                    [
                        531,
                        236
                    ],
                    [
                        531,
                        235
                    ],
                    [
                        532,
                        234
                    ],
                    [
                        536,
                        234
                    ],
                    [
                        537,
                        233
                    ],
                    [
                        537,
                        232
                    ],
                    [
                        538,
                        231
                    ],
                    [
                        538,
                        214
                    ],
                    [
                        537,
                        213
                    ],
                    [
                        537,
                        211
                    ],
                    [
                        536,
                        210
                    ],
                    [
                        536,
                        205
                    ],
                    [
                        535,
                        204
                    ],
                    [
                        537,
                        202
                    ],
                    [
                        538,
                        202
                    ],
                    [
                        539,
                        201
                    ],
                    [
                        539,
                        197
                    ],
                    [
                        538,
                        196
                    ],
                    [
                        532,
                        196
                    ],
                    [
                        530,
                        194
                    ],
                    [
                        530,
                        192
                    ],
                    [
                        529,
                        191
                    ],
                    [
                        529,
                        189
                    ],
                    [
                        528,
                        188
                    ],
                    [
                        528,
                        187
                    ],
                    [
                        527,
                        186
                    ],
                    [
                        527,
                        184
                    ],
                    [
                        525,
                        182
                    ],
                    [
                        522,
                        182
                    ],
                    [
                        521,
                        181
                    ],
                    [
                        511,
                        181
                    ],
                    [
                        510,
                        180
                    ],
                    [
                        507,
                        180
                    ],
                    [
                        506,
                        181
                    ],
                    [
                        500,
                        181
                    ],
                    [
                        499,
                        180
                    ]
                ],
                "interior": []
            }
        },
        {
            "id": 159519905,
            "classId": 6551258,
            "objectId": null,
            "description": "",
            "geometryType": "rectangle",
            "labelerLogin": "inbox@datasetninja.com",
            "createdAt": "2024-03-12T15:31:20.906Z",
            "updatedAt": "2024-03-12T15:31:20.906Z",
            "tags": [
                {
                    "id": 121980195,
                    "tagId": 32511,
                    "name": "object id",
                    "value": 1020,
                    "labelerLogin": "inbox@datasetninja.com",
                    "createdAt": "2024-03-12T15:31:20.906Z",
                    "updatedAt": "2024-03-12T15:31:20.906Z"
                },
                {
                    "id": 121980196,
                    "tagId": 32513,
                    "name": "instance id",
                    "value": 20,
                    "labelerLogin": "inbox@datasetninja.com",
                    "createdAt": "2024-03-12T15:31:20.906Z",
                    "updatedAt": "2024-03-12T15:31:20.906Z"
                }
            ],
            "classTitle": "car",
            "points": {
                "exterior": [
                    [
                        462,
                        180
                    ],
                    [
                        539,
                        244
                    ]
                ],
                "interior": []
            }
        },
        {
            "id": 159519906,
            "classId": 6551258,
            "objectId": null,
            "description": "",
            "geometryType": "polygon",
            "labelerLogin": "inbox@datasetninja.com",
            "createdAt": "2024-03-12T15:31:20.907Z",
            "updatedAt": "2024-03-12T15:31:20.907Z",
            "tags": [
                {
                    "id": 121980197,
                    "tagId": 32511,
                    "name": "object id",
                    "value": 1021,
                    "labelerLogin": "inbox@datasetninja.com",
                    "createdAt": "2024-03-12T15:31:20.907Z",
                    "updatedAt": "2024-03-12T15:31:20.907Z"
                },
                {
                    "id": 121980198,
                    "tagId": 32513,
                    "name": "instance id",
                    "value": 21,
                    "labelerLogin": "inbox@datasetninja.com",
                    "createdAt": "2024-03-12T15:31:20.907Z",
                    "updatedAt": "2024-03-12T15:31:20.907Z"
                }
            ],
            "classTitle": "car",
            "points": {
                "exterior": [
                    [
                        184,
                        200
                    ],
                    [
                        183,
                        201
                    ],
                    [
                        169,
                        201
                    ],
                    [
                        168,
                        202
                    ],
                    [
                        157,
                        202
                    ],
                    [
                        156,
                        203
                    ],
                    [
                        150,
                        203
                    ],
                    [
                        149,
                        204
                    ],
                    [
                        144,
                        204
                    ],
                    [
                        143,
                        205
                    ],
                    [
                        140,
                        205
                    ],
                    [
                        139,
                        206
                    ],
                    [
                        137,
                        206
                    ],
                    [
                        136,
                        207
                    ],
                    [
                        134,
                        207
                    ],
                    [
                        131,
                        210
                    ],
                    [
                        130,
                        210
                    ],
                    [
                        128,
                        212
                    ],
                    [
                        127,
                        212
                    ],
                    [
                        124,
                        215
                    ],
                    [
                        123,
                        215
                    ],
                    [
                        121,
                        217
                    ],
                    [
                        120,
                        217
                    ],
                    [
                        119,
                        218
                    ],
                    [
                        118,
                        218
                    ],
                    [
                        114,
                        222
                    ],
                    [
                        113,
                        222
                    ],
                    [
                        111,
                        224
                    ],
                    [
                        109,
                        224
                    ],
                    [
                        109,
                        225
                    ],
                    [
                        108,
                        226
                    ],
                    [
                        107,
                        226
                    ],
                    [
                        107,
                        227
                    ],
                    [
                        104,
                        230
                    ],
                    [
                        103,
                        230
                    ],
                    [
                        102,
                        231
                    ],
                    [
                        101,
                        231
                    ],
                    [
                        100,
                        232
                    ],
                    [
                        98,
                        232
                    ],
                    [
                        97,
                        233
                    ],
                    [
                        96,
                        233
                    ],
                    [
                        95,
                        234
                    ],
                    [
                        94,
                        234
                    ],
                    [
                        93,
                        235
                    ],
                    [
                        90,
                        235
                    ],
                    [
                        89,
                        236
                    ],
                    [
                        87,
                        236
                    ],
                    [
                        86,
                        237
                    ],
                    [
                        85,
                        237
                    ],
                    [
                        84,
                        238
                    ],
                    [
                        83,
                        238
                    ],
                    [
                        82,
                        239
                    ],
                    [
                        81,
                        239
                    ],
                    [
                        79,
                        241
                    ],
                    [
                        78,
                        241
                    ],
                    [
                        77,
                        242
                    ],
                    [
                        76,
                        242
                    ],
                    [
                        72,
                        246
                    ],
                    [
                        72,
                        247
                    ],
                    [
                        71,
                        248
                    ],
                    [
                        71,
                        250
                    ],
                    [
                        70,
                        251
                    ],
                    [
                        70,
                        253
                    ],
                    [
                        69,
                        254
                    ],
                    [
                        69,
                        258
                    ],
                    [
                        70,
                        259
                    ],
                    [
                        70,
                        263
                    ],
                    [
                        71,
                        264
                    ],
                    [
                        71,
                        266
                    ],
                    [
                        72,
                        267
                    ],
                    [
                        72,
                        269
                    ],
                    [
                        73,
                        270
                    ],
                    [
                        73,
                        272
                    ],
                    [
                        74,
                        272
                    ],
                    [
                        75,
                        273
                    ],
                    [
                        84,
                        273
                    ],
                    [
                        85,
                        274
                    ],
                    [
                        98,
                        274
                    ],
                    [
                        99,
                        275
                    ],
                    [
                        122,
                        275
                    ],
                    [
                        123,
                        274
                    ],
                    [
                        128,
                        274
                    ],
                    [
                        129,
                        273
                    ],
                    [
                        132,
                        273
                    ],
                    [
                        133,
                        274
                    ],
                    [
                        135,
                        274
                    ],
                    [
                        136,
                        273
                    ],
                    [
                        137,
                        273
                    ],
                    [
                        138,
                        272
                    ],
                    [
                        138,
                        271
                    ],
                    [
                        139,
                        270
                    ],
                    [
                        139,
                        256
                    ],
                    [
                        137,
                        254
                    ],
                    [
                        137,
                        251
                    ],
                    [
                        136,
                        250
                    ],
                    [
                        137,
                        249
                    ],
                    [
                        137,
                        248
                    ],
                    [
                        138,
                        247
                    ],
                    [
                        139,
                        247
                    ],
                    [
                        139,
                        245
                    ],
                    [
                        140,
                        244
                    ],
                    [
                        141,
                        244
                    ],
                    [
                        142,
                        245
                    ],
                    [
                        142,
                        246
                    ],
                    [
                        141,
                        247
                    ],
                    [
                        141,
                        248
                    ],
                    [
                        142,
                        249
                    ],
                    [
                        142,
                        253
                    ],
                    [
                        143,
                        254
                    ],
                    [
                        143,
                        268
                    ],
                    [
                        144,
                        269
                    ],
                    [
                        156,
                        269
                    ],
                    [
                        157,
                        268
                    ],
                    [
                        159,
                        268
                    ],
                    [
                        160,
                        269
                    ],
                    [
                        163,
                        269
                    ],
                    [
                        164,
                        270
                    ],
                    [
                        165,
                        270
                    ],
                    [
                        166,
                        271
                    ],
                    [
                        168,
                        271
                    ],
                    [
                        169,
                        272
                    ],
                    [
                        173,
                        272
                    ],
                    [
                        174,
                        271
                    ],
                    [
                        176,
                        271
                    ],
                    [
                        177,
                        270
                    ],
                    [
                        178,
                        270
                    ],
                    [
                        187,
                        261
                    ],
                    [
                        189,
                        261
                    ],
                    [
                        190,
                        260
                    ],
                    [
                        194,
                        260
                    ],
                    [
                        195,
                        259
                    ],
                    [
                        199,
                        259
                    ],
                    [
                        200,
                        258
                    ],
                    [
                        205,
                        258
                    ],
                    [
                        206,
                        257
                    ],
                    [
                        213,
                        257
                    ],
                    [
                        214,
                        256
                    ],
                    [
                        216,
                        256
                    ],
                    [
                        217,
                        255
                    ],
                    [
                        230,
                        255
                    ],
                    [
                        230,
                        250
                    ],
                    [
                        231,
                        249
                    ],
                    [
                        231,
                        244
                    ],
                    [
                        230,
                        243
                    ],
                    [
                        230,
                        237
                    ],
                    [
                        229,
                        236
                    ],
                    [
                        229,
                        235
                    ],
                    [
                        228,
                        234
                    ],
                    [
                        228,
                        227
                    ],
                    [
                        232,
                        223
                    ],
                    [
                        234,
                        225
                    ],
                    [
                        234,
                        226
                    ],
                    [
                        235,
                        227
                    ],
                    [
                        235,
                        229
                    ],
                    [
                        234,
                        230
                    ],
                    [
                        234,
                        241
                    ],
                    [
                        233,
                        242
                    ],
                    [
                        233,
                        255
                    ],
                    [
                        234,
                        255
                    ],
                    [
                        235,
                        256
                    ],
                    [
                        238,
                        256
                    ],
                    [
                        239,
                        255
                    ],
                    [
                        242,
                        255
                    ],
                    [
                        245,
                        252
                    ],
                    [
                        245,
                        249
                    ],
                    [
                        246,
                        248
                    ],
                    [
                        246,
                        247
                    ],
                    [
                        247,
                        246
                    ],
                    [
                        247,
                        243
                    ],
                    [
                        248,
                        242
                    ],
                    [
                        248,
                        240
                    ],
                    [
                        249,
                        239
                    ],
                    [
                        249,
                        232
                    ],
                    [
                        248,
                        231
                    ],
                    [
                        248,
                        230
                    ],
                    [
                        247,
                        229
                    ],
                    [
                        247,
                        221
                    ],
                    [
                        246,
                        220
                    ],
                    [
                        246,
                        218
                    ],
                    [
                        242,
                        214
                    ],
                    [
                        241,
                        214
                    ],
                    [
                        239,
                        212
                    ],
                    [
                        239,
                        211
                    ],
                    [
                        233,
                        205
                    ],
                    [
                        232,
                        205
                    ],
                    [
                        228,
                        201
                    ],
                    [
                        224,
                        201
                    ],
                    [
                        223,
                        200
                    ]
                ],
                "interior": [
                    [
                        [
                            173,
                            248
                        ],
                        [
                            174,
                            247
                        ],
                        [
                            179,
                            247
                        ],
                        [
                            180,
                            248
                        ],
                        [
                            180,
                            249
                        ],
                        [
                            179,
                            250
                        ],
                        [
                            176,
                            250
                        ],
                        [
                            175,
                            249
                        ],
                        [
                            174,
                            249
                        ]
                    ],
                    [
                        [
                            136,
                            238
                        ],
                        [
                            137,
                            237
                        ],
                        [
                            144,
                            237
                        ],
                        [
                            146,
                            239
                        ],
                        [
                            147,
                            239
                        ],
                        [
                            148,
                            240
                        ],
                        [
                            148,
                            241
                        ],
                        [
                            147,
                            242
                        ],
                        [
                            146,
                            242
                        ],
                        [
                            145,
                            243
                        ],
                        [
                            143,
                            243
                        ],
                        [
                            142,
                            244
                        ],
                        [
                            140,
                            244
                        ],
                        [
                            139,
                            243
                        ],
                        [
                            138,
                            243
                        ],
                        [
                            137,
                            242
                        ],
                        [
                            137,
                            241
                        ],
                        [
                            136,
                            240
                        ]
                    ]
                ]
            }
        },
        {
            "id": 159519907,
            "classId": 6551258,
            "objectId": null,
            "description": "",
            "geometryType": "rectangle",
            "labelerLogin": "inbox@datasetninja.com",
            "createdAt": "2024-03-12T15:31:20.908Z",
            "updatedAt": "2024-03-12T15:31:20.908Z",
            "tags": [
                {
                    "id": 121980199,
                    "tagId": 32511,
                    "name": "object id",
                    "value": 1021,
                    "labelerLogin": "inbox@datasetninja.com",
                    "createdAt": "2024-03-12T15:31:20.907Z",
                    "updatedAt": "2024-03-12T15:31:20.907Z"
                },
                {
                    "id": 121980200,
                    "tagId": 32513,
                    "name": "instance id",
                    "value": 21,
                    "labelerLogin": "inbox@datasetninja.com",
                    "createdAt": "2024-03-12T15:31:20.907Z",
                    "updatedAt": "2024-03-12T15:31:20.907Z"
                }
            ],
            "classTitle": "car",
            "points": {
                "exterior": [
                    [
                        69,
                        200
                    ],
                    [
                        249,
                        275
                    ]
                ],
                "interior": []
            }
        },
        {
            "id": 159519908,
            "classId": 6551258,
            "objectId": null,
            "description": "",
            "geometryType": "polygon",
            "labelerLogin": "inbox@datasetninja.com",
            "createdAt": "2024-03-12T15:31:20.909Z",
            "updatedAt": "2024-03-12T15:31:20.909Z",
            "tags": [
                {
                    "id": 121980201,
                    "tagId": 32511,
                    "name": "object id",
                    "value": 1022,
                    "labelerLogin": "inbox@datasetninja.com",
                    "createdAt": "2024-03-12T15:31:20.909Z",
                    "updatedAt": "2024-03-12T15:31:20.909Z"
                },
                {
                    "id": 121980202,
                    "tagId": 32513,
                    "name": "instance id",
                    "value": 22,
                    "labelerLogin": "inbox@datasetninja.com",
                    "createdAt": "2024-03-12T15:31:20.909Z",
                    "updatedAt": "2024-03-12T15:31:20.909Z"
                }
            ],
            "classTitle": "car",
            "points": {
                "exterior": [
                    [
                        358,
                        187
                    ],
                    [
                        357,
                        188
                    ],
                    [
                        348,
                        188
                    ],
                    [
                        347,
                        189
                    ],
                    [
                        343,
                        189
                    ],
                    [
                        342,
                        190
                    ],
                    [
                        340,
                        190
                    ],
                    [
                        339,
                        191
                    ],
                    [
                        338,
                        191
                    ],
                    [
                        337,
                        192
                    ],
                    [
                        336,
                        192
                    ],
                    [
                        333,
                        195
                    ],
                    [
                        333,
                        196
                    ],
                    [
                        331,
                        198
                    ],
                    [
                        331,
                        199
                    ],
                    [
                        326,
                        204
                    ],
                    [
                        326,
                        205
                    ],
                    [
                        323,
                        208
                    ],
                    [
                        322,
                        208
                    ],
                    [
                        321,
                        209
                    ],
                    [
                        321,
                        210
                    ],
                    [
                        320,
                        211
                    ],
                    [
                        320,
                        212
                    ],
                    [
                        321,
                        213
                    ],
                    [
                        321,
                        217
                    ],
                    [
                        322,
                        218
                    ],
                    [
                        322,
                        219
                    ],
                    [
                        333,
                        219
                    ],
                    [
                        334,
                        218
                    ],
                    [
                        334,
                        209
                    ],
                    [
                        335,
                        208
                    ],
                    [
                        336,
                        209
                    ],
                    [
                        336,
                        210
                    ],
                    [
                        337,
                        211
                    ],
                    [
                        337,
                        215
                    ],
                    [
                        338,
                        216
                    ],
                    [
                        338,
                        219
                    ],
                    [
                        345,
                        219
                    ],
                    [
                        346,
                        218
                    ],
                    [
                        351,
                        218
                    ],
                    [
                        352,
                        219
                    ],
                    [
                        360,
                        219
                    ],
                    [
                        360,
                        218
                    ],
                    [
                        361,
                        217
                    ],
                    [
                        363,
                        217
                    ],
                    [
                        364,
                        216
                    ],
                    [
                        365,
                        216
                    ],
                    [
                        367,
                        214
                    ],
                    [
                        367,
                        213
                    ],
                    [
                        368,
                        212
                    ],
                    [
                        370,
                        214
                    ],
                    [
                        374,
                        214
                    ],
                    [
                        375,
                        213
                    ],
                    [
                        377,
                        213
                    ],
                    [
                        378,
                        212
                    ],
                    [
                        378,
                        209
                    ],
                    [
                        377,
                        208
                    ],
                    [
                        377,
                        207
                    ],
                    [
                        376,
                        206
                    ],
                    [
                        376,
                        204
                    ],
                    [
                        374,
                        202
                    ],
                    [
                        374,
                        200
                    ],
                    [
                        372,
                        198
                    ],
                    [
                        372,
                        196
                    ],
                    [
                        371,
                        195
                    ],
                    [
                        371,
                        193
                    ],
                    [
                        370,
                        192
                    ],
                    [
                        370,
                        191
                    ],
                    [
                        368,
                        189
                    ],
                    [
                        367,
                        189
                    ],
                    [
                        366,
                        188
                    ],
                    [
                        362,
                        188
                    ],
                    [
                        361,
                        187
                    ]
                ],
                "interior": []
            }
        },
        {
            "id": 159519909,
            "classId": 6551258,
            "objectId": null,
            "description": "",
            "geometryType": "rectangle",
            "labelerLogin": "inbox@datasetninja.com",
            "createdAt": "2024-03-12T15:31:20.910Z",
            "updatedAt": "2024-03-12T15:31:20.910Z",
            "tags": [
                {
                    "id": 121980203,
                    "tagId": 32511,
                    "name": "object id",
                    "value": 1022,
                    "labelerLogin": "inbox@datasetninja.com",
                    "createdAt": "2024-03-12T15:31:20.910Z",
                    "updatedAt": "2024-03-12T15:31:20.910Z"
                },
                {
                    "id": 121980204,
                    "tagId": 32513,
                    "name": "instance id",
                    "value": 22,
                    "labelerLogin": "inbox@datasetninja.com",
                    "createdAt": "2024-03-12T15:31:20.910Z",
                    "updatedAt": "2024-03-12T15:31:20.910Z"
                }
            ],
            "classTitle": "car",
            "points": {
                "exterior": [
                    [
                        320,
                        187
                    ],
                    [
                        378,
                        219
                    ]
                ],
                "interior": []
            }
        },
        {
            "id": 159519910,
            "classId": 6551259,
            "objectId": null,
            "description": "",
            "geometryType": "polygon",
            "labelerLogin": "inbox@datasetninja.com",
            "createdAt": "2024-03-12T15:31:20.910Z",
            "updatedAt": "2024-03-12T15:31:20.910Z",
            "tags": [],
            "classTitle": "ignore region",
            "points": {
                "exterior": [
                    [
                        318,
                        184
                    ],
                    [
                        318,
                        205
                    ],
                    [
                        325,
                        205
                    ],
                    [
                        325,
                        204
                    ],
                    [
                        330,
                        199
                    ],
                    [
                        330,
                        198
                    ],
                    [
                        332,
                        196
                    ],
                    [
                        332,
                        195
                    ],
                    [
                        333,
                        194
                    ],
                    [
                        333,
                        184
                    ]
                ],
                "interior": []
            }
        },
        {
            "id": 159519911,
            "classId": 6551259,
            "objectId": null,
            "description": "",
            "geometryType": "rectangle",
            "labelerLogin": "inbox@datasetninja.com",
            "createdAt": "2024-03-12T15:31:20.911Z",
            "updatedAt": "2024-03-12T15:31:20.911Z",
            "tags": [],
            "classTitle": "ignore region",
            "points": {
                "exterior": [
                    [
                        318,
                        184
                    ],
                    [
                        333,
                        205
                    ]
                ],
                "interior": []
            }
        },
        {
            "id": 159519912,
            "classId": 6551259,
            "objectId": null,
            "description": "",
            "geometryType": "polygon",
            "labelerLogin": "inbox@datasetninja.com",
            "createdAt": "2024-03-12T15:31:20.911Z",
            "updatedAt": "2024-03-12T15:31:20.911Z",
            "tags": [],
            "classTitle": "ignore region",
            "points": {
                "exterior": [
                    [
                        439,
                        182
                    ],
                    [
                        439,
                        223
                    ],
                    [
                        461,
                        223
                    ],
                    [
                        461,
                        218
                    ],
                    [
                        462,
                        217
                    ],
                    [
                        462,
                        209
                    ],
                    [
                        463,
                        208
                    ],
                    [
                        463,
                        203
                    ],
                    [
                        464,
                        202
                    ],
                    [
                        464,
                        196
                    ],
                    [
                        465,
                        195
                    ],
                    [
                        465,
                        194
                    ],
                    [
                        466,
                        193
                    ],
                    [
                        466,
                        182
                    ]
                ],
                "interior": []
            }
        },
        {
            "id": 159519913,
            "classId": 6551259,
            "objectId": null,
            "description": "",
            "geometryType": "rectangle",
            "labelerLogin": "inbox@datasetninja.com",
            "createdAt": "2024-03-12T15:31:20.912Z",
            "updatedAt": "2024-03-12T15:31:20.912Z",
            "tags": [],
            "classTitle": "ignore region",
            "points": {
                "exterior": [
                    [
                        439,
                        182
                    ],
                    [
                        466,
                        223
                    ]
                ],
                "interior": []
            }
        },
        {
            "id": 159519914,
            "classId": 6551259,
            "objectId": null,
            "description": "",
            "geometryType": "polygon",
            "labelerLogin": "inbox@datasetninja.com",
            "createdAt": "2024-03-12T15:31:20.912Z",
            "updatedAt": "2024-03-12T15:31:20.912Z",
            "tags": [],
            "classTitle": "ignore region",
            "points": {
                "exterior": [
                    [
                        225,
                        178
                    ],
                    [
                        225,
                        196
                    ],
                    [
                        277,
                        196
                    ],
                    [
                        277,
                        178
                    ]
                ],
                "interior": []
            }
        },
        {
            "id": 159519915,
            "classId": 6551259,
            "objectId": null,
            "description": "",
            "geometryType": "rectangle",
            "labelerLogin": "inbox@datasetninja.com",
            "createdAt": "2024-03-12T15:31:20.913Z",
            "updatedAt": "2024-03-12T15:31:20.913Z",
            "tags": [],
            "classTitle": "ignore region",
            "points": {
                "exterior": [
                    [
                        225,
                        178
                    ],
                    [
                        277,
                        196
                    ]
                ],
                "interior": []
            }
        },
        {
            "id": 159519916,
            "classId": 6551259,
            "objectId": null,
            "description": "",
            "geometryType": "polygon",
            "labelerLogin": "inbox@datasetninja.com",
            "createdAt": "2024-03-12T15:31:20.914Z",
            "updatedAt": "2024-03-12T15:31:20.914Z",
            "tags": [],
            "classTitle": "ignore region",
            "points": {
                "exterior": [
                    [
                        197,
                        178
                    ],
                    [
                        197,
                        198
                    ],
                    [
                        216,
                        198
                    ],
                    [
                        216,
                        178
                    ]
                ],
                "interior": []
            }
        },
        {
            "id": 159519917,
            "classId": 6551259,
            "objectId": null,
            "description": "",
            "geometryType": "rectangle",
            "labelerLogin": "inbox@datasetninja.com",
            "createdAt": "2024-03-12T15:31:20.914Z",
            "updatedAt": "2024-03-12T15:31:20.914Z",
            "tags": [],
            "classTitle": "ignore region",
            "points": {
                "exterior": [
                    [
                        197,
                        178
                    ],
                    [
                        216,
                        198
                    ]
                ],
                "interior": []
            }
        },
        {
            "id": 159519918,
            "classId": 6551259,
            "objectId": null,
            "description": "",
            "geometryType": "polygon",
            "labelerLogin": "inbox@datasetninja.com",
            "createdAt": "2024-03-12T15:31:20.914Z",
            "updatedAt": "2024-03-12T15:31:20.914Z",
            "tags": [],
            "classTitle": "ignore region",
            "points": {
                "exterior": [
                    [
                        418,
                        173
                    ],
                    [
                        418,
                        202
                    ],
                    [
                        428,
                        202
                    ],
                    [
                        428,
                        173
                    ]
                ],
                "interior": []
            }
        },
        {
            "id": 159519919,
            "classId": 6551259,
            "objectId": null,
            "description": "",
            "geometryType": "rectangle",
            "labelerLogin": "inbox@datasetninja.com",
            "createdAt": "2024-03-12T15:31:20.915Z",
            "updatedAt": "2024-03-12T15:31:20.915Z",
            "tags": [],
            "classTitle": "ignore region",
            "points": {
                "exterior": [
                    [
                        418,
                        173
                    ],
                    [
                        428,
                        202
                    ]
                ],
                "interior": []
            }
        },
        {
            "id": 159519920,
            "classId": 6551259,
            "objectId": null,
            "description": "",
            "geometryType": "polygon",
            "labelerLogin": "inbox@datasetninja.com",
            "createdAt": "2024-03-12T15:31:20.915Z",
            "updatedAt": "2024-03-12T15:31:20.915Z",
            "tags": [],
            "classTitle": "ignore region",
            "points": {
                "exterior": [
                    [
                        639,
                        166
                    ],
                    [
                        639,
                        214
                    ],
                    [
                        696,
                        214
                    ],
                    [
                        696,
                        166
                    ]
                ],
                "interior": []
            }
        },
        {
            "id": 159519921,
            "classId": 6551259,
            "objectId": null,
            "description": "",
            "geometryType": "rectangle",
            "labelerLogin": "inbox@datasetninja.com",
            "createdAt": "2024-03-12T15:31:20.915Z",
            "updatedAt": "2024-03-12T15:31:20.915Z",
            "tags": [],
            "classTitle": "ignore region",
            "points": {
                "exterior": [
                    [
                        639,
                        166
                    ],
                    [
                        696,
                        214
                    ]
                ],
                "interior": []
            }
        }
    ]
}