{
    "description": "",
    "tags": [
        {
            "id": 21885009,
            "tagId": 32512,
            "name": "sequence",
            "value": "0005",
            "labelerLogin": "inbox@datasetninja.com",
            "createdAt": "2024-03-12T15:33:05.837Z",
            "updatedAt": "2024-03-12T15:33:05.837Z"
        }
    ],
    "size": {
        "height": 375,
        "width": 1242
    },
    "objects": [
        {
            "id": 159523382,
            "classId": 6551258,
            "objectId": null,
            "description": "",
            "geometryType": "polygon",
            "labelerLogin": "inbox@datasetninja.com",
            "createdAt": "2024-03-12T15:33:05.839Z",
            "updatedAt": "2024-03-12T15:33:05.839Z",
            "tags": [
                {
                    "id": 121983489,
                    "tagId": 32511,
                    "name": "object id",
                    "value": 1007,
                    "labelerLogin": "inbox@datasetninja.com",
                    "createdAt": "2024-03-12T15:33:05.839Z",
                    "updatedAt": "2024-03-12T15:33:05.839Z"
                },
                {
                    "id": 121983490,
                    "tagId": 32513,
                    "name": "instance id",
                    "value": 7,
                    "labelerLogin": "inbox@datasetninja.com",
                    "createdAt": "2024-03-12T15:33:05.839Z",
                    "updatedAt": "2024-03-12T15:33:05.839Z"
                }
            ],
            "classTitle": "car",
            "points": {
                "exterior": [
                    [
                        46,
                        174
                    ],
                    [
                        45,
                        175
                    ],
                    [
                        33,
                        175
                    ],
                    [
                        31,
                        177
                    ],
                    [
                        30,
                        177
                    ],
                    [
                        25,
                        182
                    ],
                    [
                        25,
                        183
                    ],
                    [
                        23,
                        185
                    ],
                    [
                        23,
                        186
                    ],
                    [
                        22,
                        187
                    ],
                    [
                        22,
                        188
                    ],
                    [
                        21,
                        189
                    ],
                    [
                        21,
                        200
                    ],
                    [
                        20,
                        201
                    ],
                    [
                        20,
                        206
                    ],
                    [
                        21,
                        207
                    ],
                    [
                        21,
                        209
                    ],
                    [
                        26,
                        209
                    ],
                    [
                        27,
                        210
                    ],
                    [
                        38,
                        210
                    ],
                    [
                        39,
                        211
                    ],
                    [
                        50,
                        211
                    ],
                    [
                        51,
                        212
                    ],
                    [
                        71,
                        212
                    ],
                    [
                        73,
                        214
                    ],
                    [
                        73,
                        215
                    ],
                    [
                        74,
                        215
                    ],
                    [
                        75,
                        216
                    ],
                    [
                        78,
                        216
                    ],
                    [
                        79,
                        215
                    ],
                    [
                        82,
                        215
                    ],
                    [
                        83,
                        214
                    ],
                    [
                        84,
                        214
                    ],
                    [
                        84,
                        213
                    ],
                    [
                        86,
                        211
                    ],
                    [
                        100,
                        211
                    ],
                    [
                        101,
                        210
                    ],
                    [
                        116,
                        210
                    ],
                    [
                        117,
                        211
                    ],
                    [
                        118,
                        211
                    ],
                    [
                        120,
                        213
                    ],
                    [
                        122,
                        213
                    ],
                    [
                        123,
                        212
                    ],
                    [
                        125,
                        212
                    ],
                    [
                        128,
                        209
                    ],
                    [
                        128,
                        208
                    ],
                    [
                        129,
                        207
                    ],
                    [
                        129,
                        206
                    ],
                    [
                        130,
                        205
                    ],
                    [
                        130,
                        203
                    ],
                    [
                        131,
                        202
                    ],
                    [
                        131,
                        201
                    ],
                    [
                        132,
                        200
                    ],
                    [
                        132,
                        198
                    ],
                    [
                        131,
                        197
                    ],
                    [
                        131,
                        196
                    ],
                    [
                        130,
                        195
                    ],
                    [
                        130,
                        194
                    ],
                    [
                        129,
                        193
                    ],
                    [
                        129,
                        192
                    ],
                    [
                        128,
                        191
                    ],
                    [
                        127,
                        191
                    ],
                    [
                        126,
                        190
                    ],
                    [
                        125,
                        190
                    ],
                    [
                        124,
                        189
                    ],
                    [
                        123,
                        189
                    ],
                    [
                        122,
                        188
                    ],
                    [
                        121,
                        188
                    ],
                    [
                        118,
                        185
                    ],
                    [
                        117,
                        185
                    ],
                    [
                        113,
                        181
                    ],
                    [
                        112,
                        181
                    ],
                    [
                        110,
                        179
                    ],
                    [
                        109,
                        179
                    ],
                    [
                        108,
                        178
                    ],
                    [
                        106,
                        178
                    ],
                    [
                        105,
                        177
                    ],
                    [
                        104,
                        177
                    ],
                    [
                        103,
                        176
                    ],
                    [
                        99,
                        176
                    ],
                    [
                        98,
                        175
                    ],
                    [
                        93,
                        175
                    ],
                    [
                        92,
                        174
                    ]
                ],
                "interior": []
            }
        },
        {
            "id": 159523383,
            "classId": 6551258,
            "objectId": null,
            "description": "",
            "geometryType": "rectangle",
            "labelerLogin": "inbox@datasetninja.com",
            "createdAt": "2024-03-12T15:33:05.841Z",
            "updatedAt": "2024-03-12T15:33:05.841Z",
            "tags": [
                {
                    "id": 121983491,
                    "tagId": 32511,
                    "name": "object id",
                    "value": 1007,
                    "labelerLogin": "inbox@datasetninja.com",
                    "createdAt": "2024-03-12T15:33:05.841Z",
                    "updatedAt": "2024-03-12T15:33:05.841Z"
                },
                {
                    "id": 121983492,
                    "tagId": 32513,
                    "name": "instance id",
                    "value": 7,
                    "labelerLogin": "inbox@datasetninja.com",
                    "createdAt": "2024-03-12T15:33:05.841Z",
                    "updatedAt": "2024-03-12T15:33:05.841Z"
                }
            ],
            "classTitle": "car",
            "points": {
                "exterior": [
                    [
                        20,
                        174
                    ],
                    [
                        132,
                        216
                    ]
                ],
                "interior": []
            }
        },
        {
            "id": 159523384,
            "classId": 6551258,
            "objectId": null,
            "description": "",
            "geometryType": "polygon",
            "labelerLogin": "inbox@datasetninja.com",
            "createdAt": "2024-03-12T15:33:05.843Z",
            "updatedAt": "2024-03-12T15:33:05.843Z",
            "tags": [
                {
                    "id": 121983493,
                    "tagId": 32511,
                    "name": "object id",
                    "value": 1009,
                    "labelerLogin": "inbox@datasetninja.com",
                    "createdAt": "2024-03-12T15:33:05.843Z",
                    "updatedAt": "2024-03-12T15:33:05.843Z"
                },
                {
                    "id": 121983494,
                    "tagId": 32513,
                    "name": "instance id",
                    "value": 9,
                    "labelerLogin": "inbox@datasetninja.com",
                    "createdAt": "2024-03-12T15:33:05.843Z",
                    "updatedAt": "2024-03-12T15:33:05.843Z"
                }
            ],
            "classTitle": "car",
            "points": {
                "exterior": [
                    [
                        160,
                        177
                    ],
                    [
                        159,
                        178
                    ],
                    [
                        156,
                        178
                    ],
                    [
                        152,
                        182
                    ],
                    [
                        151,
                        182
                    ],
                    [
                        151,
                        183
                    ],
                    [
                        147,
                        187
                    ],
                    [
                        147,
                        192
                    ],
                    [
                        146,
                        193
                    ],
                    [
                        146,
                        200
                    ],
                    [
                        147,
                        201
                    ],
                    [
                        147,
                        203
                    ],
                    [
                        148,
                        204
                    ],
                    [
                        171,
                        204
                    ],
                    [
                        172,
                        203
                    ],
                    [
                        175,
                        203
                    ],
                    [
                        176,
                        204
                    ],
                    [
                        178,
                        204
                    ],
                    [
                        179,
                        205
                    ],
                    [
                        180,
                        205
                    ],
                    [
                        181,
                        206
                    ],
                    [
                        185,
                        206
                    ],
                    [
                        186,
                        205
                    ],
                    [
                        187,
                        205
                    ],
                    [
                        189,
                        203
                    ],
                    [
                        191,
                        203
                    ],
                    [
                        192,
                        202
                    ],
                    [
                        203,
                        202
                    ],
                    [
                        204,
                        203
                    ],
                    [
                        206,
                        203
                    ],
                    [
                        207,
                        204
                    ],
                    [
                        210,
                        204
                    ],
                    [
                        211,
                        203
                    ],
                    [
                        212,
                        203
                    ],
                    [
                        213,
                        202
                    ],
                    [
                        213,
                        201
                    ],
                    [
                        214,
                        200
                    ],
                    [
                        214,
                        194
                    ],
                    [
                        213,
                        193
                    ],
                    [
                        213,
                        192
                    ],
                    [
                        210,
                        189
                    ],
                    [
                        209,
                        189
                    ],
                    [
                        206,
                        186
                    ],
                    [
                        205,
                        186
                    ],
                    [
                        201,
                        182
                    ],
                    [
                        200,
                        182
                    ],
                    [
                        197,
                        179
                    ],
                    [
                        196,
                        179
                    ],
                    [
                        195,
                        178
                    ],
                    [
                        192,
                        178
                    ],
                    [
                        191,
                        177
                    ]
                ],
                "interior": []
            }
        },
        {
            "id": 159523385,
            "classId": 6551258,
            "objectId": null,
            "description": "",
            "geometryType": "rectangle",
            "labelerLogin": "inbox@datasetninja.com",
            "createdAt": "2024-03-12T15:33:05.844Z",
            "updatedAt": "2024-03-12T15:33:05.844Z",
            "tags": [
                {
                    "id": 121983495,
                    "tagId": 32511,
                    "name": "object id",
                    "value": 1009,
                    "labelerLogin": "inbox@datasetninja.com",
                    "createdAt": "2024-03-12T15:33:05.844Z",
                    "updatedAt": "2024-03-12T15:33:05.844Z"
                },
                {
                    "id": 121983496,
                    "tagId": 32513,
                    "name": "instance id",
                    "value": 9,
                    "labelerLogin": "inbox@datasetninja.com",
                    "createdAt": "2024-03-12T15:33:05.844Z",
                    "updatedAt": "2024-03-12T15:33:05.844Z"
                }
            ],
            "classTitle": "car",
            "points": {
                "exterior": [
                    [
                        146,
                        177
                    ],
                    [
                        214,
                        206
                    ]
                ],
                "interior": []
            }
        },
        {
            "id": 159523386,
            "classId": 6551258,
            "objectId": null,
            "description": "",
            "geometryType": "polygon",
            "labelerLogin": "inbox@datasetninja.com",
            "createdAt": "2024-03-12T15:33:05.846Z",
            "updatedAt": "2024-03-12T15:33:05.846Z",
            "tags": [
                {
                    "id": 121983497,
                    "tagId": 32511,
                    "name": "object id",
                    "value": 1010,
                    "labelerLogin": "inbox@datasetninja.com",
                    "createdAt": "2024-03-12T15:33:05.846Z",
                    "updatedAt": "2024-03-12T15:33:05.846Z"
                },
                {
                    "id": 121983498,
                    "tagId": 32513,
                    "name": "instance id",
                    "value": 10,
                    "labelerLogin": "inbox@datasetninja.com",
                    "createdAt": "2024-03-12T15:33:05.846Z",
                    "updatedAt": "2024-03-12T15:33:05.846Z"
                }
            ],
            "classTitle": "car",
            "points": {
                "exterior": [
                    [
                        200,
                        169
                    ],
                    [
                        199,
                        170
                    ],
                    [
                        199,
                        177
                    ],
                    [
                        200,
                        178
                    ],
                    [
                        200,
                        179
                    ],
                    [
                        202,
                        181
                    ],
                    [
                        202,
                        182
                    ],
                    [
                        205,
                        185
                    ],
                    [
                        206,
                        185
                    ],
                    [
                        207,
                        186
                    ],
                    [
                        208,
                        186
                    ],
                    [
                        209,
                        187
                    ],
                    [
                        210,
                        187
                    ],
                    [
                        214,
                        191
                    ],
                    [
                        217,
                        191
                    ],
                    [
                        218,
                        190
                    ],
                    [
                        223,
                        190
                    ],
                    [
                        224,
                        189
                    ],
                    [
                        225,
                        189
                    ],
                    [
                        225,
                        182
                    ],
                    [
                        222,
                        179
                    ],
                    [
                        221,
                        179
                    ],
                    [
                        220,
                        178
                    ],
                    [
                        219,
                        178
                    ],
                    [
                        218,
                        177
                    ],
                    [
                        217,
                        177
                    ],
                    [
                        216,
                        176
                    ],
                    [
                        215,
                        176
                    ],
                    [
                        212,
                        173
                    ],
                    [
                        211,
                        173
                    ],
                    [
                        209,
                        171
                    ],
                    [
                        208,
                        171
                    ],
                    [
                        206,
                        169
                    ]
                ],
                "interior": []
            }
        },
        {
            "id": 159523387,
            "classId": 6551258,
            "objectId": null,
            "description": "",
            "geometryType": "rectangle",
            "labelerLogin": "inbox@datasetninja.com",
            "createdAt": "2024-03-12T15:33:05.848Z",
            "updatedAt": "2024-03-12T15:33:05.848Z",
            "tags": [
                {
                    "id": 121983499,
                    "tagId": 32511,
                    "name": "object id",
                    "value": 1010,
                    "labelerLogin": "inbox@datasetninja.com",
                    "createdAt": "2024-03-12T15:33:05.848Z",
                    "updatedAt": "2024-03-12T15:33:05.848Z"
                },
                {
                    "id": 121983500,
                    "tagId": 32513,
                    "name": "instance id",
                    "value": 10,
                    "labelerLogin": "inbox@datasetninja.com",
                    "createdAt": "2024-03-12T15:33:05.848Z",
                    "updatedAt": "2024-03-12T15:33:05.848Z"
                }
            ],
            "classTitle": "car",
            "points": {
                "exterior": [
                    [
                        199,
                        169
                    ],
                    [
                        225,
                        191
                    ]
                ],
                "interior": []
            }
        },
        {
            "id": 159523388,
            "classId": 6551258,
            "objectId": null,
            "description": "",
            "geometryType": "polygon",
            "labelerLogin": "inbox@datasetninja.com",
            "createdAt": "2024-03-12T15:33:05.848Z",
            "updatedAt": "2024-03-12T15:33:05.848Z",
            "tags": [
                {
                    "id": 121983501,
                    "tagId": 32511,
                    "name": "object id",
                    "value": 1010,
                    "labelerLogin": "inbox@datasetninja.com",
                    "createdAt": "2024-03-12T15:33:05.848Z",
                    "updatedAt": "2024-03-12T15:33:05.848Z"
                },
                {
                    "id": 121983502,
                    "tagId": 32513,
                    "name": "instance id",
                    "value": 10,
                    "labelerLogin": "inbox@datasetninja.com",
                    "createdAt": "2024-03-12T15:33:05.848Z",
                    "updatedAt": "2024-03-12T15:33:05.848Z"
                }
            ],
            "classTitle": "car",
            "points": {
                "exterior": [
                    [
                        175,
                        168
                    ],
                    [
                        174,
                        169
                    ],
                    [
                        172,
                        169
                    ],
                    [
                        172,
                        171
                    ],
                    [
                        170,
                        173
                    ],
                    [
                        170,
                        175
                    ],
                    [
                        172,
                        175
                    ],
                    [
                        173,
                        176
                    ],
                    [
                        175,
                        176
                    ],
                    [
                        176,
                        175
                    ],
                    [
                        182,
                        175
                    ],
                    [
                        183,
                        176
                    ],
                    [
                        195,
                        176
                    ],
                    [
                        196,
                        175
                    ],
                    [
                        196,
                        168
                    ]
                ],
                "interior": []
            }
        },
        {
            "id": 159523389,
            "classId": 6551258,
            "objectId": null,
            "description": "",
            "geometryType": "rectangle",
            "labelerLogin": "inbox@datasetninja.com",
            "createdAt": "2024-03-12T15:33:05.850Z",
            "updatedAt": "2024-03-12T15:33:05.850Z",
            "tags": [
                {
                    "id": 121983503,
                    "tagId": 32511,
                    "name": "object id",
                    "value": 1010,
                    "labelerLogin": "inbox@datasetninja.com",
                    "createdAt": "2024-03-12T15:33:05.849Z",
                    "updatedAt": "2024-03-12T15:33:05.849Z"
                },
                {
                    "id": 121983504,
                    "tagId": 32513,
                    "name": "instance id",
                    "value": 10,
                    "labelerLogin": "inbox@datasetninja.com",
                    "createdAt": "2024-03-12T15:33:05.849Z",
                    "updatedAt": "2024-03-12T15:33:05.849Z"
                }
            ],
            "classTitle": "car",
            "points": {
                "exterior": [
                    [
                        170,
                        168
                    ],
                    [
                        196,
                        176
                    ]
                ],
                "interior": []
            }
        },
        {
            "id": 159523390,
            "classId": 6551258,
            "objectId": null,
            "description": "",
            "geometryType": "polygon",
            "labelerLogin": "inbox@datasetninja.com",
            "createdAt": "2024-03-12T15:33:05.850Z",
            "updatedAt": "2024-03-12T15:33:05.850Z",
            "tags": [
                {
                    "id": 121983505,
                    "tagId": 32511,
                    "name": "object id",
                    "value": 1031,
                    "labelerLogin": "inbox@datasetninja.com",
                    "createdAt": "2024-03-12T15:33:05.850Z",
                    "updatedAt": "2024-03-12T15:33:05.850Z"
                },
                {
                    "id": 121983506,
                    "tagId": 32513,
                    "name": "instance id",
                    "value": 31,
                    "labelerLogin": "inbox@datasetninja.com",
                    "createdAt": "2024-03-12T15:33:05.850Z",
                    "updatedAt": "2024-03-12T15:33:05.850Z"
                }
            ],
            "classTitle": "car",
            "points": {
                "exterior": [
                    [
                        593,
                        172
                    ],
                    [
                        592,
                        173
                    ],
                    [
                        585,
                        173
                    ],
                    [
                        584,
                        174
                    ],
                    [
                        583,
                        174
                    ],
                    [
                        582,
                        175
                    ],
                    [
                        581,
                        175
                    ],
                    [
                        579,
                        177
                    ],
                    [
                        579,
                        178
                    ],
                    [
                        578,
                        179
                    ],
                    [
                        578,
                        180
                    ],
                    [
                        577,
                        181
                    ],
                    [
                        577,
                        183
                    ],
                    [
                        575,
                        185
                    ],
                    [
                        575,
                        187
                    ],
                    [
                        574,
                        188
                    ],
                    [
                        574,
                        203
                    ],
                    [
                        573,
                        204
                    ],
                    [
                        573,
                        212
                    ],
                    [
                        574,
                        213
                    ],
                    [
                        574,
                        215
                    ],
                    [
                        573,
                        216
                    ],
                    [
                        573,
                        217
                    ],
                    [
                        574,
                        218
                    ],
                    [
                        574,
                        225
                    ],
                    [
                        575,
                        226
                    ],
                    [
                        575,
                        228
                    ],
                    [
                        576,
                        228
                    ],
                    [
                        577,
                        229
                    ],
                    [
                        578,
                        229
                    ],
                    [
                        580,
                        227
                    ],
                    [
                        580,
                        226
                    ],
                    [
                        581,
                        225
                    ],
                    [
                        581,
                        224
                    ],
                    [
                        584,
                        221
                    ],
                    [
                        589,
                        221
                    ],
                    [
                        590,
                        222
                    ],
                    [
                        596,
                        222
                    ],
                    [
                        597,
                        221
                    ],
                    [
                        608,
                        221
                    ],
                    [
                        609,
                        222
                    ],
                    [
                        622,
                        222
                    ],
                    [
                        624,
                        224
                    ],
                    [
                        624,
                        225
                    ],
                    [
                        625,
                        226
                    ],
                    [
                        625,
                        228
                    ],
                    [
                        630,
                        228
                    ],
                    [
                        630,
                        227
                    ],
                    [
                        631,
                        226
                    ],
                    [
                        631,
                        200
                    ],
                    [
                        630,
                        199
                    ],
                    [
                        630,
                        195
                    ],
                    [
                        631,
                        194
                    ],
                    [
                        631,
                        187
                    ],
                    [
                        627,
                        183
                    ],
                    [
                        627,
                        181
                    ],
                    [
                        624,
                        178
                    ],
                    [
                        624,
                        177
                    ],
                    [
                        620,
                        173
                    ],
                    [
                        599,
                        173
                    ],
                    [
                        598,
                        172
                    ]
                ],
                "interior": []
            }
        },
        {
            "id": 159523391,
            "classId": 6551258,
            "objectId": null,
            "description": "",
            "geometryType": "rectangle",
            "labelerLogin": "inbox@datasetninja.com",
            "createdAt": "2024-03-12T15:33:05.852Z",
            "updatedAt": "2024-03-12T15:33:05.852Z",
            "tags": [
                {
                    "id": 121983507,
                    "tagId": 32511,
                    "name": "object id",
                    "value": 1031,
                    "labelerLogin": "inbox@datasetninja.com",
                    "createdAt": "2024-03-12T15:33:05.852Z",
                    "updatedAt": "2024-03-12T15:33:05.852Z"
                },
                {
                    "id": 121983508,
                    "tagId": 32513,
                    "name": "instance id",
                    "value": 31,
                    "labelerLogin": "inbox@datasetninja.com",
                    "createdAt": "2024-03-12T15:33:05.852Z",
                    "updatedAt": "2024-03-12T15:33:05.852Z"
                }
            ],
            "classTitle": "car",
            "points": {
                "exterior": [
                    [
                        573,
                        172
                    ],
                    [
                        631,
                        229
                    ]
                ],
                "interior": []
            }
        },
        {
            "id": 159523392,
            "classId": 6551259,
            "objectId": null,
            "description": "",
            "geometryType": "polygon",
            "labelerLogin": "inbox@datasetninja.com",
            "createdAt": "2024-03-12T15:33:05.852Z",
            "updatedAt": "2024-03-12T15:33:05.852Z",
            "tags": [],
            "classTitle": "ignore region",
            "points": {
                "exterior": [
                    [
                        759,
                        173
                    ],
                    [
                        759,
                        198
                    ],
                    [
                        769,
                        198
                    ],
                    [
                        769,
                        173
                    ]
                ],
                "interior": []
            }
        },
        {
            "id": 159523393,
            "classId": 6551259,
            "objectId": null,
            "description": "",
            "geometryType": "rectangle",
            "labelerLogin": "inbox@datasetninja.com",
            "createdAt": "2024-03-12T15:33:05.853Z",
            "updatedAt": "2024-03-12T15:33:05.853Z",
            "tags": [],
            "classTitle": "ignore region",
            "points": {
                "exterior": [
                    [
                        759,
                        173
                    ],
                    [
                        769,
                        198
                    ]
                ],
                "interior": []
            }
        },
        {
            "id": 159523394,
            "classId": 6551259,
            "objectId": null,
            "description": "",
            "geometryType": "polygon",
            "labelerLogin": "inbox@datasetninja.com",
            "createdAt": "2024-03-12T15:33:05.853Z",
            "updatedAt": "2024-03-12T15:33:05.853Z",
            "tags": [],
            "classTitle": "ignore region",
            "points": {
                "exterior": [
                    [
                        408,
                        170
                    ],
                    [
                        408,
                        185
                    ],
                    [
                        450,
                        185
                    ],
                    [
                        450,
                        170
                    ]
                ],
                "interior": []
            }
        },
        {
            "id": 159523395,
            "classId": 6551259,
            "objectId": null,
            "description": "",
            "geometryType": "rectangle",
            "labelerLogin": "inbox@datasetninja.com",
            "createdAt": "2024-03-12T15:33:05.853Z",
            "updatedAt": "2024-03-12T15:33:05.853Z",
            "tags": [],
            "classTitle": "ignore region",
            "points": {
                "exterior": [
                    [
                        408,
                        170
                    ],
                    [
                        450,
                        185
                    ]
                ],
                "interior": []
            }
        },
        {
            "id": 159523396,
            "classId": 6551259,
            "objectId": null,
            "description": "",
            "geometryType": "polygon",
            "labelerLogin": "inbox@datasetninja.com",
            "createdAt": "2024-03-12T15:33:05.854Z",
            "updatedAt": "2024-03-12T15:33:05.854Z",
            "tags": [],
            "classTitle": "ignore region",
            "points": {
                "exterior": [
                    [
                        479,
                        168
                    ],
                    [
                        479,
                        179
                    ],
                    [
                        511,
                        179
                    ],
                    [
                        511,
                        168
                    ]
                ],
                "interior": []
            }
        },
        {
            "id": 159523397,
            "classId": 6551259,
            "objectId": null,
            "description": "",
            "geometryType": "rectangle",
            "labelerLogin": "inbox@datasetninja.com",
            "createdAt": "2024-03-12T15:33:05.854Z",
            "updatedAt": "2024-03-12T15:33:05.854Z",
            "tags": [],
            "classTitle": "ignore region",
            "points": {
                "exterior": [
                    [
                        479,
                        168
                    ],
                    [
                        511,
                        179
                    ]
                ],
                "interior": []
            }
        },
        {
            "id": 159523398,
            "classId": 6551259,
            "objectId": null,
            "description": "",
            "geometryType": "polygon",
            "labelerLogin": "inbox@datasetninja.com",
            "createdAt": "2024-03-12T15:33:05.854Z",
            "updatedAt": "2024-03-12T15:33:05.854Z",
            "tags": [],
            "classTitle": "ignore region",
            "points": {
                "exterior": [
                    [
                        213,
                        167
                    ],
                    [
                        213,
                        173
                    ],
                    [
                        215,
                        175
                    ],
                    [
                        216,
                        175
                    ],
                    [
                        217,
                        176
                    ],
                    [
                        218,
                        176
                    ],
                    [
                        219,
                        177
                    ],
                    [
                        220,
                        177
                    ],
                    [
                        221,
                        178
                    ],
                    [
                        222,
                        178
                    ],
                    [
                        226,
                        182
                    ],
                    [
                        226,
                        189
                    ],
                    [
                        225,
                        190
                    ],
                    [
                        224,
                        190
                    ],
                    [
                        223,
                        191
                    ],
                    [
                        218,
                        191
                    ],
                    [
                        243,
                        191
                    ],
                    [
                        243,
                        167
                    ]
                ],
                "interior": []
            }
        },
        {
            "id": 159523399,
            "classId": 6551259,
            "objectId": null,
            "description": "",
            "geometryType": "rectangle",
            "labelerLogin": "inbox@datasetninja.com",
            "createdAt": "2024-03-12T15:33:05.855Z",
            "updatedAt": "2024-03-12T15:33:05.855Z",
            "tags": [],
            "classTitle": "ignore region",
            "points": {
                "exterior": [
                    [
                        213,
                        167
                    ],
                    [
                        243,
                        191
                    ]
                ],
                "interior": []
            }
        },
        {
            "id": 159523400,
            "classId": 6551259,
            "objectId": null,
            "description": "",
            "geometryType": "polygon",
            "labelerLogin": "inbox@datasetninja.com",
            "createdAt": "2024-03-12T15:33:05.855Z",
            "updatedAt": "2024-03-12T15:33:05.855Z",
            "tags": [],
            "classTitle": "ignore region",
            "points": {
                "exterior": [
                    [
                        545,
                        166
                    ],
                    [
                        545,
                        181
                    ],
                    [
                        568,
                        181
                    ],
                    [
                        568,
                        166
                    ]
                ],
                "interior": []
            }
        },
        {
            "id": 159523401,
            "classId": 6551259,
            "objectId": null,
            "description": "",
            "geometryType": "rectangle",
            "labelerLogin": "inbox@datasetninja.com",
            "createdAt": "2024-03-12T15:33:05.855Z",
            "updatedAt": "2024-03-12T15:33:05.855Z",
            "tags": [],
            "classTitle": "ignore region",
            "points": {
                "exterior": [
                    [
                        545,
                        166
                    ],
                    [
                        568,
                        181
                    ]
                ],
                "interior": []
            }
        },
        {
            "id": 159523402,
            "classId": 6551259,
            "objectId": null,
            "description": "",
            "geometryType": "polygon",
            "labelerLogin": "inbox@datasetninja.com",
            "createdAt": "2024-03-12T15:33:05.856Z",
            "updatedAt": "2024-03-12T15:33:05.856Z",
            "tags": [],
            "classTitle": "ignore region",
            "points": {
                "exterior": [
                    [
                        252,
                        166
                    ],
                    [
                        252,
                        191
                    ],
                    [
                        281,
                        191
                    ],
                    [
                        281,
                        166
                    ]
                ],
                "interior": []
            }
        },
        {
            "id": 159523403,
            "classId": 6551259,
            "objectId": null,
            "description": "",
            "geometryType": "rectangle",
            "labelerLogin": "inbox@datasetninja.com",
            "createdAt": "2024-03-12T15:33:05.856Z",
            "updatedAt": "2024-03-12T15:33:05.856Z",
            "tags": [],
            "classTitle": "ignore region",
            "points": {
                "exterior": [
                    [
                        252,
                        166
                    ],
                    [
                        281,
                        191
                    ]
                ],
                "interior": []
            }
        }
    ]
}