{
    "description": "",
    "tags": [
        {
            "id": 21885015,
            "tagId": 32512,
            "name": "sequence",
            "value": "0005",
            "labelerLogin": "inbox@datasetninja.com",
            "createdAt": "2024-03-12T15:33:05.858Z",
            "updatedAt": "2024-03-12T15:33:05.858Z"
        }
    ],
    "size": {
        "height": 375,
        "width": 1242
    },
    "objects": [
        {
            "id": 159523508,
            "classId": 6551258,
            "objectId": null,
            "description": "",
            "geometryType": "polygon",
            "labelerLogin": "inbox@datasetninja.com",
            "createdAt": "2024-03-12T15:33:05.859Z",
            "updatedAt": "2024-03-12T15:33:05.859Z",
            "tags": [
                {
                    "id": 121983629,
                    "tagId": 32511,
                    "name": "object id",
                    "value": 1021,
                    "labelerLogin": "inbox@datasetninja.com",
                    "createdAt": "2024-03-12T15:33:05.858Z",
                    "updatedAt": "2024-03-12T15:33:05.858Z"
                },
                {
                    "id": 121983630,
                    "tagId": 32513,
                    "name": "instance id",
                    "value": 21,
                    "labelerLogin": "inbox@datasetninja.com",
                    "createdAt": "2024-03-12T15:33:05.858Z",
                    "updatedAt": "2024-03-12T15:33:05.858Z"
                }
            ],
            "classTitle": "car",
            "points": {
                "exterior": [
                    [
                        451,
                        181
                    ],
                    [
                        450,
                        182
                    ],
                    [
                        430,
                        182
                    ],
                    [
                        429,
                        183
                    ],
                    [
                        427,
                        183
                    ],
                    [
                        425,
                        185
                    ],
                    [
                        424,
                        185
                    ],
                    [
                        423,
                        186
                    ],
                    [
                        422,
                        186
                    ],
                    [
                        421,
                        187
                    ],
                    [
                        420,
                        187
                    ],
                    [
                        419,
                        188
                    ],
                    [
                        418,
                        188
                    ],
                    [
                        412,
                        194
                    ],
                    [
                        411,
                        194
                    ],
                    [
                        409,
                        196
                    ],
                    [
                        409,
                        197
                    ],
                    [
                        407,
                        199
                    ],
                    [
                        407,
                        200
                    ],
                    [
                        406,
                        201
                    ],
                    [
                        405,
                        201
                    ],
                    [
                        400,
                        206
                    ],
                    [
                        399,
                        206
                    ],
                    [
                        399,
                        207
                    ],
                    [
                        398,
                        208
                    ],
                    [
                        398,
                        209
                    ],
                    [
                        392,
                        215
                    ],
                    [
                        392,
                        216
                    ],
                    [
                        391,
                        217
                    ],
                    [
                        391,
                        218
                    ],
                    [
                        390,
                        219
                    ],
                    [
                        390,
                        222
                    ],
                    [
                        389,
                        223
                    ],
                    [
                        389,
                        232
                    ],
                    [
                        388,
                        233
                    ],
                    [
                        388,
                        238
                    ],
                    [
                        389,
                        239
                    ],
                    [
                        389,
                        250
                    ],
                    [
                        390,
                        251
                    ],
                    [
                        390,
                        253
                    ],
                    [
                        391,
                        254
                    ],
                    [
                        391,
                        255
                    ],
                    [
                        393,
                        257
                    ],
                    [
                        397,
                        257
                    ],
                    [
                        398,
                        256
                    ],
                    [
                        399,
                        256
                    ],
                    [
                        400,
                        255
                    ],
                    [
                        401,
                        255
                    ],
                    [
                        402,
                        254
                    ],
                    [
                        403,
                        254
                    ],
                    [
                        404,
                        253
                    ],
                    [
                        444,
                        253
                    ],
                    [
                        445,
                        252
                    ],
                    [
                        452,
                        252
                    ],
                    [
                        453,
                        251
                    ],
                    [
                        461,
                        251
                    ],
                    [
                        466,
                        256
                    ],
                    [
                        468,
                        256
                    ],
                    [
                        469,
                        257
                    ],
                    [
                        470,
                        256
                    ],
                    [
                        472,
                        256
                    ],
                    [
                        474,
                        254
                    ],
                    [
                        474,
                        252
                    ],
                    [
                        475,
                        251
                    ],
                    [
                        475,
                        248
                    ],
                    [
                        476,
                        247
                    ],
                    [
                        476,
                        245
                    ],
                    [
                        477,
                        244
                    ],
                    [
                        478,
                        244
                    ],
                    [
                        479,
                        243
                    ],
                    [
                        482,
                        243
                    ],
                    [
                        483,
                        244
                    ],
                    [
                        485,
                        244
                    ],
                    [
                        486,
                        245
                    ],
                    [
                        491,
                        245
                    ],
                    [
                        493,
                        243
                    ],
                    [
                        493,
                        241
                    ],
                    [
                        494,
                        240
                    ],
                    [
                        494,
                        216
                    ],
                    [
                        493,
                        215
                    ],
                    [
                        493,
                        211
                    ],
                    [
                        492,
                        210
                    ],
                    [
                        492,
                        207
                    ],
                    [
                        491,
                        206
                    ],
                    [
                        491,
                        204
                    ],
                    [
                        490,
                        203
                    ],
                    [
                        490,
                        202
                    ],
                    [
                        489,
                        201
                    ],
                    [
                        489,
                        200
                    ],
                    [
                        488,
                        199
                    ],
                    [
                        488,
                        197
                    ],
                    [
                        486,
                        195
                    ],
                    [
                        486,
                        194
                    ],
                    [
                        485,
                        193
                    ],
                    [
                        485,
                        192
                    ],
                    [
                        484,
                        191
                    ],
                    [
                        484,
                        190
                    ],
                    [
                        478,
                        184
                    ],
                    [
                        476,
                        184
                    ],
                    [
                        475,
                        183
                    ],
                    [
                        474,
                        183
                    ],
                    [
                        473,
                        182
                    ],
                    [
                        455,
                        182
                    ],
                    [
                        454,
                        181
                    ]
                ],
                "interior": []
            }
        },
        {
            "id": 159523509,
            "classId": 6551258,
            "objectId": null,
            "description": "",
            "geometryType": "rectangle",
            "labelerLogin": "inbox@datasetninja.com",
            "createdAt": "2024-03-12T15:33:05.859Z",
            "updatedAt": "2024-03-12T15:33:05.859Z",
            "tags": [
                {
                    "id": 121983631,
                    "tagId": 32511,
                    "name": "object id",
                    "value": 1021,
                    "labelerLogin": "inbox@datasetninja.com",
                    "createdAt": "2024-03-12T15:33:05.859Z",
                    "updatedAt": "2024-03-12T15:33:05.859Z"
                },
                {
                    "id": 121983632,
                    "tagId": 32513,
                    "name": "instance id",
                    "value": 21,
                    "labelerLogin": "inbox@datasetninja.com",
                    "createdAt": "2024-03-12T15:33:05.859Z",
                    "updatedAt": "2024-03-12T15:33:05.859Z"
                }
            ],
            "classTitle": "car",
            "points": {
                "exterior": [
                    [
                        388,
                        181
                    ],
                    [
                        494,
                        257
                    ]
                ],
                "interior": []
            }
        },
        {
            "id": 159523510,
            "classId": 6551258,
            "objectId": null,
            "description": "",
            "geometryType": "polygon",
            "labelerLogin": "inbox@datasetninja.com",
            "createdAt": "2024-03-12T15:33:05.860Z",
            "updatedAt": "2024-03-12T15:33:05.860Z",
            "tags": [
                {
                    "id": 121983633,
                    "tagId": 32511,
                    "name": "object id",
                    "value": 1022,
                    "labelerLogin": "inbox@datasetninja.com",
                    "createdAt": "2024-03-12T15:33:05.860Z",
                    "updatedAt": "2024-03-12T15:33:05.860Z"
                },
                {
                    "id": 121983634,
                    "tagId": 32513,
                    "name": "instance id",
                    "value": 22,
                    "labelerLogin": "inbox@datasetninja.com",
                    "createdAt": "2024-03-12T15:33:05.860Z",
                    "updatedAt": "2024-03-12T15:33:05.860Z"
                }
            ],
            "classTitle": "car",
            "points": {
                "exterior": [
                    [
                        202,
                        175
                    ],
                    [
                        201,
                        176
                    ],
                    [
                        189,
                        176
                    ],
                    [
                        188,
                        177
                    ],
                    [
                        186,
                        177
                    ],
                    [
                        185,
                        178
                    ],
                    [
                        184,
                        178
                    ],
                    [
                        183,
                        179
                    ],
                    [
                        182,
                        179
                    ],
                    [
                        177,
                        184
                    ],
                    [
                        176,
                        184
                    ],
                    [
                        174,
                        186
                    ],
                    [
                        173,
                        186
                    ],
                    [
                        173,
                        187
                    ],
                    [
                        170,
                        190
                    ],
                    [
                        168,
                        190
                    ],
                    [
                        167,
                        191
                    ],
                    [
                        166,
                        191
                    ],
                    [
                        163,
                        194
                    ],
                    [
                        162,
                        194
                    ],
                    [
                        161,
                        195
                    ],
                    [
                        161,
                        197
                    ],
                    [
                        160,
                        198
                    ],
                    [
                        160,
                        205
                    ],
                    [
                        161,
                        206
                    ],
                    [
                        161,
                        207
                    ],
                    [
                        162,
                        208
                    ],
                    [
                        164,
                        208
                    ],
                    [
                        165,
                        209
                    ],
                    [
                        168,
                        209
                    ],
                    [
                        169,
                        210
                    ],
                    [
                        172,
                        210
                    ],
                    [
                        173,
                        211
                    ],
                    [
                        185,
                        211
                    ],
                    [
                        186,
                        210
                    ],
                    [
                        190,
                        210
                    ],
                    [
                        191,
                        211
                    ],
                    [
                        192,
                        211
                    ],
                    [
                        193,
                        212
                    ],
                    [
                        194,
                        212
                    ],
                    [
                        195,
                        213
                    ],
                    [
                        200,
                        213
                    ],
                    [
                        204,
                        209
                    ],
                    [
                        214,
                        209
                    ],
                    [
                        215,
                        208
                    ],
                    [
                        223,
                        208
                    ],
                    [
                        225,
                        210
                    ],
                    [
                        227,
                        210
                    ],
                    [
                        228,
                        211
                    ],
                    [
                        229,
                        210
                    ],
                    [
                        230,
                        210
                    ],
                    [
                        230,
                        209
                    ],
                    [
                        231,
                        208
                    ],
                    [
                        231,
                        207
                    ],
                    [
                        232,
                        206
                    ],
                    [
                        232,
                        205
                    ],
                    [
                        233,
                        204
                    ],
                    [
                        233,
                        198
                    ],
                    [
                        234,
                        197
                    ],
                    [
                        234,
                        188
                    ],
                    [
                        233,
                        187
                    ],
                    [
                        233,
                        182
                    ],
                    [
                        232,
                        181
                    ],
                    [
                        232,
                        180
                    ],
                    [
                        230,
                        178
                    ],
                    [
                        229,
                        178
                    ],
                    [
                        227,
                        176
                    ],
                    [
                        217,
                        176
                    ],
                    [
                        216,
                        175
                    ]
                ],
                "interior": []
            }
        },
        {
            "id": 159523511,
            "classId": 6551258,
            "objectId": null,
            "description": "",
            "geometryType": "rectangle",
            "labelerLogin": "inbox@datasetninja.com",
            "createdAt": "2024-03-12T15:33:05.862Z",
            "updatedAt": "2024-03-12T15:33:05.862Z",
            "tags": [
                {
                    "id": 121983635,
                    "tagId": 32511,
                    "name": "object id",
                    "value": 1022,
                    "labelerLogin": "inbox@datasetninja.com",
                    "createdAt": "2024-03-12T15:33:05.862Z",
                    "updatedAt": "2024-03-12T15:33:05.862Z"
                },
                {
                    "id": 121983636,
                    "tagId": 32513,
                    "name": "instance id",
                    "value": 22,
                    "labelerLogin": "inbox@datasetninja.com",
                    "createdAt": "2024-03-12T15:33:05.862Z",
                    "updatedAt": "2024-03-12T15:33:05.862Z"
                }
            ],
            "classTitle": "car",
            "points": {
                "exterior": [
                    [
                        160,
                        175
                    ],
                    [
                        234,
                        213
                    ]
                ],
                "interior": []
            }
        },
        {
            "id": 159523512,
            "classId": 6551258,
            "objectId": null,
            "description": "",
            "geometryType": "polygon",
            "labelerLogin": "inbox@datasetninja.com",
            "createdAt": "2024-03-12T15:33:05.863Z",
            "updatedAt": "2024-03-12T15:33:05.863Z",
            "tags": [
                {
                    "id": 121983637,
                    "tagId": 32511,
                    "name": "object id",
                    "value": 1025,
                    "labelerLogin": "inbox@datasetninja.com",
                    "createdAt": "2024-03-12T15:33:05.863Z",
                    "updatedAt": "2024-03-12T15:33:05.863Z"
                },
                {
                    "id": 121983638,
                    "tagId": 32513,
                    "name": "instance id",
                    "value": 25,
                    "labelerLogin": "inbox@datasetninja.com",
                    "createdAt": "2024-03-12T15:33:05.863Z",
                    "updatedAt": "2024-03-12T15:33:05.863Z"
                }
            ],
            "classTitle": "car",
            "points": {
                "exterior": [
                    [
                        411,
                        180
                    ],
                    [
                        408,
                        183
                    ],
                    [
                        408,
                        185
                    ],
                    [
                        407,
                        186
                    ],
                    [
                        407,
                        188
                    ],
                    [
                        406,
                        189
                    ],
                    [
                        406,
                        193
                    ],
                    [
                        407,
                        194
                    ],
                    [
                        409,
                        194
                    ],
                    [
                        410,
                        193
                    ],
                    [
                        411,
                        193
                    ],
                    [
                        412,
                        192
                    ],
                    [
                        413,
                        192
                    ],
                    [
                        418,
                        187
                    ],
                    [
                        419,
                        187
                    ],
                    [
                        420,
                        186
                    ],
                    [
                        421,
                        186
                    ],
                    [
                        422,
                        185
                    ],
                    [
                        423,
                        185
                    ],
                    [
                        424,
                        184
                    ],
                    [
                        425,
                        184
                    ],
                    [
                        426,
                        183
                    ],
                    [
                        423,
                        180
                    ]
                ],
                "interior": []
            }
        },
        {
            "id": 159523513,
            "classId": 6551258,
            "objectId": null,
            "description": "",
            "geometryType": "rectangle",
            "labelerLogin": "inbox@datasetninja.com",
            "createdAt": "2024-03-12T15:33:05.864Z",
            "updatedAt": "2024-03-12T15:33:05.864Z",
            "tags": [
                {
                    "id": 121983639,
                    "tagId": 32511,
                    "name": "object id",
                    "value": 1025,
                    "labelerLogin": "inbox@datasetninja.com",
                    "createdAt": "2024-03-12T15:33:05.864Z",
                    "updatedAt": "2024-03-12T15:33:05.864Z"
                },
                {
                    "id": 121983640,
                    "tagId": 32513,
                    "name": "instance id",
                    "value": 25,
                    "labelerLogin": "inbox@datasetninja.com",
                    "createdAt": "2024-03-12T15:33:05.864Z",
                    "updatedAt": "2024-03-12T15:33:05.864Z"
                }
            ],
            "classTitle": "car",
            "points": {
                "exterior": [
                    [
                        406,
                        180
                    ],
                    [
                        426,
                        194
                    ]
                ],
                "interior": []
            }
        },
        {
            "id": 159523514,
            "classId": 6551258,
            "objectId": null,
            "description": "",
            "geometryType": "polygon",
            "labelerLogin": "inbox@datasetninja.com",
            "createdAt": "2024-03-12T15:33:05.865Z",
            "updatedAt": "2024-03-12T15:33:05.865Z",
            "tags": [
                {
                    "id": 121983641,
                    "tagId": 32511,
                    "name": "object id",
                    "value": 1031,
                    "labelerLogin": "inbox@datasetninja.com",
                    "createdAt": "2024-03-12T15:33:05.864Z",
                    "updatedAt": "2024-03-12T15:33:05.864Z"
                },
                {
                    "id": 121983642,
                    "tagId": 32513,
                    "name": "instance id",
                    "value": 31,
                    "labelerLogin": "inbox@datasetninja.com",
                    "createdAt": "2024-03-12T15:33:05.864Z",
                    "updatedAt": "2024-03-12T15:33:05.864Z"
                }
            ],
            "classTitle": "car",
            "points": {
                "exterior": [
                    [
                        593,
                        178
                    ],
                    [
                        592,
                        179
                    ],
                    [
                        590,
                        179
                    ],
                    [
                        588,
                        181
                    ],
                    [
                        588,
                        182
                    ],
                    [
                        587,
                        183
                    ],
                    [
                        587,
                        184
                    ],
                    [
                        586,
                        185
                    ],
                    [
                        586,
                        186
                    ],
                    [
                        585,
                        187
                    ],
                    [
                        585,
                        188
                    ],
                    [
                        584,
                        189
                    ],
                    [
                        584,
                        210
                    ],
                    [
                        586,
                        212
                    ],
                    [
                        588,
                        212
                    ],
                    [
                        589,
                        211
                    ],
                    [
                        590,
                        211
                    ],
                    [
                        591,
                        210
                    ],
                    [
                        615,
                        210
                    ],
                    [
                        617,
                        212
                    ],
                    [
                        617,
                        213
                    ],
                    [
                        618,
                        213
                    ],
                    [
                        619,
                        214
                    ],
                    [
                        620,
                        214
                    ],
                    [
                        622,
                        212
                    ],
                    [
                        622,
                        206
                    ],
                    [
                        623,
                        205
                    ],
                    [
                        623,
                        197
                    ],
                    [
                        622,
                        196
                    ],
                    [
                        622,
                        191
                    ],
                    [
                        623,
                        190
                    ],
                    [
                        623,
                        188
                    ],
                    [
                        622,
                        187
                    ],
                    [
                        622,
                        185
                    ],
                    [
                        619,
                        182
                    ],
                    [
                        619,
                        181
                    ],
                    [
                        617,
                        179
                    ],
                    [
                        615,
                        179
                    ],
                    [
                        614,
                        178
                    ]
                ],
                "interior": []
            }
        },
        {
            "id": 159523515,
            "classId": 6551258,
            "objectId": null,
            "description": "",
            "geometryType": "rectangle",
            "labelerLogin": "inbox@datasetninja.com",
            "createdAt": "2024-03-12T15:33:05.866Z",
            "updatedAt": "2024-03-12T15:33:05.866Z",
            "tags": [
                {
                    "id": 121983643,
                    "tagId": 32511,
                    "name": "object id",
                    "value": 1031,
                    "labelerLogin": "inbox@datasetninja.com",
                    "createdAt": "2024-03-12T15:33:05.866Z",
                    "updatedAt": "2024-03-12T15:33:05.866Z"
                },
                {
                    "id": 121983644,
                    "tagId": 32513,
                    "name": "instance id",
                    "value": 31,
                    "labelerLogin": "inbox@datasetninja.com",
                    "createdAt": "2024-03-12T15:33:05.866Z",
                    "updatedAt": "2024-03-12T15:33:05.866Z"
                }
            ],
            "classTitle": "car",
            "points": {
                "exterior": [
                    [
                        584,
                        178
                    ],
                    [
                        623,
                        214
                    ]
                ],
                "interior": []
            }
        },
        {
            "id": 159523516,
            "classId": 6551259,
            "objectId": null,
            "description": "",
            "geometryType": "polygon",
            "labelerLogin": "inbox@datasetninja.com",
            "createdAt": "2024-03-12T15:33:05.867Z",
            "updatedAt": "2024-03-12T15:33:05.867Z",
            "tags": [],
            "classTitle": "ignore region",
            "points": {
                "exterior": [
                    [
                        447,
                        176
                    ],
                    [
                        447,
                        180
                    ],
                    [
                        462,
                        180
                    ],
                    [
                        462,
                        176
                    ]
                ],
                "interior": []
            }
        },
        {
            "id": 159523517,
            "classId": 6551259,
            "objectId": null,
            "description": "",
            "geometryType": "rectangle",
            "labelerLogin": "inbox@datasetninja.com",
            "createdAt": "2024-03-12T15:33:05.868Z",
            "updatedAt": "2024-03-12T15:33:05.868Z",
            "tags": [],
            "classTitle": "ignore region",
            "points": {
                "exterior": [
                    [
                        447,
                        176
                    ],
                    [
                        462,
                        180
                    ]
                ],
                "interior": []
            }
        },
        {
            "id": 159523518,
            "classId": 6551259,
            "objectId": null,
            "description": "",
            "geometryType": "polygon",
            "labelerLogin": "inbox@datasetninja.com",
            "createdAt": "2024-03-12T15:33:05.869Z",
            "updatedAt": "2024-03-12T15:33:05.869Z",
            "tags": [],
            "classTitle": "ignore region",
            "points": {
                "exterior": [
                    [
                        532,
                        153
                    ],
                    [
                        532,
                        202
                    ],
                    [
                        572,
                        202
                    ],
                    [
                        572,
                        194
                    ],
                    [
                        573,
                        193
                    ],
                    [
                        583,
                        193
                    ],
                    [
                        583,
                        189
                    ],
                    [
                        584,
                        188
                    ],
                    [
                        584,
                        187
                    ],
                    [
                        585,
                        186
                    ],
                    [
                        585,
                        179
                    ],
                    [
                        573,
                        179
                    ],
                    [
                        572,
                        178
                    ],
                    [
                        572,
                        153
                    ]
                ],
                "interior": []
            }
        },
        {
            "id": 159523519,
            "classId": 6551259,
            "objectId": null,
            "description": "",
            "geometryType": "rectangle",
            "labelerLogin": "inbox@datasetninja.com",
            "createdAt": "2024-03-12T15:33:05.870Z",
            "updatedAt": "2024-03-12T15:33:05.870Z",
            "tags": [],
            "classTitle": "ignore region",
            "points": {
                "exterior": [
                    [
                        532,
                        153
                    ],
                    [
                        585,
                        202
                    ]
                ],
                "interior": []
            }
        }
    ]
}