{
    "description": "",
    "tags": [
        {
            "id": 21885242,
            "tagId": 32512,
            "name": "sequence",
            "value": "0005",
            "labelerLogin": "inbox@datasetninja.com",
            "createdAt": "2024-03-12T15:33:39.384Z",
            "updatedAt": "2024-03-12T15:33:39.384Z"
        }
    ],
    "size": {
        "height": 375,
        "width": 1242
    },
    "objects": [
        {
            "id": 159527494,
            "classId": 6551258,
            "objectId": null,
            "description": "",
            "geometryType": "polygon",
            "labelerLogin": "inbox@datasetninja.com",
            "createdAt": "2024-03-12T15:33:39.384Z",
            "updatedAt": "2024-03-12T15:33:39.384Z",
            "tags": [
                {
                    "id": 121988005,
                    "tagId": 32511,
                    "name": "object id",
                    "value": 1024,
                    "labelerLogin": "inbox@datasetninja.com",
                    "createdAt": "2024-03-12T15:33:39.384Z",
                    "updatedAt": "2024-03-12T15:33:39.384Z"
                },
                {
                    "id": 121988006,
                    "tagId": 32513,
                    "name": "instance id",
                    "value": 24,
                    "labelerLogin": "inbox@datasetninja.com",
                    "createdAt": "2024-03-12T15:33:39.384Z",
                    "updatedAt": "2024-03-12T15:33:39.384Z"
                }
            ],
            "classTitle": "car",
            "points": {
                "exterior": [
                    [
                        521,
                        179
                    ],
                    [
                        520,
                        180
                    ],
                    [
                        514,
                        180
                    ],
                    [
                        510,
                        184
                    ],
                    [
                        510,
                        185
                    ],
                    [
                        508,
                        187
                    ],
                    [
                        508,
                        188
                    ],
                    [
                        505,
                        191
                    ],
                    [
                        505,
                        193
                    ],
                    [
                        503,
                        195
                    ],
                    [
                        503,
                        197
                    ],
                    [
                        502,
                        198
                    ],
                    [
                        502,
                        199
                    ],
                    [
                        501,
                        200
                    ],
                    [
                        501,
                        210
                    ],
                    [
                        503,
                        212
                    ],
                    [
                        504,
                        212
                    ],
                    [
                        505,
                        211
                    ],
                    [
                        506,
                        211
                    ],
                    [
                        507,
                        212
                    ],
                    [
                        515,
                        212
                    ],
                    [
                        516,
                        213
                    ],
                    [
                        524,
                        213
                    ],
                    [
                        525,
                        212
                    ],
                    [
                        535,
                        212
                    ],
                    [
                        536,
                        211
                    ],
                    [
                        537,
                        211
                    ],
                    [
                        538,
                        212
                    ],
                    [
                        539,
                        211
                    ],
                    [
                        542,
                        211
                    ],
                    [
                        543,
                        210
                    ],
                    [
                        544,
                        211
                    ],
                    [
                        546,
                        211
                    ],
                    [
                        547,
                        210
                    ],
                    [
                        548,
                        210
                    ],
                    [
                        548,
                        200
                    ],
                    [
                        546,
                        198
                    ],
                    [
                        546,
                        197
                    ],
                    [
                        545,
                        196
                    ],
                    [
                        545,
                        193
                    ],
                    [
                        544,
                        192
                    ],
                    [
                        544,
                        190
                    ],
                    [
                        542,
                        188
                    ],
                    [
                        542,
                        187
                    ],
                    [
                        541,
                        186
                    ],
                    [
                        541,
                        185
                    ],
                    [
                        539,
                        183
                    ],
                    [
                        539,
                        182
                    ],
                    [
                        538,
                        182
                    ],
                    [
                        537,
                        181
                    ],
                    [
                        536,
                        181
                    ],
                    [
                        535,
                        180
                    ],
                    [
                        532,
                        180
                    ],
                    [
                        531,
                        179
                    ],
                    [
                        530,
                        179
                    ],
                    [
                        529,
                        180
                    ],
                    [
                        525,
                        180
                    ],
                    [
                        524,
                        179
                    ]
                ],
                "interior": []
            }
        },
        {
            "id": 159527495,
            "classId": 6551258,
            "objectId": null,
            "description": "",
            "geometryType": "rectangle",
            "labelerLogin": "inbox@datasetninja.com",
            "createdAt": "2024-03-12T15:33:39.385Z",
            "updatedAt": "2024-03-12T15:33:39.385Z",
            "tags": [
                {
                    "id": 121988007,
                    "tagId": 32511,
                    "name": "object id",
                    "value": 1024,
                    "labelerLogin": "inbox@datasetninja.com",
                    "createdAt": "2024-03-12T15:33:39.385Z",
                    "updatedAt": "2024-03-12T15:33:39.385Z"
                },
                {
                    "id": 121988008,
                    "tagId": 32513,
                    "name": "instance id",
                    "value": 24,
                    "labelerLogin": "inbox@datasetninja.com",
                    "createdAt": "2024-03-12T15:33:39.385Z",
                    "updatedAt": "2024-03-12T15:33:39.385Z"
                }
            ],
            "classTitle": "car",
            "points": {
                "exterior": [
                    [
                        501,
                        179
                    ],
                    [
                        548,
                        213
                    ]
                ],
                "interior": []
            }
        },
        {
            "id": 159527496,
            "classId": 6551258,
            "objectId": null,
            "description": "",
            "geometryType": "polygon",
            "labelerLogin": "inbox@datasetninja.com",
            "createdAt": "2024-03-12T15:33:39.385Z",
            "updatedAt": "2024-03-12T15:33:39.385Z",
            "tags": [
                {
                    "id": 121988009,
                    "tagId": 32511,
                    "name": "object id",
                    "value": 1025,
                    "labelerLogin": "inbox@datasetninja.com",
                    "createdAt": "2024-03-12T15:33:39.385Z",
                    "updatedAt": "2024-03-12T15:33:39.385Z"
                },
                {
                    "id": 121988010,
                    "tagId": 32513,
                    "name": "instance id",
                    "value": 25,
                    "labelerLogin": "inbox@datasetninja.com",
                    "createdAt": "2024-03-12T15:33:39.385Z",
                    "updatedAt": "2024-03-12T15:33:39.385Z"
                }
            ],
            "classTitle": "car",
            "points": {
                "exterior": [
                    [
                        298,
                        182
                    ],
                    [
                        297,
                        183
                    ],
                    [
                        294,
                        183
                    ],
                    [
                        293,
                        184
                    ],
                    [
                        292,
                        184
                    ],
                    [
                        291,
                        185
                    ],
                    [
                        290,
                        185
                    ],
                    [
                        289,
                        186
                    ],
                    [
                        289,
                        187
                    ],
                    [
                        287,
                        189
                    ],
                    [
                        287,
                        190
                    ],
                    [
                        286,
                        191
                    ],
                    [
                        286,
                        194
                    ],
                    [
                        285,
                        195
                    ],
                    [
                        285,
                        201
                    ],
                    [
                        286,
                        202
                    ],
                    [
                        286,
                        203
                    ],
                    [
                        287,
                        204
                    ],
                    [
                        295,
                        204
                    ],
                    [
                        296,
                        203
                    ],
                    [
                        303,
                        203
                    ],
                    [
                        304,
                        204
                    ],
                    [
                        309,
                        204
                    ],
                    [
                        310,
                        205
                    ],
                    [
                        312,
                        205
                    ],
                    [
                        313,
                        204
                    ],
                    [
                        315,
                        204
                    ],
                    [
                        316,
                        203
                    ],
                    [
                        318,
                        203
                    ],
                    [
                        319,
                        202
                    ],
                    [
                        320,
                        202
                    ],
                    [
                        321,
                        203
                    ],
                    [
                        323,
                        203
                    ],
                    [
                        324,
                        204
                    ],
                    [
                        326,
                        204
                    ],
                    [
                        327,
                        203
                    ],
                    [
                        328,
                        203
                    ],
                    [
                        328,
                        200
                    ],
                    [
                        329,
                        199
                    ],
                    [
                        329,
                        195
                    ],
                    [
                        328,
                        194
                    ],
                    [
                        328,
                        193
                    ],
                    [
                        323,
                        188
                    ],
                    [
                        322,
                        188
                    ],
                    [
                        318,
                        184
                    ],
                    [
                        317,
                        184
                    ],
                    [
                        316,
                        183
                    ],
                    [
                        314,
                        183
                    ],
                    [
                        313,
                        182
                    ]
                ],
                "interior": []
            }
        },
        {
            "id": 159527497,
            "classId": 6551258,
            "objectId": null,
            "description": "",
            "geometryType": "rectangle",
            "labelerLogin": "inbox@datasetninja.com",
            "createdAt": "2024-03-12T15:33:39.386Z",
            "updatedAt": "2024-03-12T15:33:39.386Z",
            "tags": [
                {
                    "id": 121988011,
                    "tagId": 32511,
                    "name": "object id",
                    "value": 1025,
                    "labelerLogin": "inbox@datasetninja.com",
                    "createdAt": "2024-03-12T15:33:39.385Z",
                    "updatedAt": "2024-03-12T15:33:39.385Z"
                },
                {
                    "id": 121988012,
                    "tagId": 32513,
                    "name": "instance id",
                    "value": 25,
                    "labelerLogin": "inbox@datasetninja.com",
                    "createdAt": "2024-03-12T15:33:39.385Z",
                    "updatedAt": "2024-03-12T15:33:39.385Z"
                }
            ],
            "classTitle": "car",
            "points": {
                "exterior": [
                    [
                        285,
                        182
                    ],
                    [
                        329,
                        205
                    ]
                ],
                "interior": []
            }
        },
        {
            "id": 159527498,
            "classId": 6551258,
            "objectId": null,
            "description": "",
            "geometryType": "polygon",
            "labelerLogin": "inbox@datasetninja.com",
            "createdAt": "2024-03-12T15:33:39.386Z",
            "updatedAt": "2024-03-12T15:33:39.386Z",
            "tags": [
                {
                    "id": 121988013,
                    "tagId": 32511,
                    "name": "object id",
                    "value": 1026,
                    "labelerLogin": "inbox@datasetninja.com",
                    "createdAt": "2024-03-12T15:33:39.386Z",
                    "updatedAt": "2024-03-12T15:33:39.386Z"
                },
                {
                    "id": 121988014,
                    "tagId": 32513,
                    "name": "instance id",
                    "value": 26,
                    "labelerLogin": "inbox@datasetninja.com",
                    "createdAt": "2024-03-12T15:33:39.386Z",
                    "updatedAt": "2024-03-12T15:33:39.386Z"
                }
            ],
            "classTitle": "car",
            "points": {
                "exterior": [
                    [
                        550,
                        178
                    ],
                    [
                        549,
                        179
                    ],
                    [
                        545,
                        179
                    ],
                    [
                        544,
                        180
                    ],
                    [
                        543,
                        180
                    ],
                    [
                        542,
                        181
                    ],
                    [
                        542,
                        186
                    ],
                    [
                        543,
                        187
                    ],
                    [
                        543,
                        188
                    ],
                    [
                        545,
                        190
                    ],
                    [
                        545,
                        192
                    ],
                    [
                        546,
                        193
                    ],
                    [
                        546,
                        196
                    ],
                    [
                        547,
                        197
                    ],
                    [
                        547,
                        198
                    ],
                    [
                        562,
                        198
                    ],
                    [
                        563,
                        197
                    ],
                    [
                        563,
                        188
                    ],
                    [
                        562,
                        187
                    ],
                    [
                        562,
                        184
                    ],
                    [
                        560,
                        182
                    ],
                    [
                        560,
                        181
                    ],
                    [
                        558,
                        179
                    ],
                    [
                        557,
                        179
                    ],
                    [
                        556,
                        178
                    ]
                ],
                "interior": []
            }
        },
        {
            "id": 159527499,
            "classId": 6551258,
            "objectId": null,
            "description": "",
            "geometryType": "rectangle",
            "labelerLogin": "inbox@datasetninja.com",
            "createdAt": "2024-03-12T15:33:39.386Z",
            "updatedAt": "2024-03-12T15:33:39.386Z",
            "tags": [
                {
                    "id": 121988015,
                    "tagId": 32511,
                    "name": "object id",
                    "value": 1026,
                    "labelerLogin": "inbox@datasetninja.com",
                    "createdAt": "2024-03-12T15:33:39.386Z",
                    "updatedAt": "2024-03-12T15:33:39.386Z"
                },
                {
                    "id": 121988016,
                    "tagId": 32513,
                    "name": "instance id",
                    "value": 26,
                    "labelerLogin": "inbox@datasetninja.com",
                    "createdAt": "2024-03-12T15:33:39.386Z",
                    "updatedAt": "2024-03-12T15:33:39.386Z"
                }
            ],
            "classTitle": "car",
            "points": {
                "exterior": [
                    [
                        542,
                        178
                    ],
                    [
                        563,
                        198
                    ]
                ],
                "interior": []
            }
        },
        {
            "id": 159527500,
            "classId": 6551258,
            "objectId": null,
            "description": "",
            "geometryType": "polygon",
            "labelerLogin": "inbox@datasetninja.com",
            "createdAt": "2024-03-12T15:33:39.387Z",
            "updatedAt": "2024-03-12T15:33:39.387Z",
            "tags": [
                {
                    "id": 121988017,
                    "tagId": 32511,
                    "name": "object id",
                    "value": 1027,
                    "labelerLogin": "inbox@datasetninja.com",
                    "createdAt": "2024-03-12T15:33:39.387Z",
                    "updatedAt": "2024-03-12T15:33:39.387Z"
                },
                {
                    "id": 121988018,
                    "tagId": 32513,
                    "name": "instance id",
                    "value": 27,
                    "labelerLogin": "inbox@datasetninja.com",
                    "createdAt": "2024-03-12T15:33:39.387Z",
                    "updatedAt": "2024-03-12T15:33:39.387Z"
                }
            ],
            "classTitle": "car",
            "points": {
                "exterior": [
                    [
                        383,
                        180
                    ],
                    [
                        382,
                        181
                    ],
                    [
                        380,
                        181
                    ],
                    [
                        379,
                        182
                    ],
                    [
                        378,
                        182
                    ],
                    [
                        378,
                        183
                    ],
                    [
                        376,
                        185
                    ],
                    [
                        376,
                        186
                    ],
                    [
                        375,
                        187
                    ],
                    [
                        375,
                        189
                    ],
                    [
                        374,
                        190
                    ],
                    [
                        374,
                        194
                    ],
                    [
                        375,
                        194
                    ],
                    [
                        376,
                        195
                    ],
                    [
                        379,
                        195
                    ],
                    [
                        380,
                        194
                    ],
                    [
                        386,
                        194
                    ],
                    [
                        387,
                        195
                    ],
                    [
                        394,
                        195
                    ],
                    [
                        395,
                        194
                    ],
                    [
                        400,
                        194
                    ],
                    [
                        402,
                        192
                    ],
                    [
                        402,
                        187
                    ],
                    [
                        397,
                        182
                    ],
                    [
                        396,
                        182
                    ],
                    [
                        395,
                        181
                    ],
                    [
                        394,
                        181
                    ],
                    [
                        393,
                        180
                    ]
                ],
                "interior": []
            }
        },
        {
            "id": 159527501,
            "classId": 6551258,
            "objectId": null,
            "description": "",
            "geometryType": "rectangle",
            "labelerLogin": "inbox@datasetninja.com",
            "createdAt": "2024-03-12T15:33:39.388Z",
            "updatedAt": "2024-03-12T15:33:39.388Z",
            "tags": [
                {
                    "id": 121988019,
                    "tagId": 32511,
                    "name": "object id",
                    "value": 1027,
                    "labelerLogin": "inbox@datasetninja.com",
                    "createdAt": "2024-03-12T15:33:39.387Z",
                    "updatedAt": "2024-03-12T15:33:39.387Z"
                },
                {
                    "id": 121988020,
                    "tagId": 32513,
                    "name": "instance id",
                    "value": 27,
                    "labelerLogin": "inbox@datasetninja.com",
                    "createdAt": "2024-03-12T15:33:39.387Z",
                    "updatedAt": "2024-03-12T15:33:39.387Z"
                }
            ],
            "classTitle": "car",
            "points": {
                "exterior": [
                    [
                        374,
                        180
                    ],
                    [
                        402,
                        195
                    ]
                ],
                "interior": []
            }
        },
        {
            "id": 159527502,
            "classId": 6551258,
            "objectId": null,
            "description": "",
            "geometryType": "polygon",
            "labelerLogin": "inbox@datasetninja.com",
            "createdAt": "2024-03-12T15:33:39.388Z",
            "updatedAt": "2024-03-12T15:33:39.388Z",
            "tags": [
                {
                    "id": 121988021,
                    "tagId": 32511,
                    "name": "object id",
                    "value": 1030,
                    "labelerLogin": "inbox@datasetninja.com",
                    "createdAt": "2024-03-12T15:33:39.388Z",
                    "updatedAt": "2024-03-12T15:33:39.388Z"
                },
                {
                    "id": 121988022,
                    "tagId": 32513,
                    "name": "instance id",
                    "value": 30,
                    "labelerLogin": "inbox@datasetninja.com",
                    "createdAt": "2024-03-12T15:33:39.388Z",
                    "updatedAt": "2024-03-12T15:33:39.388Z"
                }
            ],
            "classTitle": "car",
            "points": {
                "exterior": [
                    [
                        561,
                        175
                    ],
                    [
                        560,
                        176
                    ],
                    [
                        559,
                        176
                    ],
                    [
                        558,
                        177
                    ],
                    [
                        558,
                        178
                    ],
                    [
                        561,
                        181
                    ],
                    [
                        561,
                        182
                    ],
                    [
                        563,
                        184
                    ],
                    [
                        563,
                        187
                    ],
                    [
                        564,
                        188
                    ],
                    [
                        564,
                        189
                    ],
                    [
                        568,
                        189
                    ],
                    [
                        569,
                        190
                    ],
                    [
                        572,
                        190
                    ],
                    [
                        573,
                        191
                    ],
                    [
                        575,
                        189
                    ],
                    [
                        575,
                        184
                    ],
                    [
                        574,
                        183
                    ],
                    [
                        574,
                        179
                    ],
                    [
                        570,
                        175
                    ]
                ],
                "interior": []
            }
        },
        {
            "id": 159527503,
            "classId": 6551258,
            "objectId": null,
            "description": "",
            "geometryType": "rectangle",
            "labelerLogin": "inbox@datasetninja.com",
            "createdAt": "2024-03-12T15:33:39.388Z",
            "updatedAt": "2024-03-12T15:33:39.388Z",
            "tags": [
                {
                    "id": 121988023,
                    "tagId": 32511,
                    "name": "object id",
                    "value": 1030,
                    "labelerLogin": "inbox@datasetninja.com",
                    "createdAt": "2024-03-12T15:33:39.388Z",
                    "updatedAt": "2024-03-12T15:33:39.388Z"
                },
                {
                    "id": 121988024,
                    "tagId": 32513,
                    "name": "instance id",
                    "value": 30,
                    "labelerLogin": "inbox@datasetninja.com",
                    "createdAt": "2024-03-12T15:33:39.388Z",
                    "updatedAt": "2024-03-12T15:33:39.388Z"
                }
            ],
            "classTitle": "car",
            "points": {
                "exterior": [
                    [
                        558,
                        175
                    ],
                    [
                        575,
                        191
                    ]
                ],
                "interior": []
            }
        },
        {
            "id": 159527504,
            "classId": 6551258,
            "objectId": null,
            "description": "",
            "geometryType": "polygon",
            "labelerLogin": "inbox@datasetninja.com",
            "createdAt": "2024-03-12T15:33:39.388Z",
            "updatedAt": "2024-03-12T15:33:39.388Z",
            "tags": [
                {
                    "id": 121988025,
                    "tagId": 32511,
                    "name": "object id",
                    "value": 1031,
                    "labelerLogin": "inbox@datasetninja.com",
                    "createdAt": "2024-03-12T15:33:39.388Z",
                    "updatedAt": "2024-03-12T15:33:39.388Z"
                },
                {
                    "id": 121988026,
                    "tagId": 32513,
                    "name": "instance id",
                    "value": 31,
                    "labelerLogin": "inbox@datasetninja.com",
                    "createdAt": "2024-03-12T15:33:39.388Z",
                    "updatedAt": "2024-03-12T15:33:39.388Z"
                }
            ],
            "classTitle": "car",
            "points": {
                "exterior": [
                    [
                        604,
                        175
                    ],
                    [
                        603,
                        176
                    ],
                    [
                        591,
                        176
                    ],
                    [
                        589,
                        178
                    ],
                    [
                        588,
                        178
                    ],
                    [
                        588,
                        180
                    ],
                    [
                        587,
                        181
                    ],
                    [
                        587,
                        182
                    ],
                    [
                        586,
                        183
                    ],
                    [
                        586,
                        185
                    ],
                    [
                        585,
                        186
                    ],
                    [
                        585,
                        207
                    ],
                    [
                        587,
                        209
                    ],
                    [
                        590,
                        209
                    ],
                    [
                        591,
                        208
                    ],
                    [
                        593,
                        208
                    ],
                    [
                        594,
                        207
                    ],
                    [
                        600,
                        207
                    ],
                    [
                        601,
                        208
                    ],
                    [
                        605,
                        208
                    ],
                    [
                        606,
                        207
                    ],
                    [
                        613,
                        207
                    ],
                    [
                        614,
                        208
                    ],
                    [
                        615,
                        208
                    ],
                    [
                        616,
                        209
                    ],
                    [
                        617,
                        209
                    ],
                    [
                        618,
                        210
                    ],
                    [
                        620,
                        210
                    ],
                    [
                        621,
                        209
                    ],
                    [
                        621,
                        203
                    ],
                    [
                        622,
                        202
                    ],
                    [
                        622,
                        193
                    ],
                    [
                        621,
                        192
                    ],
                    [
                        621,
                        189
                    ],
                    [
                        622,
                        188
                    ],
                    [
                        622,
                        184
                    ],
                    [
                        618,
                        180
                    ],
                    [
                        618,
                        179
                    ],
                    [
                        617,
                        178
                    ],
                    [
                        617,
                        177
                    ],
                    [
                        616,
                        176
                    ],
                    [
                        609,
                        176
                    ],
                    [
                        608,
                        175
                    ],
                    [
                        606,
                        175
                    ],
                    [
                        605,
                        176
                    ]
                ],
                "interior": []
            }
        },
        {
            "id": 159527505,
            "classId": 6551258,
            "objectId": null,
            "description": "",
            "geometryType": "rectangle",
            "labelerLogin": "inbox@datasetninja.com",
            "createdAt": "2024-03-12T15:33:39.388Z",
            "updatedAt": "2024-03-12T15:33:39.388Z",
            "tags": [
                {
                    "id": 121988027,
                    "tagId": 32511,
                    "name": "object id",
                    "value": 1031,
                    "labelerLogin": "inbox@datasetninja.com",
                    "createdAt": "2024-03-12T15:33:39.388Z",
                    "updatedAt": "2024-03-12T15:33:39.388Z"
                },
                {
                    "id": 121988028,
                    "tagId": 32513,
                    "name": "instance id",
                    "value": 31,
                    "labelerLogin": "inbox@datasetninja.com",
                    "createdAt": "2024-03-12T15:33:39.388Z",
                    "updatedAt": "2024-03-12T15:33:39.388Z"
                }
            ],
            "classTitle": "car",
            "points": {
                "exterior": [
                    [
                        585,
                        175
                    ],
                    [
                        622,
                        210
                    ]
                ],
                "interior": []
            }
        },
        {
            "id": 159527506,
            "classId": 6551259,
            "objectId": null,
            "description": "",
            "geometryType": "polygon",
            "labelerLogin": "inbox@datasetninja.com",
            "createdAt": "2024-03-12T15:33:39.388Z",
            "updatedAt": "2024-03-12T15:33:39.388Z",
            "tags": [],
            "classTitle": "ignore region",
            "points": {
                "exterior": [
                    [
                        405,
                        178
                    ],
                    [
                        405,
                        200
                    ],
                    [
                        429,
                        200
                    ],
                    [
                        429,
                        178
                    ]
                ],
                "interior": []
            }
        },
        {
            "id": 159527507,
            "classId": 6551259,
            "objectId": null,
            "description": "",
            "geometryType": "rectangle",
            "labelerLogin": "inbox@datasetninja.com",
            "createdAt": "2024-03-12T15:33:39.388Z",
            "updatedAt": "2024-03-12T15:33:39.388Z",
            "tags": [],
            "classTitle": "ignore region",
            "points": {
                "exterior": [
                    [
                        405,
                        178
                    ],
                    [
                        429,
                        200
                    ]
                ],
                "interior": []
            }
        },
        {
            "id": 159527508,
            "classId": 6551259,
            "objectId": null,
            "description": "",
            "geometryType": "polygon",
            "labelerLogin": "inbox@datasetninja.com",
            "createdAt": "2024-03-12T15:33:39.388Z",
            "updatedAt": "2024-03-12T15:33:39.388Z",
            "tags": [],
            "classTitle": "ignore region",
            "points": {
                "exterior": [
                    [
                        573,
                        173
                    ],
                    [
                        573,
                        177
                    ],
                    [
                        575,
                        179
                    ],
                    [
                        575,
                        183
                    ],
                    [
                        576,
                        184
                    ],
                    [
                        576,
                        185
                    ],
                    [
                        585,
                        185
                    ],
                    [
                        585,
                        183
                    ],
                    [
                        586,
                        182
                    ],
                    [
                        586,
                        181
                    ],
                    [
                        587,
                        180
                    ],
                    [
                        587,
                        178
                    ],
                    [
                        588,
                        177
                    ],
                    [
                        589,
                        177
                    ],
                    [
                        589,
                        173
                    ]
                ],
                "interior": []
            }
        },
        {
            "id": 159527509,
            "classId": 6551259,
            "objectId": null,
            "description": "",
            "geometryType": "rectangle",
            "labelerLogin": "inbox@datasetninja.com",
            "createdAt": "2024-03-12T15:33:39.388Z",
            "updatedAt": "2024-03-12T15:33:39.388Z",
            "tags": [],
            "classTitle": "ignore region",
            "points": {
                "exterior": [
                    [
                        573,
                        173
                    ],
                    [
                        589,
                        185
                    ]
                ],
                "interior": []
            }
        },
        {
            "id": 159527510,
            "classId": 6551259,
            "objectId": null,
            "description": "",
            "geometryType": "polygon",
            "labelerLogin": "inbox@datasetninja.com",
            "createdAt": "2024-03-12T15:33:39.388Z",
            "updatedAt": "2024-03-12T15:33:39.388Z",
            "tags": [],
            "classTitle": "ignore region",
            "points": {
                "exterior": [
                    [
                        504,
                        163
                    ],
                    [
                        504,
                        177
                    ],
                    [
                        523,
                        177
                    ],
                    [
                        523,
                        163
                    ]
                ],
                "interior": []
            }
        },
        {
            "id": 159527511,
            "classId": 6551259,
            "objectId": null,
            "description": "",
            "geometryType": "rectangle",
            "labelerLogin": "inbox@datasetninja.com",
            "createdAt": "2024-03-12T15:33:39.389Z",
            "updatedAt": "2024-03-12T15:33:39.389Z",
            "tags": [],
            "classTitle": "ignore region",
            "points": {
                "exterior": [
                    [
                        504,
                        163
                    ],
                    [
                        523,
                        177
                    ]
                ],
                "interior": []
            }
        }
    ]
}