{
    "description": "",
    "tags": [
        {
            "id": 21885003,
            "tagId": 32512,
            "name": "sequence",
            "value": "0005",
            "labelerLogin": "inbox@datasetninja.com",
            "createdAt": "2024-03-12T15:33:05.810Z",
            "updatedAt": "2024-03-12T15:33:05.810Z"
        }
    ],
    "size": {
        "height": 375,
        "width": 1242
    },
    "objects": [
        {
            "id": 159523308,
            "classId": 6551258,
            "objectId": null,
            "description": "",
            "geometryType": "polygon",
            "labelerLogin": "inbox@datasetninja.com",
            "createdAt": "2024-03-12T15:33:05.813Z",
            "updatedAt": "2024-03-12T15:33:05.813Z",
            "tags": [
                {
                    "id": 121983409,
                    "tagId": 32511,
                    "name": "object id",
                    "value": 1021,
                    "labelerLogin": "inbox@datasetninja.com",
                    "createdAt": "2024-03-12T15:33:05.813Z",
                    "updatedAt": "2024-03-12T15:33:05.813Z"
                },
                {
                    "id": 121983410,
                    "tagId": 32513,
                    "name": "instance id",
                    "value": 21,
                    "labelerLogin": "inbox@datasetninja.com",
                    "createdAt": "2024-03-12T15:33:05.813Z",
                    "updatedAt": "2024-03-12T15:33:05.813Z"
                }
            ],
            "classTitle": "car",
            "points": {
                "exterior": [
                    [
                        513,
                        180
                    ],
                    [
                        512,
                        181
                    ],
                    [
                        509,
                        181
                    ],
                    [
                        508,
                        182
                    ],
                    [
                        507,
                        182
                    ],
                    [
                        506,
                        183
                    ],
                    [
                        506,
                        184
                    ],
                    [
                        503,
                        187
                    ],
                    [
                        503,
                        188
                    ],
                    [
                        500,
                        191
                    ],
                    [
                        500,
                        192
                    ],
                    [
                        498,
                        194
                    ],
                    [
                        498,
                        201
                    ],
                    [
                        497,
                        202
                    ],
                    [
                        497,
                        214
                    ],
                    [
                        499,
                        216
                    ],
                    [
                        505,
                        216
                    ],
                    [
                        506,
                        215
                    ],
                    [
                        532,
                        215
                    ],
                    [
                        533,
                        216
                    ],
                    [
                        538,
                        216
                    ],
                    [
                        540,
                        214
                    ],
                    [
                        544,
                        214
                    ],
                    [
                        545,
                        213
                    ],
                    [
                        545,
                        210
                    ],
                    [
                        546,
                        209
                    ],
                    [
                        546,
                        200
                    ],
                    [
                        545,
                        199
                    ],
                    [
                        545,
                        192
                    ],
                    [
                        544,
                        191
                    ],
                    [
                        544,
                        190
                    ],
                    [
                        541,
                        187
                    ],
                    [
                        541,
                        186
                    ],
                    [
                        539,
                        184
                    ],
                    [
                        539,
                        183
                    ],
                    [
                        538,
                        182
                    ],
                    [
                        537,
                        182
                    ],
                    [
                        536,
                        181
                    ],
                    [
                        533,
                        181
                    ],
                    [
                        532,
                        180
                    ]
                ],
                "interior": []
            }
        },
        {
            "id": 159523309,
            "classId": 6551258,
            "objectId": null,
            "description": "",
            "geometryType": "rectangle",
            "labelerLogin": "inbox@datasetninja.com",
            "createdAt": "2024-03-12T15:33:05.815Z",
            "updatedAt": "2024-03-12T15:33:05.815Z",
            "tags": [
                {
                    "id": 121983411,
                    "tagId": 32511,
                    "name": "object id",
                    "value": 1021,
                    "labelerLogin": "inbox@datasetninja.com",
                    "createdAt": "2024-03-12T15:33:05.815Z",
                    "updatedAt": "2024-03-12T15:33:05.815Z"
                },
                {
                    "id": 121983412,
                    "tagId": 32513,
                    "name": "instance id",
                    "value": 21,
                    "labelerLogin": "inbox@datasetninja.com",
                    "createdAt": "2024-03-12T15:33:05.815Z",
                    "updatedAt": "2024-03-12T15:33:05.815Z"
                }
            ],
            "classTitle": "car",
            "points": {
                "exterior": [
                    [
                        497,
                        180
                    ],
                    [
                        546,
                        216
                    ]
                ],
                "interior": []
            }
        },
        {
            "id": 159523310,
            "classId": 6551258,
            "objectId": null,
            "description": "",
            "geometryType": "polygon",
            "labelerLogin": "inbox@datasetninja.com",
            "createdAt": "2024-03-12T15:33:05.816Z",
            "updatedAt": "2024-03-12T15:33:05.816Z",
            "tags": [
                {
                    "id": 121983413,
                    "tagId": 32511,
                    "name": "object id",
                    "value": 1022,
                    "labelerLogin": "inbox@datasetninja.com",
                    "createdAt": "2024-03-12T15:33:05.816Z",
                    "updatedAt": "2024-03-12T15:33:05.816Z"
                },
                {
                    "id": 121983414,
                    "tagId": 32513,
                    "name": "instance id",
                    "value": 22,
                    "labelerLogin": "inbox@datasetninja.com",
                    "createdAt": "2024-03-12T15:33:05.816Z",
                    "updatedAt": "2024-03-12T15:33:05.816Z"
                }
            ],
            "classTitle": "car",
            "points": {
                "exterior": [
                    [
                        271,
                        175
                    ],
                    [
                        270,
                        176
                    ],
                    [
                        260,
                        176
                    ],
                    [
                        259,
                        177
                    ],
                    [
                        258,
                        177
                    ],
                    [
                        254,
                        181
                    ],
                    [
                        253,
                        181
                    ],
                    [
                        250,
                        184
                    ],
                    [
                        250,
                        185
                    ],
                    [
                        248,
                        187
                    ],
                    [
                        247,
                        187
                    ],
                    [
                        246,
                        188
                    ],
                    [
                        245,
                        188
                    ],
                    [
                        245,
                        189
                    ],
                    [
                        243,
                        191
                    ],
                    [
                        243,
                        192
                    ],
                    [
                        242,
                        193
                    ],
                    [
                        242,
                        194
                    ],
                    [
                        241,
                        195
                    ],
                    [
                        241,
                        200
                    ],
                    [
                        242,
                        201
                    ],
                    [
                        242,
                        202
                    ],
                    [
                        243,
                        203
                    ],
                    [
                        245,
                        203
                    ],
                    [
                        246,
                        204
                    ],
                    [
                        251,
                        204
                    ],
                    [
                        252,
                        205
                    ],
                    [
                        256,
                        205
                    ],
                    [
                        257,
                        204
                    ],
                    [
                        264,
                        204
                    ],
                    [
                        265,
                        205
                    ],
                    [
                        267,
                        205
                    ],
                    [
                        268,
                        206
                    ],
                    [
                        272,
                        206
                    ],
                    [
                        273,
                        205
                    ],
                    [
                        274,
                        205
                    ],
                    [
                        275,
                        204
                    ],
                    [
                        276,
                        204
                    ],
                    [
                        277,
                        203
                    ],
                    [
                        288,
                        203
                    ],
                    [
                        289,
                        204
                    ],
                    [
                        290,
                        204
                    ],
                    [
                        291,
                        205
                    ],
                    [
                        293,
                        205
                    ],
                    [
                        294,
                        204
                    ],
                    [
                        294,
                        203
                    ],
                    [
                        295,
                        202
                    ],
                    [
                        295,
                        201
                    ],
                    [
                        296,
                        200
                    ],
                    [
                        296,
                        198
                    ],
                    [
                        297,
                        197
                    ],
                    [
                        297,
                        187
                    ],
                    [
                        296,
                        186
                    ],
                    [
                        296,
                        183
                    ],
                    [
                        295,
                        182
                    ],
                    [
                        295,
                        180
                    ],
                    [
                        294,
                        179
                    ],
                    [
                        294,
                        178
                    ],
                    [
                        293,
                        177
                    ],
                    [
                        292,
                        177
                    ],
                    [
                        291,
                        176
                    ],
                    [
                        275,
                        176
                    ],
                    [
                        274,
                        175
                    ]
                ],
                "interior": []
            }
        },
        {
            "id": 159523311,
            "classId": 6551258,
            "objectId": null,
            "description": "",
            "geometryType": "rectangle",
            "labelerLogin": "inbox@datasetninja.com",
            "createdAt": "2024-03-12T15:33:05.818Z",
            "updatedAt": "2024-03-12T15:33:05.818Z",
            "tags": [
                {
                    "id": 121983415,
                    "tagId": 32511,
                    "name": "object id",
                    "value": 1022,
                    "labelerLogin": "inbox@datasetninja.com",
                    "createdAt": "2024-03-12T15:33:05.818Z",
                    "updatedAt": "2024-03-12T15:33:05.818Z"
                },
                {
                    "id": 121983416,
                    "tagId": 32513,
                    "name": "instance id",
                    "value": 22,
                    "labelerLogin": "inbox@datasetninja.com",
                    "createdAt": "2024-03-12T15:33:05.818Z",
                    "updatedAt": "2024-03-12T15:33:05.818Z"
                }
            ],
            "classTitle": "car",
            "points": {
                "exterior": [
                    [
                        241,
                        175
                    ],
                    [
                        297,
                        206
                    ]
                ],
                "interior": []
            }
        },
        {
            "id": 159523312,
            "classId": 6551258,
            "objectId": null,
            "description": "",
            "geometryType": "polygon",
            "labelerLogin": "inbox@datasetninja.com",
            "createdAt": "2024-03-12T15:33:05.822Z",
            "updatedAt": "2024-03-12T15:33:05.822Z",
            "tags": [
                {
                    "id": 121983417,
                    "tagId": 32511,
                    "name": "object id",
                    "value": 1031,
                    "labelerLogin": "inbox@datasetninja.com",
                    "createdAt": "2024-03-12T15:33:05.822Z",
                    "updatedAt": "2024-03-12T15:33:05.822Z"
                },
                {
                    "id": 121983418,
                    "tagId": 32513,
                    "name": "instance id",
                    "value": 31,
                    "labelerLogin": "inbox@datasetninja.com",
                    "createdAt": "2024-03-12T15:33:05.822Z",
                    "updatedAt": "2024-03-12T15:33:05.822Z"
                }
            ],
            "classTitle": "car",
            "points": {
                "exterior": [
                    [
                        599,
                        178
                    ],
                    [
                        598,
                        179
                    ],
                    [
                        593,
                        179
                    ],
                    [
                        591,
                        181
                    ],
                    [
                        591,
                        182
                    ],
                    [
                        590,
                        183
                    ],
                    [
                        589,
                        183
                    ],
                    [
                        589,
                        184
                    ],
                    [
                        588,
                        185
                    ],
                    [
                        588,
                        188
                    ],
                    [
                        587,
                        189
                    ],
                    [
                        587,
                        191
                    ],
                    [
                        586,
                        192
                    ],
                    [
                        587,
                        193
                    ],
                    [
                        587,
                        195
                    ],
                    [
                        586,
                        196
                    ],
                    [
                        586,
                        207
                    ],
                    [
                        587,
                        208
                    ],
                    [
                        587,
                        212
                    ],
                    [
                        588,
                        213
                    ],
                    [
                        591,
                        213
                    ],
                    [
                        592,
                        212
                    ],
                    [
                        594,
                        212
                    ],
                    [
                        595,
                        211
                    ],
                    [
                        598,
                        211
                    ],
                    [
                        599,
                        212
                    ],
                    [
                        614,
                        212
                    ],
                    [
                        615,
                        211
                    ],
                    [
                        616,
                        212
                    ],
                    [
                        619,
                        212
                    ],
                    [
                        621,
                        214
                    ],
                    [
                        621,
                        215
                    ],
                    [
                        624,
                        215
                    ],
                    [
                        624,
                        214
                    ],
                    [
                        625,
                        213
                    ],
                    [
                        625,
                        209
                    ],
                    [
                        626,
                        208
                    ],
                    [
                        626,
                        197
                    ],
                    [
                        625,
                        196
                    ],
                    [
                        625,
                        192
                    ],
                    [
                        627,
                        190
                    ],
                    [
                        627,
                        188
                    ],
                    [
                        624,
                        185
                    ],
                    [
                        624,
                        184
                    ],
                    [
                        619,
                        179
                    ],
                    [
                        614,
                        179
                    ],
                    [
                        613,
                        178
                    ]
                ],
                "interior": []
            }
        },
        {
            "id": 159523313,
            "classId": 6551258,
            "objectId": null,
            "description": "",
            "geometryType": "rectangle",
            "labelerLogin": "inbox@datasetninja.com",
            "createdAt": "2024-03-12T15:33:05.826Z",
            "updatedAt": "2024-03-12T15:33:05.826Z",
            "tags": [
                {
                    "id": 121983419,
                    "tagId": 32511,
                    "name": "object id",
                    "value": 1031,
                    "labelerLogin": "inbox@datasetninja.com",
                    "createdAt": "2024-03-12T15:33:05.826Z",
                    "updatedAt": "2024-03-12T15:33:05.826Z"
                },
                {
                    "id": 121983420,
                    "tagId": 32513,
                    "name": "instance id",
                    "value": 31,
                    "labelerLogin": "inbox@datasetninja.com",
                    "createdAt": "2024-03-12T15:33:05.826Z",
                    "updatedAt": "2024-03-12T15:33:05.826Z"
                }
            ],
            "classTitle": "car",
            "points": {
                "exterior": [
                    [
                        586,
                        178
                    ],
                    [
                        627,
                        215
                    ]
                ],
                "interior": []
            }
        },
        {
            "id": 159523314,
            "classId": 6551259,
            "objectId": null,
            "description": "",
            "geometryType": "polygon",
            "labelerLogin": "inbox@datasetninja.com",
            "createdAt": "2024-03-12T15:33:05.827Z",
            "updatedAt": "2024-03-12T15:33:05.827Z",
            "tags": [],
            "classTitle": "ignore region",
            "points": {
                "exterior": [
                    [
                        430,
                        177
                    ],
                    [
                        430,
                        196
                    ],
                    [
                        496,
                        196
                    ],
                    [
                        496,
                        177
                    ]
                ],
                "interior": []
            }
        },
        {
            "id": 159523315,
            "classId": 6551259,
            "objectId": null,
            "description": "",
            "geometryType": "rectangle",
            "labelerLogin": "inbox@datasetninja.com",
            "createdAt": "2024-03-12T15:33:05.828Z",
            "updatedAt": "2024-03-12T15:33:05.828Z",
            "tags": [],
            "classTitle": "ignore region",
            "points": {
                "exterior": [
                    [
                        430,
                        177
                    ],
                    [
                        496,
                        196
                    ]
                ],
                "interior": []
            }
        },
        {
            "id": 159523316,
            "classId": 6551259,
            "objectId": null,
            "description": "",
            "geometryType": "polygon",
            "labelerLogin": "inbox@datasetninja.com",
            "createdAt": "2024-03-12T15:33:05.829Z",
            "updatedAt": "2024-03-12T15:33:05.829Z",
            "tags": [],
            "classTitle": "ignore region",
            "points": {
                "exterior": [
                    [
                        550,
                        160
                    ],
                    [
                        550,
                        198
                    ],
                    [
                        581,
                        198
                    ],
                    [
                        581,
                        193
                    ],
                    [
                        582,
                        192
                    ],
                    [
                        585,
                        192
                    ],
                    [
                        585,
                        171
                    ],
                    [
                        582,
                        171
                    ],
                    [
                        581,
                        170
                    ],
                    [
                        581,
                        160
                    ]
                ],
                "interior": []
            }
        },
        {
            "id": 159523317,
            "classId": 6551259,
            "objectId": null,
            "description": "",
            "geometryType": "rectangle",
            "labelerLogin": "inbox@datasetninja.com",
            "createdAt": "2024-03-12T15:33:05.829Z",
            "updatedAt": "2024-03-12T15:33:05.829Z",
            "tags": [],
            "classTitle": "ignore region",
            "points": {
                "exterior": [
                    [
                        550,
                        160
                    ],
                    [
                        585,
                        198
                    ]
                ],
                "interior": []
            }
        }
    ]
}