{
    "description": "",
    "tags": [
        {
            "id": 21885005,
            "tagId": 32512,
            "name": "sequence",
            "value": "0005",
            "labelerLogin": "inbox@datasetninja.com",
            "createdAt": "2024-03-12T15:33:05.810Z",
            "updatedAt": "2024-03-12T15:33:05.810Z"
        }
    ],
    "size": {
        "height": 375,
        "width": 1242
    },
    "objects": [
        {
            "id": 159523332,
            "classId": 6551258,
            "objectId": null,
            "description": "",
            "geometryType": "polygon",
            "labelerLogin": "inbox@datasetninja.com",
            "createdAt": "2024-03-12T15:33:05.813Z",
            "updatedAt": "2024-03-12T15:33:05.813Z",
            "tags": [
                {
                    "id": 121983437,
                    "tagId": 32511,
                    "name": "object id",
                    "value": 1021,
                    "labelerLogin": "inbox@datasetninja.com",
                    "createdAt": "2024-03-12T15:33:05.813Z",
                    "updatedAt": "2024-03-12T15:33:05.813Z"
                },
                {
                    "id": 121983438,
                    "tagId": 32513,
                    "name": "instance id",
                    "value": 21,
                    "labelerLogin": "inbox@datasetninja.com",
                    "createdAt": "2024-03-12T15:33:05.813Z",
                    "updatedAt": "2024-03-12T15:33:05.813Z"
                }
            ],
            "classTitle": "car",
            "points": {
                "exterior": [
                    [
                        163,
                        199
                    ],
                    [
                        162,
                        200
                    ],
                    [
                        112,
                        200
                    ],
                    [
                        111,
                        201
                    ],
                    [
                        83,
                        201
                    ],
                    [
                        82,
                        202
                    ],
                    [
                        62,
                        202
                    ],
                    [
                        61,
                        203
                    ],
                    [
                        44,
                        203
                    ],
                    [
                        43,
                        204
                    ],
                    [
                        32,
                        204
                    ],
                    [
                        31,
                        205
                    ],
                    [
                        28,
                        205
                    ],
                    [
                        27,
                        206
                    ],
                    [
                        20,
                        206
                    ],
                    [
                        19,
                        207
                    ],
                    [
                        14,
                        207
                    ],
                    [
                        13,
                        208
                    ],
                    [
                        10,
                        208
                    ],
                    [
                        9,
                        209
                    ],
                    [
                        5,
                        209
                    ],
                    [
                        4,
                        210
                    ],
                    [
                        2,
                        210
                    ],
                    [
                        0,
                        212
                    ],
                    [
                        0,
                        374
                    ],
                    [
                        231,
                        374
                    ],
                    [
                        231,
                        373
                    ],
                    [
                        232,
                        372
                    ],
                    [
                        233,
                        372
                    ],
                    [
                        234,
                        371
                    ],
                    [
                        236,
                        371
                    ],
                    [
                        237,
                        370
                    ],
                    [
                        238,
                        370
                    ],
                    [
                        239,
                        369
                    ],
                    [
                        240,
                        369
                    ],
                    [
                        241,
                        368
                    ],
                    [
                        242,
                        368
                    ],
                    [
                        243,
                        367
                    ],
                    [
                        244,
                        367
                    ],
                    [
                        246,
                        365
                    ],
                    [
                        247,
                        365
                    ],
                    [
                        248,
                        364
                    ],
                    [
                        255,
                        364
                    ],
                    [
                        256,
                        365
                    ],
                    [
                        257,
                        365
                    ],
                    [
                        259,
                        367
                    ],
                    [
                        260,
                        367
                    ],
                    [
                        264,
                        371
                    ],
                    [
                        265,
                        371
                    ],
                    [
                        267,
                        373
                    ],
                    [
                        267,
                        374
                    ],
                    [
                        278,
                        374
                    ],
                    [
                        278,
                        373
                    ],
                    [
                        279,
                        372
                    ],
                    [
                        280,
                        372
                    ],
                    [
                        281,
                        371
                    ],
                    [
                        283,
                        371
                    ],
                    [
                        284,
                        370
                    ],
                    [
                        286,
                        370
                    ],
                    [
                        288,
                        368
                    ],
                    [
                        289,
                        368
                    ],
                    [
                        290,
                        367
                    ],
                    [
                        290,
                        366
                    ],
                    [
                        293,
                        363
                    ],
                    [
                        293,
                        362
                    ],
                    [
                        294,
                        361
                    ],
                    [
                        294,
                        359
                    ],
                    [
                        295,
                        358
                    ],
                    [
                        295,
                        357
                    ],
                    [
                        296,
                        356
                    ],
                    [
                        296,
                        354
                    ],
                    [
                        297,
                        353
                    ],
                    [
                        297,
                        350
                    ],
                    [
                        298,
                        349
                    ],
                    [
                        298,
                        347
                    ],
                    [
                        299,
                        346
                    ],
                    [
                        299,
                        341
                    ],
                    [
                        300,
                        340
                    ],
                    [
                        300,
                        333
                    ],
                    [
                        301,
                        332
                    ],
                    [
                        301,
                        324
                    ],
                    [
                        302,
                        323
                    ],
                    [
                        302,
                        320
                    ],
                    [
                        303,
                        319
                    ],
                    [
                        303,
                        314
                    ],
                    [
                        304,
                        313
                    ],
                    [
                        304,
                        303
                    ],
                    [
                        303,
                        302
                    ],
                    [
                        303,
                        298
                    ],
                    [
                        302,
                        297
                    ],
                    [
                        302,
                        288
                    ],
                    [
                        301,
                        287
                    ],
                    [
                        301,
                        284
                    ],
                    [
                        300,
                        283
                    ],
                    [
                        300,
                        281
                    ],
                    [
                        299,
                        280
                    ],
                    [
                        299,
                        278
                    ],
                    [
                        298,
                        277
                    ],
                    [
                        298,
                        274
                    ],
                    [
                        297,
                        273
                    ],
                    [
                        297,
                        268
                    ],
                    [
                        296,
                        267
                    ],
                    [
                        296,
                        263
                    ],
                    [
                        295,
                        262
                    ],
                    [
                        295,
                        261
                    ],
                    [
                        294,
                        260
                    ],
                    [
                        294,
                        259
                    ],
                    [
                        293,
                        258
                    ],
                    [
                        293,
                        257
                    ],
                    [
                        292,
                        256
                    ],
                    [
                        292,
                        255
                    ],
                    [
                        291,
                        254
                    ],
                    [
                        291,
                        253
                    ],
                    [
                        290,
                        252
                    ],
                    [
                        290,
                        251
                    ],
                    [
                        289,
                        250
                    ],
                    [
                        289,
                        249
                    ],
                    [
                        288,
                        248
                    ],
                    [
                        288,
                        247
                    ],
                    [
                        287,
                        246
                    ],
                    [
                        287,
                        245
                    ],
                    [
                        286,
                        244
                    ],
                    [
                        286,
                        243
                    ],
                    [
                        284,
                        241
                    ],
                    [
                        284,
                        240
                    ],
                    [
                        282,
                        238
                    ],
                    [
                        282,
                        237
                    ],
                    [
                        277,
                        232
                    ],
                    [
                        277,
                        231
                    ],
                    [
                        276,
                        231
                    ],
                    [
                        274,
                        229
                    ],
                    [
                        274,
                        228
                    ],
                    [
                        269,
                        223
                    ],
                    [
                        269,
                        222
                    ],
                    [
                        266,
                        219
                    ],
                    [
                        265,
                        219
                    ],
                    [
                        264,
                        218
                    ],
                    [
                        263,
                        218
                    ],
                    [
                        262,
                        217
                    ],
                    [
                        262,
                        216
                    ],
                    [
                        261,
                        216
                    ],
                    [
                        257,
                        212
                    ],
                    [
                        256,
                        212
                    ],
                    [
                        255,
                        211
                    ],
                    [
                        254,
                        211
                    ],
                    [
                        253,
                        210
                    ],
                    [
                        252,
                        210
                    ],
                    [
                        251,
                        209
                    ],
                    [
                        249,
                        209
                    ],
                    [
                        247,
                        207
                    ],
                    [
                        244,
                        207
                    ],
                    [
                        243,
                        206
                    ],
                    [
                        240,
                        206
                    ],
                    [
                        239,
                        205
                    ],
                    [
                        238,
                        205
                    ],
                    [
                        237,
                        204
                    ],
                    [
                        233,
                        204
                    ],
                    [
                        232,
                        203
                    ],
                    [
                        226,
                        203
                    ],
                    [
                        225,
                        202
                    ],
                    [
                        219,
                        202
                    ],
                    [
                        218,
                        201
                    ],
                    [
                        207,
                        201
                    ],
                    [
                        206,
                        200
                    ],
                    [
                        175,
                        200
                    ],
                    [
                        174,
                        199
                    ]
                ],
                "interior": []
            }
        },
        {
            "id": 159523333,
            "classId": 6551258,
            "objectId": null,
            "description": "",
            "geometryType": "rectangle",
            "labelerLogin": "inbox@datasetninja.com",
            "createdAt": "2024-03-12T15:33:05.815Z",
            "updatedAt": "2024-03-12T15:33:05.815Z",
            "tags": [
                {
                    "id": 121983439,
                    "tagId": 32511,
                    "name": "object id",
                    "value": 1021,
                    "labelerLogin": "inbox@datasetninja.com",
                    "createdAt": "2024-03-12T15:33:05.815Z",
                    "updatedAt": "2024-03-12T15:33:05.815Z"
                },
                {
                    "id": 121983440,
                    "tagId": 32513,
                    "name": "instance id",
                    "value": 21,
                    "labelerLogin": "inbox@datasetninja.com",
                    "createdAt": "2024-03-12T15:33:05.815Z",
                    "updatedAt": "2024-03-12T15:33:05.815Z"
                }
            ],
            "classTitle": "car",
            "points": {
                "exterior": [
                    [
                        0,
                        199
                    ],
                    [
                        304,
                        374
                    ]
                ],
                "interior": []
            }
        },
        {
            "id": 159523334,
            "classId": 6551258,
            "objectId": null,
            "description": "",
            "geometryType": "polygon",
            "labelerLogin": "inbox@datasetninja.com",
            "createdAt": "2024-03-12T15:33:05.816Z",
            "updatedAt": "2024-03-12T15:33:05.816Z",
            "tags": [
                {
                    "id": 121983441,
                    "tagId": 32511,
                    "name": "object id",
                    "value": 1022,
                    "labelerLogin": "inbox@datasetninja.com",
                    "createdAt": "2024-03-12T15:33:05.816Z",
                    "updatedAt": "2024-03-12T15:33:05.816Z"
                },
                {
                    "id": 121983442,
                    "tagId": 32513,
                    "name": "instance id",
                    "value": 22,
                    "labelerLogin": "inbox@datasetninja.com",
                    "createdAt": "2024-03-12T15:33:05.816Z",
                    "updatedAt": "2024-03-12T15:33:05.816Z"
                }
            ],
            "classTitle": "car",
            "points": {
                "exterior": [
                    [
                        106,
                        178
                    ],
                    [
                        105,
                        179
                    ],
                    [
                        103,
                        179
                    ],
                    [
                        102,
                        180
                    ],
                    [
                        99,
                        180
                    ],
                    [
                        98,
                        181
                    ],
                    [
                        97,
                        181
                    ],
                    [
                        92,
                        186
                    ],
                    [
                        91,
                        186
                    ],
                    [
                        88,
                        189
                    ],
                    [
                        87,
                        189
                    ],
                    [
                        82,
                        194
                    ],
                    [
                        80,
                        194
                    ],
                    [
                        79,
                        195
                    ],
                    [
                        76,
                        195
                    ],
                    [
                        75,
                        196
                    ],
                    [
                        74,
                        196
                    ],
                    [
                        73,
                        197
                    ],
                    [
                        72,
                        197
                    ],
                    [
                        71,
                        198
                    ],
                    [
                        70,
                        198
                    ],
                    [
                        68,
                        200
                    ],
                    [
                        68,
                        201
                    ],
                    [
                        82,
                        201
                    ],
                    [
                        83,
                        200
                    ],
                    [
                        111,
                        200
                    ],
                    [
                        112,
                        199
                    ],
                    [
                        162,
                        199
                    ],
                    [
                        164,
                        197
                    ],
                    [
                        164,
                        191
                    ],
                    [
                        163,
                        190
                    ],
                    [
                        163,
                        187
                    ],
                    [
                        162,
                        186
                    ],
                    [
                        162,
                        184
                    ],
                    [
                        161,
                        183
                    ],
                    [
                        161,
                        182
                    ],
                    [
                        158,
                        179
                    ],
                    [
                        155,
                        179
                    ],
                    [
                        154,
                        178
                    ]
                ],
                "interior": []
            }
        },
        {
            "id": 159523335,
            "classId": 6551258,
            "objectId": null,
            "description": "",
            "geometryType": "rectangle",
            "labelerLogin": "inbox@datasetninja.com",
            "createdAt": "2024-03-12T15:33:05.818Z",
            "updatedAt": "2024-03-12T15:33:05.818Z",
            "tags": [
                {
                    "id": 121983443,
                    "tagId": 32511,
                    "name": "object id",
                    "value": 1022,
                    "labelerLogin": "inbox@datasetninja.com",
                    "createdAt": "2024-03-12T15:33:05.818Z",
                    "updatedAt": "2024-03-12T15:33:05.818Z"
                },
                {
                    "id": 121983444,
                    "tagId": 32513,
                    "name": "instance id",
                    "value": 22,
                    "labelerLogin": "inbox@datasetninja.com",
                    "createdAt": "2024-03-12T15:33:05.818Z",
                    "updatedAt": "2024-03-12T15:33:05.818Z"
                }
            ],
            "classTitle": "car",
            "points": {
                "exterior": [
                    [
                        68,
                        178
                    ],
                    [
                        164,
                        201
                    ]
                ],
                "interior": []
            }
        },
        {
            "id": 159523336,
            "classId": 6551258,
            "objectId": null,
            "description": "",
            "geometryType": "polygon",
            "labelerLogin": "inbox@datasetninja.com",
            "createdAt": "2024-03-12T15:33:05.822Z",
            "updatedAt": "2024-03-12T15:33:05.822Z",
            "tags": [
                {
                    "id": 121983445,
                    "tagId": 32511,
                    "name": "object id",
                    "value": 1024,
                    "labelerLogin": "inbox@datasetninja.com",
                    "createdAt": "2024-03-12T15:33:05.822Z",
                    "updatedAt": "2024-03-12T15:33:05.822Z"
                },
                {
                    "id": 121983446,
                    "tagId": 32513,
                    "name": "instance id",
                    "value": 24,
                    "labelerLogin": "inbox@datasetninja.com",
                    "createdAt": "2024-03-12T15:33:05.822Z",
                    "updatedAt": "2024-03-12T15:33:05.822Z"
                }
            ],
            "classTitle": "car",
            "points": {
                "exterior": [
                    [
                        565,
                        180
                    ],
                    [
                        564,
                        181
                    ],
                    [
                        564,
                        182
                    ],
                    [
                        563,
                        183
                    ],
                    [
                        563,
                        193
                    ],
                    [
                        564,
                        194
                    ],
                    [
                        573,
                        194
                    ],
                    [
                        574,
                        195
                    ],
                    [
                        576,
                        195
                    ],
                    [
                        576,
                        194
                    ],
                    [
                        578,
                        192
                    ],
                    [
                        578,
                        191
                    ],
                    [
                        579,
                        190
                    ],
                    [
                        579,
                        185
                    ],
                    [
                        578,
                        184
                    ],
                    [
                        578,
                        183
                    ],
                    [
                        576,
                        181
                    ],
                    [
                        575,
                        181
                    ],
                    [
                        574,
                        180
                    ]
                ],
                "interior": []
            }
        },
        {
            "id": 159523337,
            "classId": 6551258,
            "objectId": null,
            "description": "",
            "geometryType": "rectangle",
            "labelerLogin": "inbox@datasetninja.com",
            "createdAt": "2024-03-12T15:33:05.826Z",
            "updatedAt": "2024-03-12T15:33:05.826Z",
            "tags": [
                {
                    "id": 121983447,
                    "tagId": 32511,
                    "name": "object id",
                    "value": 1024,
                    "labelerLogin": "inbox@datasetninja.com",
                    "createdAt": "2024-03-12T15:33:05.826Z",
                    "updatedAt": "2024-03-12T15:33:05.826Z"
                },
                {
                    "id": 121983448,
                    "tagId": 32513,
                    "name": "instance id",
                    "value": 24,
                    "labelerLogin": "inbox@datasetninja.com",
                    "createdAt": "2024-03-12T15:33:05.826Z",
                    "updatedAt": "2024-03-12T15:33:05.826Z"
                }
            ],
            "classTitle": "car",
            "points": {
                "exterior": [
                    [
                        563,
                        180
                    ],
                    [
                        579,
                        195
                    ]
                ],
                "interior": []
            }
        },
        {
            "id": 159523338,
            "classId": 6551258,
            "objectId": null,
            "description": "",
            "geometryType": "polygon",
            "labelerLogin": "inbox@datasetninja.com",
            "createdAt": "2024-03-12T15:33:05.828Z",
            "updatedAt": "2024-03-12T15:33:05.828Z",
            "tags": [
                {
                    "id": 121983449,
                    "tagId": 32511,
                    "name": "object id",
                    "value": 1025,
                    "labelerLogin": "inbox@datasetninja.com",
                    "createdAt": "2024-03-12T15:33:05.828Z",
                    "updatedAt": "2024-03-12T15:33:05.828Z"
                },
                {
                    "id": 121983450,
                    "tagId": 32513,
                    "name": "instance id",
                    "value": 25,
                    "labelerLogin": "inbox@datasetninja.com",
                    "createdAt": "2024-03-12T15:33:05.828Z",
                    "updatedAt": "2024-03-12T15:33:05.828Z"
                }
            ],
            "classTitle": "car",
            "points": {
                "exterior": [
                    [
                        400,
                        181
                    ],
                    [
                        399,
                        182
                    ],
                    [
                        395,
                        182
                    ],
                    [
                        391,
                        186
                    ],
                    [
                        391,
                        189
                    ],
                    [
                        390,
                        190
                    ],
                    [
                        390,
                        196
                    ],
                    [
                        413,
                        196
                    ],
                    [
                        414,
                        195
                    ],
                    [
                        414,
                        193
                    ],
                    [
                        415,
                        192
                    ],
                    [
                        415,
                        189
                    ],
                    [
                        414,
                        188
                    ],
                    [
                        414,
                        187
                    ],
                    [
                        410,
                        183
                    ],
                    [
                        409,
                        183
                    ],
                    [
                        408,
                        182
                    ],
                    [
                        404,
                        182
                    ],
                    [
                        403,
                        181
                    ]
                ],
                "interior": []
            }
        },
        {
            "id": 159523339,
            "classId": 6551258,
            "objectId": null,
            "description": "",
            "geometryType": "rectangle",
            "labelerLogin": "inbox@datasetninja.com",
            "createdAt": "2024-03-12T15:33:05.829Z",
            "updatedAt": "2024-03-12T15:33:05.829Z",
            "tags": [
                {
                    "id": 121983451,
                    "tagId": 32511,
                    "name": "object id",
                    "value": 1025,
                    "labelerLogin": "inbox@datasetninja.com",
                    "createdAt": "2024-03-12T15:33:05.829Z",
                    "updatedAt": "2024-03-12T15:33:05.829Z"
                },
                {
                    "id": 121983452,
                    "tagId": 32513,
                    "name": "instance id",
                    "value": 25,
                    "labelerLogin": "inbox@datasetninja.com",
                    "createdAt": "2024-03-12T15:33:05.829Z",
                    "updatedAt": "2024-03-12T15:33:05.829Z"
                }
            ],
            "classTitle": "car",
            "points": {
                "exterior": [
                    [
                        390,
                        181
                    ],
                    [
                        415,
                        196
                    ]
                ],
                "interior": []
            }
        },
        {
            "id": 159523340,
            "classId": 6551258,
            "objectId": null,
            "description": "",
            "geometryType": "polygon",
            "labelerLogin": "inbox@datasetninja.com",
            "createdAt": "2024-03-12T15:33:05.833Z",
            "updatedAt": "2024-03-12T15:33:05.833Z",
            "tags": [
                {
                    "id": 121983453,
                    "tagId": 32511,
                    "name": "object id",
                    "value": 1031,
                    "labelerLogin": "inbox@datasetninja.com",
                    "createdAt": "2024-03-12T15:33:05.833Z",
                    "updatedAt": "2024-03-12T15:33:05.833Z"
                },
                {
                    "id": 121983454,
                    "tagId": 32513,
                    "name": "instance id",
                    "value": 31,
                    "labelerLogin": "inbox@datasetninja.com",
                    "createdAt": "2024-03-12T15:33:05.833Z",
                    "updatedAt": "2024-03-12T15:33:05.833Z"
                }
            ],
            "classTitle": "car",
            "points": {
                "exterior": [
                    [
                        598,
                        178
                    ],
                    [
                        597,
                        179
                    ],
                    [
                        592,
                        179
                    ],
                    [
                        591,
                        180
                    ],
                    [
                        590,
                        180
                    ],
                    [
                        589,
                        181
                    ],
                    [
                        588,
                        181
                    ],
                    [
                        587,
                        182
                    ],
                    [
                        587,
                        185
                    ],
                    [
                        586,
                        186
                    ],
                    [
                        585,
                        186
                    ],
                    [
                        585,
                        187
                    ],
                    [
                        584,
                        188
                    ],
                    [
                        584,
                        211
                    ],
                    [
                        585,
                        212
                    ],
                    [
                        585,
                        213
                    ],
                    [
                        589,
                        213
                    ],
                    [
                        591,
                        211
                    ],
                    [
                        614,
                        211
                    ],
                    [
                        617,
                        214
                    ],
                    [
                        620,
                        214
                    ],
                    [
                        621,
                        213
                    ],
                    [
                        621,
                        209
                    ],
                    [
                        622,
                        208
                    ],
                    [
                        622,
                        187
                    ],
                    [
                        621,
                        186
                    ],
                    [
                        621,
                        185
                    ],
                    [
                        619,
                        183
                    ],
                    [
                        619,
                        181
                    ],
                    [
                        618,
                        180
                    ],
                    [
                        615,
                        180
                    ],
                    [
                        614,
                        179
                    ],
                    [
                        610,
                        179
                    ],
                    [
                        609,
                        178
                    ]
                ],
                "interior": []
            }
        },
        {
            "id": 159523341,
            "classId": 6551258,
            "objectId": null,
            "description": "",
            "geometryType": "rectangle",
            "labelerLogin": "inbox@datasetninja.com",
            "createdAt": "2024-03-12T15:33:05.835Z",
            "updatedAt": "2024-03-12T15:33:05.835Z",
            "tags": [
                {
                    "id": 121983455,
                    "tagId": 32511,
                    "name": "object id",
                    "value": 1031,
                    "labelerLogin": "inbox@datasetninja.com",
                    "createdAt": "2024-03-12T15:33:05.834Z",
                    "updatedAt": "2024-03-12T15:33:05.834Z"
                },
                {
                    "id": 121983456,
                    "tagId": 32513,
                    "name": "instance id",
                    "value": 31,
                    "labelerLogin": "inbox@datasetninja.com",
                    "createdAt": "2024-03-12T15:33:05.834Z",
                    "updatedAt": "2024-03-12T15:33:05.834Z"
                }
            ],
            "classTitle": "car",
            "points": {
                "exterior": [
                    [
                        584,
                        178
                    ],
                    [
                        622,
                        214
                    ]
                ],
                "interior": []
            }
        },
        {
            "id": 159523342,
            "classId": 6551259,
            "objectId": null,
            "description": "",
            "geometryType": "polygon",
            "labelerLogin": "inbox@datasetninja.com",
            "createdAt": "2024-03-12T15:33:05.835Z",
            "updatedAt": "2024-03-12T15:33:05.835Z",
            "tags": [],
            "classTitle": "ignore region",
            "points": {
                "exterior": [
                    [
                        436,
                        180
                    ],
                    [
                        436,
                        192
                    ],
                    [
                        463,
                        192
                    ],
                    [
                        463,
                        180
                    ]
                ],
                "interior": []
            }
        },
        {
            "id": 159523343,
            "classId": 6551259,
            "objectId": null,
            "description": "",
            "geometryType": "rectangle",
            "labelerLogin": "inbox@datasetninja.com",
            "createdAt": "2024-03-12T15:33:05.836Z",
            "updatedAt": "2024-03-12T15:33:05.836Z",
            "tags": [],
            "classTitle": "ignore region",
            "points": {
                "exterior": [
                    [
                        436,
                        180
                    ],
                    [
                        463,
                        192
                    ]
                ],
                "interior": []
            }
        },
        {
            "id": 159523344,
            "classId": 6551259,
            "objectId": null,
            "description": "",
            "geometryType": "polygon",
            "labelerLogin": "inbox@datasetninja.com",
            "createdAt": "2024-03-12T15:33:05.837Z",
            "updatedAt": "2024-03-12T15:33:05.837Z",
            "tags": [],
            "classTitle": "ignore region",
            "points": {
                "exterior": [
                    [
                        577,
                        174
                    ],
                    [
                        577,
                        181
                    ],
                    [
                        579,
                        183
                    ],
                    [
                        579,
                        184
                    ],
                    [
                        580,
                        185
                    ],
                    [
                        580,
                        190
                    ],
                    [
                        579,
                        191
                    ],
                    [
                        583,
                        191
                    ],
                    [
                        583,
                        188
                    ],
                    [
                        584,
                        187
                    ],
                    [
                        584,
                        186
                    ],
                    [
                        585,
                        185
                    ],
                    [
                        586,
                        185
                    ],
                    [
                        586,
                        182
                    ],
                    [
                        588,
                        180
                    ],
                    [
                        589,
                        180
                    ],
                    [
                        589,
                        174
                    ]
                ],
                "interior": []
            }
        },
        {
            "id": 159523345,
            "classId": 6551259,
            "objectId": null,
            "description": "",
            "geometryType": "rectangle",
            "labelerLogin": "inbox@datasetninja.com",
            "createdAt": "2024-03-12T15:33:05.837Z",
            "updatedAt": "2024-03-12T15:33:05.837Z",
            "tags": [],
            "classTitle": "ignore region",
            "points": {
                "exterior": [
                    [
                        577,
                        174
                    ],
                    [
                        589,
                        191
                    ]
                ],
                "interior": []
            }
        },
        {
            "id": 159523346,
            "classId": 6551259,
            "objectId": null,
            "description": "",
            "geometryType": "polygon",
            "labelerLogin": "inbox@datasetninja.com",
            "createdAt": "2024-03-12T15:33:05.839Z",
            "updatedAt": "2024-03-12T15:33:05.839Z",
            "tags": [],
            "classTitle": "ignore region",
            "points": {
                "exterior": [
                    [
                        510,
                        146
                    ],
                    [
                        510,
                        210
                    ],
                    [
                        564,
                        210
                    ],
                    [
                        564,
                        195
                    ],
                    [
                        562,
                        193
                    ],
                    [
                        562,
                        183
                    ],
                    [
                        563,
                        182
                    ],
                    [
                        563,
                        181
                    ],
                    [
                        564,
                        180
                    ],
                    [
                        564,
                        146
                    ]
                ],
                "interior": []
            }
        },
        {
            "id": 159523347,
            "classId": 6551259,
            "objectId": null,
            "description": "",
            "geometryType": "rectangle",
            "labelerLogin": "inbox@datasetninja.com",
            "createdAt": "2024-03-12T15:33:05.839Z",
            "updatedAt": "2024-03-12T15:33:05.839Z",
            "tags": [],
            "classTitle": "ignore region",
            "points": {
                "exterior": [
                    [
                        510,
                        146
                    ],
                    [
                        564,
                        210
                    ]
                ],
                "interior": []
            }
        }
    ]
}