{
    "description": "",
    "tags": [
        {
            "id": 21885258,
            "tagId": 32512,
            "name": "sequence",
            "value": "0005",
            "labelerLogin": "inbox@datasetninja.com",
            "createdAt": "2024-03-12T15:34:52.718Z",
            "updatedAt": "2024-03-12T15:34:52.718Z"
        }
    ],
    "size": {
        "height": 375,
        "width": 1242
    },
    "objects": [
        {
            "id": 159527752,
            "classId": 6551258,
            "objectId": null,
            "description": "",
            "geometryType": "polygon",
            "labelerLogin": "inbox@datasetninja.com",
            "createdAt": "2024-03-12T15:34:52.719Z",
            "updatedAt": "2024-03-12T15:34:52.719Z",
            "tags": [
                {
                    "id": 121988301,
                    "tagId": 32511,
                    "name": "object id",
                    "value": 1024,
                    "labelerLogin": "inbox@datasetninja.com",
                    "createdAt": "2024-03-12T15:34:52.719Z",
                    "updatedAt": "2024-03-12T15:34:52.719Z"
                },
                {
                    "id": 121988302,
                    "tagId": 32513,
                    "name": "instance id",
                    "value": 24,
                    "labelerLogin": "inbox@datasetninja.com",
                    "createdAt": "2024-03-12T15:34:52.719Z",
                    "updatedAt": "2024-03-12T15:34:52.719Z"
                }
            ],
            "classTitle": "car",
            "points": {
                "exterior": [
                    [
                        431,
                        182
                    ],
                    [
                        430,
                        183
                    ],
                    [
                        424,
                        183
                    ],
                    [
                        423,
                        184
                    ],
                    [
                        422,
                        184
                    ],
                    [
                        420,
                        186
                    ],
                    [
                        419,
                        186
                    ],
                    [
                        418,
                        187
                    ],
                    [
                        417,
                        187
                    ],
                    [
                        414,
                        190
                    ],
                    [
                        413,
                        190
                    ],
                    [
                        413,
                        191
                    ],
                    [
                        411,
                        193
                    ],
                    [
                        411,
                        194
                    ],
                    [
                        410,
                        195
                    ],
                    [
                        409,
                        195
                    ],
                    [
                        409,
                        196
                    ],
                    [
                        406,
                        199
                    ],
                    [
                        406,
                        200
                    ],
                    [
                        405,
                        201
                    ],
                    [
                        404,
                        201
                    ],
                    [
                        403,
                        202
                    ],
                    [
                        397,
                        202
                    ],
                    [
                        396,
                        203
                    ],
                    [
                        395,
                        203
                    ],
                    [
                        395,
                        205
                    ],
                    [
                        396,
                        206
                    ],
                    [
                        396,
                        207
                    ],
                    [
                        397,
                        208
                    ],
                    [
                        397,
                        209
                    ],
                    [
                        396,
                        210
                    ],
                    [
                        396,
                        211
                    ],
                    [
                        394,
                        213
                    ],
                    [
                        394,
                        214
                    ],
                    [
                        391,
                        217
                    ],
                    [
                        391,
                        218
                    ],
                    [
                        388,
                        221
                    ],
                    [
                        388,
                        222
                    ],
                    [
                        387,
                        223
                    ],
                    [
                        387,
                        226
                    ],
                    [
                        386,
                        227
                    ],
                    [
                        386,
                        246
                    ],
                    [
                        387,
                        247
                    ],
                    [
                        387,
                        249
                    ],
                    [
                        389,
                        251
                    ],
                    [
                        389,
                        252
                    ],
                    [
                        390,
                        253
                    ],
                    [
                        392,
                        253
                    ],
                    [
                        393,
                        254
                    ],
                    [
                        395,
                        254
                    ],
                    [
                        396,
                        253
                    ],
                    [
                        399,
                        253
                    ],
                    [
                        400,
                        252
                    ],
                    [
                        402,
                        252
                    ],
                    [
                        403,
                        251
                    ],
                    [
                        405,
                        251
                    ],
                    [
                        406,
                        250
                    ],
                    [
                        408,
                        250
                    ],
                    [
                        409,
                        251
                    ],
                    [
                        425,
                        251
                    ],
                    [
                        426,
                        250
                    ],
                    [
                        442,
                        250
                    ],
                    [
                        443,
                        249
                    ],
                    [
                        454,
                        249
                    ],
                    [
                        455,
                        248
                    ],
                    [
                        462,
                        248
                    ],
                    [
                        466,
                        252
                    ],
                    [
                        467,
                        252
                    ],
                    [
                        468,
                        253
                    ],
                    [
                        473,
                        253
                    ],
                    [
                        474,
                        252
                    ],
                    [
                        474,
                        251
                    ],
                    [
                        475,
                        250
                    ],
                    [
                        475,
                        247
                    ],
                    [
                        476,
                        246
                    ],
                    [
                        476,
                        243
                    ],
                    [
                        477,
                        242
                    ],
                    [
                        477,
                        241
                    ],
                    [
                        479,
                        239
                    ],
                    [
                        481,
                        239
                    ],
                    [
                        482,
                        238
                    ],
                    [
                        483,
                        238
                    ],
                    [
                        484,
                        237
                    ],
                    [
                        485,
                        237
                    ],
                    [
                        486,
                        238
                    ],
                    [
                        488,
                        238
                    ],
                    [
                        491,
                        241
                    ],
                    [
                        492,
                        241
                    ],
                    [
                        493,
                        240
                    ],
                    [
                        494,
                        240
                    ],
                    [
                        494,
                        239
                    ],
                    [
                        495,
                        238
                    ],
                    [
                        495,
                        212
                    ],
                    [
                        494,
                        211
                    ],
                    [
                        494,
                        204
                    ],
                    [
                        492,
                        202
                    ],
                    [
                        492,
                        201
                    ],
                    [
                        490,
                        199
                    ],
                    [
                        490,
                        198
                    ],
                    [
                        488,
                        196
                    ],
                    [
                        488,
                        195
                    ],
                    [
                        487,
                        194
                    ],
                    [
                        487,
                        193
                    ],
                    [
                        486,
                        192
                    ],
                    [
                        486,
                        191
                    ],
                    [
                        485,
                        190
                    ],
                    [
                        485,
                        189
                    ],
                    [
                        481,
                        185
                    ],
                    [
                        479,
                        185
                    ],
                    [
                        478,
                        184
                    ],
                    [
                        475,
                        184
                    ],
                    [
                        474,
                        183
                    ],
                    [
                        466,
                        183
                    ],
                    [
                        465,
                        182
                    ]
                ],
                "interior": []
            }
        },
        {
            "id": 159527753,
            "classId": 6551258,
            "objectId": null,
            "description": "",
            "geometryType": "rectangle",
            "labelerLogin": "inbox@datasetninja.com",
            "createdAt": "2024-03-12T15:34:52.720Z",
            "updatedAt": "2024-03-12T15:34:52.720Z",
            "tags": [
                {
                    "id": 121988303,
                    "tagId": 32511,
                    "name": "object id",
                    "value": 1024,
                    "labelerLogin": "inbox@datasetninja.com",
                    "createdAt": "2024-03-12T15:34:52.720Z",
                    "updatedAt": "2024-03-12T15:34:52.720Z"
                },
                {
                    "id": 121988304,
                    "tagId": 32513,
                    "name": "instance id",
                    "value": 24,
                    "labelerLogin": "inbox@datasetninja.com",
                    "createdAt": "2024-03-12T15:34:52.720Z",
                    "updatedAt": "2024-03-12T15:34:52.720Z"
                }
            ],
            "classTitle": "car",
            "points": {
                "exterior": [
                    [
                        386,
                        182
                    ],
                    [
                        495,
                        254
                    ]
                ],
                "interior": []
            }
        },
        {
            "id": 159527754,
            "classId": 6551258,
            "objectId": null,
            "description": "",
            "geometryType": "polygon",
            "labelerLogin": "inbox@datasetninja.com",
            "createdAt": "2024-03-12T15:34:52.721Z",
            "updatedAt": "2024-03-12T15:34:52.721Z",
            "tags": [
                {
                    "id": 121988305,
                    "tagId": 32511,
                    "name": "object id",
                    "value": 1025,
                    "labelerLogin": "inbox@datasetninja.com",
                    "createdAt": "2024-03-12T15:34:52.721Z",
                    "updatedAt": "2024-03-12T15:34:52.721Z"
                },
                {
                    "id": 121988306,
                    "tagId": 32513,
                    "name": "instance id",
                    "value": 25,
                    "labelerLogin": "inbox@datasetninja.com",
                    "createdAt": "2024-03-12T15:34:52.721Z",
                    "updatedAt": "2024-03-12T15:34:52.721Z"
                }
            ],
            "classTitle": "car",
            "points": {
                "exterior": [
                    [
                        228,
                        178
                    ],
                    [
                        227,
                        179
                    ],
                    [
                        219,
                        179
                    ],
                    [
                        218,
                        180
                    ],
                    [
                        214,
                        180
                    ],
                    [
                        213,
                        181
                    ],
                    [
                        212,
                        181
                    ],
                    [
                        208,
                        185
                    ],
                    [
                        208,
                        186
                    ],
                    [
                        207,
                        187
                    ],
                    [
                        207,
                        188
                    ],
                    [
                        205,
                        190
                    ],
                    [
                        205,
                        194
                    ],
                    [
                        204,
                        195
                    ],
                    [
                        204,
                        199
                    ],
                    [
                        205,
                        200
                    ],
                    [
                        205,
                        204
                    ],
                    [
                        206,
                        205
                    ],
                    [
                        206,
                        206
                    ],
                    [
                        212,
                        206
                    ],
                    [
                        213,
                        205
                    ],
                    [
                        215,
                        205
                    ],
                    [
                        216,
                        204
                    ],
                    [
                        232,
                        204
                    ],
                    [
                        233,
                        205
                    ],
                    [
                        234,
                        205
                    ],
                    [
                        235,
                        206
                    ],
                    [
                        241,
                        206
                    ],
                    [
                        243,
                        204
                    ],
                    [
                        245,
                        204
                    ],
                    [
                        246,
                        203
                    ],
                    [
                        255,
                        203
                    ],
                    [
                        256,
                        204
                    ],
                    [
                        258,
                        204
                    ],
                    [
                        259,
                        205
                    ],
                    [
                        261,
                        205
                    ],
                    [
                        262,
                        204
                    ],
                    [
                        263,
                        204
                    ],
                    [
                        263,
                        203
                    ],
                    [
                        264,
                        202
                    ],
                    [
                        264,
                        192
                    ],
                    [
                        263,
                        191
                    ],
                    [
                        263,
                        190
                    ],
                    [
                        261,
                        188
                    ],
                    [
                        260,
                        188
                    ],
                    [
                        258,
                        186
                    ],
                    [
                        257,
                        186
                    ],
                    [
                        255,
                        184
                    ],
                    [
                        254,
                        184
                    ],
                    [
                        251,
                        181
                    ],
                    [
                        250,
                        181
                    ],
                    [
                        249,
                        180
                    ],
                    [
                        247,
                        180
                    ],
                    [
                        246,
                        179
                    ],
                    [
                        241,
                        179
                    ],
                    [
                        240,
                        178
                    ]
                ],
                "interior": []
            }
        },
        {
            "id": 159527755,
            "classId": 6551258,
            "objectId": null,
            "description": "",
            "geometryType": "rectangle",
            "labelerLogin": "inbox@datasetninja.com",
            "createdAt": "2024-03-12T15:34:52.722Z",
            "updatedAt": "2024-03-12T15:34:52.722Z",
            "tags": [
                {
                    "id": 121988307,
                    "tagId": 32511,
                    "name": "object id",
                    "value": 1025,
                    "labelerLogin": "inbox@datasetninja.com",
                    "createdAt": "2024-03-12T15:34:52.722Z",
                    "updatedAt": "2024-03-12T15:34:52.722Z"
                },
                {
                    "id": 121988308,
                    "tagId": 32513,
                    "name": "instance id",
                    "value": 25,
                    "labelerLogin": "inbox@datasetninja.com",
                    "createdAt": "2024-03-12T15:34:52.722Z",
                    "updatedAt": "2024-03-12T15:34:52.722Z"
                }
            ],
            "classTitle": "car",
            "points": {
                "exterior": [
                    [
                        204,
                        178
                    ],
                    [
                        264,
                        206
                    ]
                ],
                "interior": []
            }
        },
        {
            "id": 159527756,
            "classId": 6551258,
            "objectId": null,
            "description": "",
            "geometryType": "polygon",
            "labelerLogin": "inbox@datasetninja.com",
            "createdAt": "2024-03-12T15:34:52.723Z",
            "updatedAt": "2024-03-12T15:34:52.723Z",
            "tags": [
                {
                    "id": 121988309,
                    "tagId": 32511,
                    "name": "object id",
                    "value": 1026,
                    "labelerLogin": "inbox@datasetninja.com",
                    "createdAt": "2024-03-12T15:34:52.723Z",
                    "updatedAt": "2024-03-12T15:34:52.723Z"
                },
                {
                    "id": 121988310,
                    "tagId": 32513,
                    "name": "instance id",
                    "value": 26,
                    "labelerLogin": "inbox@datasetninja.com",
                    "createdAt": "2024-03-12T15:34:52.723Z",
                    "updatedAt": "2024-03-12T15:34:52.723Z"
                }
            ],
            "classTitle": "car",
            "points": {
                "exterior": [
                    [
                        518,
                        177
                    ],
                    [
                        517,
                        178
                    ],
                    [
                        517,
                        179
                    ],
                    [
                        516,
                        180
                    ],
                    [
                        516,
                        181
                    ],
                    [
                        515,
                        182
                    ],
                    [
                        515,
                        183
                    ],
                    [
                        514,
                        184
                    ],
                    [
                        514,
                        185
                    ],
                    [
                        511,
                        188
                    ],
                    [
                        510,
                        188
                    ],
                    [
                        507,
                        191
                    ],
                    [
                        507,
                        194
                    ],
                    [
                        506,
                        195
                    ],
                    [
                        506,
                        202
                    ],
                    [
                        507,
                        203
                    ],
                    [
                        507,
                        206
                    ],
                    [
                        540,
                        206
                    ],
                    [
                        541,
                        205
                    ],
                    [
                        542,
                        205
                    ],
                    [
                        543,
                        204
                    ],
                    [
                        544,
                        204
                    ],
                    [
                        545,
                        203
                    ],
                    [
                        546,
                        203
                    ],
                    [
                        547,
                        202
                    ],
                    [
                        547,
                        195
                    ],
                    [
                        546,
                        194
                    ],
                    [
                        546,
                        190
                    ],
                    [
                        545,
                        189
                    ],
                    [
                        545,
                        186
                    ],
                    [
                        544,
                        185
                    ],
                    [
                        544,
                        184
                    ],
                    [
                        542,
                        182
                    ],
                    [
                        542,
                        181
                    ],
                    [
                        540,
                        179
                    ],
                    [
                        540,
                        178
                    ],
                    [
                        539,
                        177
                    ]
                ],
                "interior": []
            }
        },
        {
            "id": 159527757,
            "classId": 6551258,
            "objectId": null,
            "description": "",
            "geometryType": "rectangle",
            "labelerLogin": "inbox@datasetninja.com",
            "createdAt": "2024-03-12T15:34:52.724Z",
            "updatedAt": "2024-03-12T15:34:52.724Z",
            "tags": [
                {
                    "id": 121988311,
                    "tagId": 32511,
                    "name": "object id",
                    "value": 1026,
                    "labelerLogin": "inbox@datasetninja.com",
                    "createdAt": "2024-03-12T15:34:52.724Z",
                    "updatedAt": "2024-03-12T15:34:52.724Z"
                },
                {
                    "id": 121988312,
                    "tagId": 32513,
                    "name": "instance id",
                    "value": 26,
                    "labelerLogin": "inbox@datasetninja.com",
                    "createdAt": "2024-03-12T15:34:52.724Z",
                    "updatedAt": "2024-03-12T15:34:52.724Z"
                }
            ],
            "classTitle": "car",
            "points": {
                "exterior": [
                    [
                        506,
                        177
                    ],
                    [
                        547,
                        206
                    ]
                ],
                "interior": []
            }
        },
        {
            "id": 159527758,
            "classId": 6551258,
            "objectId": null,
            "description": "",
            "geometryType": "polygon",
            "labelerLogin": "inbox@datasetninja.com",
            "createdAt": "2024-03-12T15:34:52.725Z",
            "updatedAt": "2024-03-12T15:34:52.725Z",
            "tags": [
                {
                    "id": 121988313,
                    "tagId": 32511,
                    "name": "object id",
                    "value": 1027,
                    "labelerLogin": "inbox@datasetninja.com",
                    "createdAt": "2024-03-12T15:34:52.725Z",
                    "updatedAt": "2024-03-12T15:34:52.725Z"
                },
                {
                    "id": 121988314,
                    "tagId": 32513,
                    "name": "instance id",
                    "value": 27,
                    "labelerLogin": "inbox@datasetninja.com",
                    "createdAt": "2024-03-12T15:34:52.725Z",
                    "updatedAt": "2024-03-12T15:34:52.725Z"
                }
            ],
            "classTitle": "car",
            "points": {
                "exterior": [
                    [
                        349,
                        176
                    ],
                    [
                        348,
                        177
                    ],
                    [
                        344,
                        177
                    ],
                    [
                        343,
                        178
                    ],
                    [
                        342,
                        178
                    ],
                    [
                        338,
                        182
                    ],
                    [
                        338,
                        184
                    ],
                    [
                        337,
                        185
                    ],
                    [
                        337,
                        187
                    ],
                    [
                        336,
                        188
                    ],
                    [
                        336,
                        191
                    ],
                    [
                        338,
                        193
                    ],
                    [
                        353,
                        193
                    ],
                    [
                        354,
                        194
                    ],
                    [
                        359,
                        194
                    ],
                    [
                        360,
                        193
                    ],
                    [
                        361,
                        193
                    ],
                    [
                        362,
                        192
                    ],
                    [
                        369,
                        192
                    ],
                    [
                        371,
                        190
                    ],
                    [
                        371,
                        189
                    ],
                    [
                        369,
                        187
                    ],
                    [
                        369,
                        185
                    ],
                    [
                        368,
                        184
                    ],
                    [
                        368,
                        182
                    ],
                    [
                        366,
                        180
                    ],
                    [
                        365,
                        180
                    ],
                    [
                        363,
                        178
                    ],
                    [
                        362,
                        178
                    ],
                    [
                        361,
                        177
                    ],
                    [
                        360,
                        177
                    ],
                    [
                        359,
                        176
                    ]
                ],
                "interior": []
            }
        },
        {
            "id": 159527759,
            "classId": 6551258,
            "objectId": null,
            "description": "",
            "geometryType": "rectangle",
            "labelerLogin": "inbox@datasetninja.com",
            "createdAt": "2024-03-12T15:34:52.726Z",
            "updatedAt": "2024-03-12T15:34:52.726Z",
            "tags": [
                {
                    "id": 121988315,
                    "tagId": 32511,
                    "name": "object id",
                    "value": 1027,
                    "labelerLogin": "inbox@datasetninja.com",
                    "createdAt": "2024-03-12T15:34:52.726Z",
                    "updatedAt": "2024-03-12T15:34:52.726Z"
                },
                {
                    "id": 121988316,
                    "tagId": 32513,
                    "name": "instance id",
                    "value": 27,
                    "labelerLogin": "inbox@datasetninja.com",
                    "createdAt": "2024-03-12T15:34:52.726Z",
                    "updatedAt": "2024-03-12T15:34:52.726Z"
                }
            ],
            "classTitle": "car",
            "points": {
                "exterior": [
                    [
                        336,
                        176
                    ],
                    [
                        371,
                        194
                    ]
                ],
                "interior": []
            }
        },
        {
            "id": 159527760,
            "classId": 6551258,
            "objectId": null,
            "description": "",
            "geometryType": "polygon",
            "labelerLogin": "inbox@datasetninja.com",
            "createdAt": "2024-03-12T15:34:52.727Z",
            "updatedAt": "2024-03-12T15:34:52.727Z",
            "tags": [
                {
                    "id": 121988317,
                    "tagId": 32511,
                    "name": "object id",
                    "value": 1028,
                    "labelerLogin": "inbox@datasetninja.com",
                    "createdAt": "2024-03-12T15:34:52.727Z",
                    "updatedAt": "2024-03-12T15:34:52.727Z"
                },
                {
                    "id": 121988318,
                    "tagId": 32513,
                    "name": "instance id",
                    "value": 28,
                    "labelerLogin": "inbox@datasetninja.com",
                    "createdAt": "2024-03-12T15:34:52.727Z",
                    "updatedAt": "2024-03-12T15:34:52.727Z"
                }
            ],
            "classTitle": "car",
            "points": {
                "exterior": [
                    [
                        372,
                        176
                    ],
                    [
                        371,
                        177
                    ],
                    [
                        367,
                        177
                    ],
                    [
                        366,
                        178
                    ],
                    [
                        366,
                        179
                    ],
                    [
                        369,
                        182
                    ],
                    [
                        369,
                        184
                    ],
                    [
                        370,
                        185
                    ],
                    [
                        370,
                        187
                    ],
                    [
                        373,
                        190
                    ],
                    [
                        376,
                        190
                    ],
                    [
                        377,
                        189
                    ],
                    [
                        378,
                        189
                    ],
                    [
                        379,
                        190
                    ],
                    [
                        384,
                        190
                    ],
                    [
                        385,
                        189
                    ],
                    [
                        387,
                        189
                    ],
                    [
                        388,
                        190
                    ],
                    [
                        391,
                        190
                    ],
                    [
                        392,
                        189
                    ],
                    [
                        393,
                        189
                    ],
                    [
                        393,
                        188
                    ],
                    [
                        394,
                        187
                    ],
                    [
                        394,
                        183
                    ],
                    [
                        393,
                        182
                    ],
                    [
                        393,
                        180
                    ],
                    [
                        392,
                        179
                    ],
                    [
                        391,
                        179
                    ],
                    [
                        388,
                        176
                    ]
                ],
                "interior": []
            }
        },
        {
            "id": 159527761,
            "classId": 6551258,
            "objectId": null,
            "description": "",
            "geometryType": "rectangle",
            "labelerLogin": "inbox@datasetninja.com",
            "createdAt": "2024-03-12T15:34:52.728Z",
            "updatedAt": "2024-03-12T15:34:52.728Z",
            "tags": [
                {
                    "id": 121988319,
                    "tagId": 32511,
                    "name": "object id",
                    "value": 1028,
                    "labelerLogin": "inbox@datasetninja.com",
                    "createdAt": "2024-03-12T15:34:52.728Z",
                    "updatedAt": "2024-03-12T15:34:52.728Z"
                },
                {
                    "id": 121988320,
                    "tagId": 32513,
                    "name": "instance id",
                    "value": 28,
                    "labelerLogin": "inbox@datasetninja.com",
                    "createdAt": "2024-03-12T15:34:52.728Z",
                    "updatedAt": "2024-03-12T15:34:52.728Z"
                }
            ],
            "classTitle": "car",
            "points": {
                "exterior": [
                    [
                        366,
                        176
                    ],
                    [
                        394,
                        190
                    ]
                ],
                "interior": []
            }
        },
        {
            "id": 159527762,
            "classId": 6551258,
            "objectId": null,
            "description": "",
            "geometryType": "polygon",
            "labelerLogin": "inbox@datasetninja.com",
            "createdAt": "2024-03-12T15:34:52.729Z",
            "updatedAt": "2024-03-12T15:34:52.729Z",
            "tags": [
                {
                    "id": 121988321,
                    "tagId": 32511,
                    "name": "object id",
                    "value": 1029,
                    "labelerLogin": "inbox@datasetninja.com",
                    "createdAt": "2024-03-12T15:34:52.728Z",
                    "updatedAt": "2024-03-12T15:34:52.728Z"
                },
                {
                    "id": 121988322,
                    "tagId": 32513,
                    "name": "instance id",
                    "value": 29,
                    "labelerLogin": "inbox@datasetninja.com",
                    "createdAt": "2024-03-12T15:34:52.728Z",
                    "updatedAt": "2024-03-12T15:34:52.728Z"
                }
            ],
            "classTitle": "car",
            "points": {
                "exterior": [
                    [
                        565,
                        176
                    ],
                    [
                        565,
                        178
                    ],
                    [
                        566,
                        179
                    ],
                    [
                        566,
                        180
                    ],
                    [
                        567,
                        181
                    ],
                    [
                        567,
                        188
                    ],
                    [
                        578,
                        188
                    ],
                    [
                        578,
                        185
                    ],
                    [
                        579,
                        184
                    ],
                    [
                        579,
                        180
                    ],
                    [
                        576,
                        177
                    ],
                    [
                        575,
                        177
                    ],
                    [
                        574,
                        176
                    ]
                ],
                "interior": []
            }
        },
        {
            "id": 159527763,
            "classId": 6551258,
            "objectId": null,
            "description": "",
            "geometryType": "rectangle",
            "labelerLogin": "inbox@datasetninja.com",
            "createdAt": "2024-03-12T15:34:52.730Z",
            "updatedAt": "2024-03-12T15:34:52.730Z",
            "tags": [
                {
                    "id": 121988323,
                    "tagId": 32511,
                    "name": "object id",
                    "value": 1029,
                    "labelerLogin": "inbox@datasetninja.com",
                    "createdAt": "2024-03-12T15:34:52.730Z",
                    "updatedAt": "2024-03-12T15:34:52.730Z"
                },
                {
                    "id": 121988324,
                    "tagId": 32513,
                    "name": "instance id",
                    "value": 29,
                    "labelerLogin": "inbox@datasetninja.com",
                    "createdAt": "2024-03-12T15:34:52.730Z",
                    "updatedAt": "2024-03-12T15:34:52.730Z"
                }
            ],
            "classTitle": "car",
            "points": {
                "exterior": [
                    [
                        565,
                        176
                    ],
                    [
                        579,
                        188
                    ]
                ],
                "interior": []
            }
        },
        {
            "id": 159527764,
            "classId": 6551258,
            "objectId": null,
            "description": "",
            "geometryType": "polygon",
            "labelerLogin": "inbox@datasetninja.com",
            "createdAt": "2024-03-12T15:34:52.731Z",
            "updatedAt": "2024-03-12T15:34:52.731Z",
            "tags": [
                {
                    "id": 121988325,
                    "tagId": 32511,
                    "name": "object id",
                    "value": 1030,
                    "labelerLogin": "inbox@datasetninja.com",
                    "createdAt": "2024-03-12T15:34:52.731Z",
                    "updatedAt": "2024-03-12T15:34:52.731Z"
                },
                {
                    "id": 121988326,
                    "tagId": 32513,
                    "name": "instance id",
                    "value": 30,
                    "labelerLogin": "inbox@datasetninja.com",
                    "createdAt": "2024-03-12T15:34:52.731Z",
                    "updatedAt": "2024-03-12T15:34:52.731Z"
                }
            ],
            "classTitle": "car",
            "points": {
                "exterior": [
                    [
                        552,
                        173
                    ],
                    [
                        551,
                        174
                    ],
                    [
                        547,
                        174
                    ],
                    [
                        546,
                        175
                    ],
                    [
                        545,
                        175
                    ],
                    [
                        543,
                        177
                    ],
                    [
                        543,
                        182
                    ],
                    [
                        545,
                        184
                    ],
                    [
                        545,
                        185
                    ],
                    [
                        546,
                        186
                    ],
                    [
                        546,
                        189
                    ],
                    [
                        547,
                        190
                    ],
                    [
                        547,
                        193
                    ],
                    [
                        566,
                        193
                    ],
                    [
                        566,
                        181
                    ],
                    [
                        565,
                        180
                    ],
                    [
                        565,
                        179
                    ],
                    [
                        564,
                        178
                    ],
                    [
                        564,
                        176
                    ],
                    [
                        561,
                        173
                    ]
                ],
                "interior": []
            }
        },
        {
            "id": 159527765,
            "classId": 6551258,
            "objectId": null,
            "description": "",
            "geometryType": "rectangle",
            "labelerLogin": "inbox@datasetninja.com",
            "createdAt": "2024-03-12T15:34:52.732Z",
            "updatedAt": "2024-03-12T15:34:52.732Z",
            "tags": [
                {
                    "id": 121988327,
                    "tagId": 32511,
                    "name": "object id",
                    "value": 1030,
                    "labelerLogin": "inbox@datasetninja.com",
                    "createdAt": "2024-03-12T15:34:52.731Z",
                    "updatedAt": "2024-03-12T15:34:52.731Z"
                },
                {
                    "id": 121988328,
                    "tagId": 32513,
                    "name": "instance id",
                    "value": 30,
                    "labelerLogin": "inbox@datasetninja.com",
                    "createdAt": "2024-03-12T15:34:52.731Z",
                    "updatedAt": "2024-03-12T15:34:52.731Z"
                }
            ],
            "classTitle": "car",
            "points": {
                "exterior": [
                    [
                        543,
                        173
                    ],
                    [
                        566,
                        193
                    ]
                ],
                "interior": []
            }
        },
        {
            "id": 159527766,
            "classId": 6551258,
            "objectId": null,
            "description": "",
            "geometryType": "polygon",
            "labelerLogin": "inbox@datasetninja.com",
            "createdAt": "2024-03-12T15:34:52.732Z",
            "updatedAt": "2024-03-12T15:34:52.732Z",
            "tags": [
                {
                    "id": 121988329,
                    "tagId": 32511,
                    "name": "object id",
                    "value": 1031,
                    "labelerLogin": "inbox@datasetninja.com",
                    "createdAt": "2024-03-12T15:34:52.732Z",
                    "updatedAt": "2024-03-12T15:34:52.732Z"
                },
                {
                    "id": 121988330,
                    "tagId": 32513,
                    "name": "instance id",
                    "value": 31,
                    "labelerLogin": "inbox@datasetninja.com",
                    "createdAt": "2024-03-12T15:34:52.732Z",
                    "updatedAt": "2024-03-12T15:34:52.732Z"
                }
            ],
            "classTitle": "car",
            "points": {
                "exterior": [
                    [
                        594,
                        174
                    ],
                    [
                        593,
                        175
                    ],
                    [
                        592,
                        175
                    ],
                    [
                        590,
                        177
                    ],
                    [
                        589,
                        177
                    ],
                    [
                        589,
                        178
                    ],
                    [
                        588,
                        179
                    ],
                    [
                        588,
                        180
                    ],
                    [
                        587,
                        181
                    ],
                    [
                        587,
                        183
                    ],
                    [
                        585,
                        185
                    ],
                    [
                        585,
                        187
                    ],
                    [
                        586,
                        188
                    ],
                    [
                        586,
                        206
                    ],
                    [
                        588,
                        208
                    ],
                    [
                        589,
                        208
                    ],
                    [
                        590,
                        207
                    ],
                    [
                        591,
                        207
                    ],
                    [
                        592,
                        206
                    ],
                    [
                        614,
                        206
                    ],
                    [
                        615,
                        207
                    ],
                    [
                        616,
                        207
                    ],
                    [
                        618,
                        209
                    ],
                    [
                        621,
                        209
                    ],
                    [
                        622,
                        208
                    ],
                    [
                        622,
                        201
                    ],
                    [
                        623,
                        200
                    ],
                    [
                        623,
                        193
                    ],
                    [
                        622,
                        192
                    ],
                    [
                        622,
                        188
                    ],
                    [
                        623,
                        187
                    ],
                    [
                        623,
                        184
                    ],
                    [
                        621,
                        182
                    ],
                    [
                        621,
                        180
                    ],
                    [
                        618,
                        177
                    ],
                    [
                        618,
                        176
                    ],
                    [
                        617,
                        175
                    ],
                    [
                        615,
                        175
                    ],
                    [
                        614,
                        174
                    ]
                ],
                "interior": []
            }
        },
        {
            "id": 159527767,
            "classId": 6551258,
            "objectId": null,
            "description": "",
            "geometryType": "rectangle",
            "labelerLogin": "inbox@datasetninja.com",
            "createdAt": "2024-03-12T15:34:52.733Z",
            "updatedAt": "2024-03-12T15:34:52.733Z",
            "tags": [
                {
                    "id": 121988331,
                    "tagId": 32511,
                    "name": "object id",
                    "value": 1031,
                    "labelerLogin": "inbox@datasetninja.com",
                    "createdAt": "2024-03-12T15:34:52.733Z",
                    "updatedAt": "2024-03-12T15:34:52.733Z"
                },
                {
                    "id": 121988332,
                    "tagId": 32513,
                    "name": "instance id",
                    "value": 31,
                    "labelerLogin": "inbox@datasetninja.com",
                    "createdAt": "2024-03-12T15:34:52.733Z",
                    "updatedAt": "2024-03-12T15:34:52.733Z"
                }
            ],
            "classTitle": "car",
            "points": {
                "exterior": [
                    [
                        585,
                        174
                    ],
                    [
                        623,
                        209
                    ]
                ],
                "interior": []
            }
        },
        {
            "id": 159527768,
            "classId": 6551259,
            "objectId": null,
            "description": "",
            "geometryType": "polygon",
            "labelerLogin": "inbox@datasetninja.com",
            "createdAt": "2024-03-12T15:34:52.734Z",
            "updatedAt": "2024-03-12T15:34:52.734Z",
            "tags": [],
            "classTitle": "ignore region",
            "points": {
                "exterior": [
                    [
                        504,
                        163
                    ],
                    [
                        504,
                        176
                    ],
                    [
                        516,
                        176
                    ],
                    [
                        516,
                        163
                    ]
                ],
                "interior": []
            }
        },
        {
            "id": 159527769,
            "classId": 6551259,
            "objectId": null,
            "description": "",
            "geometryType": "rectangle",
            "labelerLogin": "inbox@datasetninja.com",
            "createdAt": "2024-03-12T15:34:52.734Z",
            "updatedAt": "2024-03-12T15:34:52.734Z",
            "tags": [],
            "classTitle": "ignore region",
            "points": {
                "exterior": [
                    [
                        504,
                        163
                    ],
                    [
                        516,
                        176
                    ]
                ],
                "interior": []
            }
        }
    ]
}