{
    "description": "",
    "tags": [
        {
            "id": 21885210,
            "tagId": 32512,
            "name": "sequence",
            "value": "0005",
            "labelerLogin": "inbox@datasetninja.com",
            "createdAt": "2024-03-12T15:33:34.835Z",
            "updatedAt": "2024-03-12T15:33:34.835Z"
        }
    ],
    "size": {
        "height": 375,
        "width": 1242
    },
    "objects": [
        {
            "id": 159526892,
            "classId": 6551258,
            "objectId": null,
            "description": "",
            "geometryType": "polygon",
            "labelerLogin": "inbox@datasetninja.com",
            "createdAt": "2024-03-12T15:33:34.836Z",
            "updatedAt": "2024-03-12T15:33:34.836Z",
            "tags": [
                {
                    "id": 121987337,
                    "tagId": 32511,
                    "name": "object id",
                    "value": 1014,
                    "labelerLogin": "inbox@datasetninja.com",
                    "createdAt": "2024-03-12T15:33:34.836Z",
                    "updatedAt": "2024-03-12T15:33:34.836Z"
                },
                {
                    "id": 121987338,
                    "tagId": 32513,
                    "name": "instance id",
                    "value": 14,
                    "labelerLogin": "inbox@datasetninja.com",
                    "createdAt": "2024-03-12T15:33:34.836Z",
                    "updatedAt": "2024-03-12T15:33:34.836Z"
                }
            ],
            "classTitle": "car",
            "points": {
                "exterior": [
                    [
                        0,
                        190
                    ],
                    [
                        0,
                        225
                    ],
                    [
                        4,
                        225
                    ],
                    [
                        5,
                        226
                    ],
                    [
                        7,
                        226
                    ],
                    [
                        8,
                        227
                    ],
                    [
                        17,
                        227
                    ],
                    [
                        19,
                        225
                    ],
                    [
                        20,
                        225
                    ],
                    [
                        21,
                        224
                    ],
                    [
                        21,
                        223
                    ],
                    [
                        23,
                        221
                    ],
                    [
                        23,
                        220
                    ],
                    [
                        25,
                        218
                    ],
                    [
                        25,
                        217
                    ],
                    [
                        26,
                        216
                    ],
                    [
                        26,
                        215
                    ],
                    [
                        28,
                        213
                    ],
                    [
                        28,
                        211
                    ],
                    [
                        29,
                        210
                    ],
                    [
                        29,
                        201
                    ],
                    [
                        28,
                        200
                    ],
                    [
                        28,
                        198
                    ],
                    [
                        25,
                        195
                    ],
                    [
                        21,
                        195
                    ],
                    [
                        20,
                        194
                    ],
                    [
                        16,
                        194
                    ],
                    [
                        15,
                        193
                    ],
                    [
                        6,
                        193
                    ],
                    [
                        5,
                        192
                    ],
                    [
                        4,
                        192
                    ],
                    [
                        3,
                        191
                    ],
                    [
                        2,
                        191
                    ],
                    [
                        1,
                        190
                    ]
                ],
                "interior": []
            }
        },
        {
            "id": 159526893,
            "classId": 6551258,
            "objectId": null,
            "description": "",
            "geometryType": "rectangle",
            "labelerLogin": "inbox@datasetninja.com",
            "createdAt": "2024-03-12T15:33:34.837Z",
            "updatedAt": "2024-03-12T15:33:34.837Z",
            "tags": [
                {
                    "id": 121987339,
                    "tagId": 32511,
                    "name": "object id",
                    "value": 1014,
                    "labelerLogin": "inbox@datasetninja.com",
                    "createdAt": "2024-03-12T15:33:34.837Z",
                    "updatedAt": "2024-03-12T15:33:34.837Z"
                },
                {
                    "id": 121987340,
                    "tagId": 32513,
                    "name": "instance id",
                    "value": 14,
                    "labelerLogin": "inbox@datasetninja.com",
                    "createdAt": "2024-03-12T15:33:34.837Z",
                    "updatedAt": "2024-03-12T15:33:34.837Z"
                }
            ],
            "classTitle": "car",
            "points": {
                "exterior": [
                    [
                        0,
                        190
                    ],
                    [
                        29,
                        227
                    ]
                ],
                "interior": []
            }
        },
        {
            "id": 159526894,
            "classId": 6551258,
            "objectId": null,
            "description": "",
            "geometryType": "polygon",
            "labelerLogin": "inbox@datasetninja.com",
            "createdAt": "2024-03-12T15:33:34.837Z",
            "updatedAt": "2024-03-12T15:33:34.837Z",
            "tags": [
                {
                    "id": 121987341,
                    "tagId": 32511,
                    "name": "object id",
                    "value": 1016,
                    "labelerLogin": "inbox@datasetninja.com",
                    "createdAt": "2024-03-12T15:33:34.837Z",
                    "updatedAt": "2024-03-12T15:33:34.837Z"
                },
                {
                    "id": 121987342,
                    "tagId": 32513,
                    "name": "instance id",
                    "value": 16,
                    "labelerLogin": "inbox@datasetninja.com",
                    "createdAt": "2024-03-12T15:33:34.837Z",
                    "updatedAt": "2024-03-12T15:33:34.837Z"
                }
            ],
            "classTitle": "car",
            "points": {
                "exterior": [
                    [
                        94,
                        184
                    ],
                    [
                        93,
                        185
                    ],
                    [
                        84,
                        185
                    ],
                    [
                        83,
                        186
                    ],
                    [
                        79,
                        186
                    ],
                    [
                        78,
                        187
                    ],
                    [
                        77,
                        187
                    ],
                    [
                        73,
                        191
                    ],
                    [
                        72,
                        191
                    ],
                    [
                        69,
                        194
                    ],
                    [
                        68,
                        194
                    ],
                    [
                        66,
                        196
                    ],
                    [
                        64,
                        196
                    ],
                    [
                        63,
                        197
                    ],
                    [
                        59,
                        197
                    ],
                    [
                        58,
                        198
                    ],
                    [
                        54,
                        198
                    ],
                    [
                        53,
                        199
                    ],
                    [
                        50,
                        199
                    ],
                    [
                        49,
                        200
                    ],
                    [
                        47,
                        200
                    ],
                    [
                        46,
                        201
                    ],
                    [
                        44,
                        201
                    ],
                    [
                        43,
                        202
                    ],
                    [
                        42,
                        202
                    ],
                    [
                        41,
                        203
                    ],
                    [
                        41,
                        204
                    ],
                    [
                        40,
                        205
                    ],
                    [
                        40,
                        206
                    ],
                    [
                        39,
                        207
                    ],
                    [
                        39,
                        210
                    ],
                    [
                        38,
                        211
                    ],
                    [
                        38,
                        214
                    ],
                    [
                        39,
                        215
                    ],
                    [
                        39,
                        216
                    ],
                    [
                        40,
                        217
                    ],
                    [
                        40,
                        218
                    ],
                    [
                        41,
                        219
                    ],
                    [
                        41,
                        220
                    ],
                    [
                        56,
                        220
                    ],
                    [
                        57,
                        219
                    ],
                    [
                        86,
                        219
                    ],
                    [
                        87,
                        220
                    ],
                    [
                        88,
                        220
                    ],
                    [
                        89,
                        221
                    ],
                    [
                        96,
                        221
                    ],
                    [
                        97,
                        220
                    ],
                    [
                        98,
                        220
                    ],
                    [
                        99,
                        219
                    ],
                    [
                        99,
                        218
                    ],
                    [
                        100,
                        217
                    ],
                    [
                        108,
                        217
                    ],
                    [
                        109,
                        216
                    ],
                    [
                        124,
                        216
                    ],
                    [
                        125,
                        215
                    ],
                    [
                        132,
                        215
                    ],
                    [
                        135,
                        218
                    ],
                    [
                        144,
                        218
                    ],
                    [
                        144,
                        217
                    ],
                    [
                        145,
                        216
                    ],
                    [
                        145,
                        215
                    ],
                    [
                        146,
                        214
                    ],
                    [
                        146,
                        212
                    ],
                    [
                        147,
                        211
                    ],
                    [
                        147,
                        207
                    ],
                    [
                        148,
                        206
                    ],
                    [
                        148,
                        203
                    ],
                    [
                        147,
                        202
                    ],
                    [
                        147,
                        201
                    ],
                    [
                        146,
                        200
                    ],
                    [
                        146,
                        198
                    ],
                    [
                        145,
                        197
                    ],
                    [
                        145,
                        196
                    ],
                    [
                        144,
                        195
                    ],
                    [
                        144,
                        194
                    ],
                    [
                        140,
                        190
                    ],
                    [
                        140,
                        189
                    ],
                    [
                        136,
                        185
                    ],
                    [
                        131,
                        185
                    ],
                    [
                        130,
                        184
                    ]
                ],
                "interior": []
            }
        },
        {
            "id": 159526895,
            "classId": 6551258,
            "objectId": null,
            "description": "",
            "geometryType": "rectangle",
            "labelerLogin": "inbox@datasetninja.com",
            "createdAt": "2024-03-12T15:33:34.838Z",
            "updatedAt": "2024-03-12T15:33:34.838Z",
            "tags": [
                {
                    "id": 121987343,
                    "tagId": 32511,
                    "name": "object id",
                    "value": 1016,
                    "labelerLogin": "inbox@datasetninja.com",
                    "createdAt": "2024-03-12T15:33:34.838Z",
                    "updatedAt": "2024-03-12T15:33:34.838Z"
                },
                {
                    "id": 121987344,
                    "tagId": 32513,
                    "name": "instance id",
                    "value": 16,
                    "labelerLogin": "inbox@datasetninja.com",
                    "createdAt": "2024-03-12T15:33:34.838Z",
                    "updatedAt": "2024-03-12T15:33:34.838Z"
                }
            ],
            "classTitle": "car",
            "points": {
                "exterior": [
                    [
                        38,
                        184
                    ],
                    [
                        148,
                        221
                    ]
                ],
                "interior": []
            }
        },
        {
            "id": 159526896,
            "classId": 6551258,
            "objectId": null,
            "description": "",
            "geometryType": "polygon",
            "labelerLogin": "inbox@datasetninja.com",
            "createdAt": "2024-03-12T15:33:34.839Z",
            "updatedAt": "2024-03-12T15:33:34.839Z",
            "tags": [
                {
                    "id": 121987345,
                    "tagId": 32511,
                    "name": "object id",
                    "value": 1017,
                    "labelerLogin": "inbox@datasetninja.com",
                    "createdAt": "2024-03-12T15:33:34.838Z",
                    "updatedAt": "2024-03-12T15:33:34.838Z"
                },
                {
                    "id": 121987346,
                    "tagId": 32513,
                    "name": "instance id",
                    "value": 17,
                    "labelerLogin": "inbox@datasetninja.com",
                    "createdAt": "2024-03-12T15:33:34.838Z",
                    "updatedAt": "2024-03-12T15:33:34.838Z"
                }
            ],
            "classTitle": "car",
            "points": {
                "exterior": [
                    [
                        388,
                        189
                    ],
                    [
                        387,
                        190
                    ],
                    [
                        382,
                        190
                    ],
                    [
                        381,
                        191
                    ],
                    [
                        378,
                        191
                    ],
                    [
                        377,
                        192
                    ],
                    [
                        376,
                        192
                    ],
                    [
                        375,
                        193
                    ],
                    [
                        374,
                        193
                    ],
                    [
                        373,
                        194
                    ],
                    [
                        370,
                        194
                    ],
                    [
                        369,
                        195
                    ],
                    [
                        367,
                        195
                    ],
                    [
                        366,
                        196
                    ],
                    [
                        365,
                        196
                    ],
                    [
                        363,
                        198
                    ],
                    [
                        362,
                        198
                    ],
                    [
                        359,
                        201
                    ],
                    [
                        358,
                        201
                    ],
                    [
                        358,
                        202
                    ],
                    [
                        357,
                        203
                    ],
                    [
                        356,
                        203
                    ],
                    [
                        356,
                        204
                    ],
                    [
                        355,
                        205
                    ],
                    [
                        355,
                        206
                    ],
                    [
                        352,
                        209
                    ],
                    [
                        351,
                        209
                    ],
                    [
                        349,
                        211
                    ],
                    [
                        349,
                        212
                    ],
                    [
                        345,
                        216
                    ],
                    [
                        344,
                        216
                    ],
                    [
                        343,
                        217
                    ],
                    [
                        343,
                        218
                    ],
                    [
                        342,
                        219
                    ],
                    [
                        340,
                        219
                    ],
                    [
                        340,
                        222
                    ],
                    [
                        337,
                        225
                    ],
                    [
                        336,
                        225
                    ],
                    [
                        335,
                        226
                    ],
                    [
                        333,
                        226
                    ],
                    [
                        332,
                        227
                    ],
                    [
                        331,
                        227
                    ],
                    [
                        330,
                        228
                    ],
                    [
                        329,
                        228
                    ],
                    [
                        328,
                        229
                    ],
                    [
                        327,
                        229
                    ],
                    [
                        326,
                        230
                    ],
                    [
                        325,
                        230
                    ],
                    [
                        324,
                        231
                    ],
                    [
                        322,
                        231
                    ],
                    [
                        321,
                        232
                    ],
                    [
                        320,
                        232
                    ],
                    [
                        320,
                        233
                    ],
                    [
                        319,
                        234
                    ],
                    [
                        318,
                        234
                    ],
                    [
                        317,
                        235
                    ],
                    [
                        316,
                        235
                    ],
                    [
                        314,
                        237
                    ],
                    [
                        313,
                        237
                    ],
                    [
                        313,
                        238
                    ],
                    [
                        311,
                        240
                    ],
                    [
                        311,
                        247
                    ],
                    [
                        310,
                        248
                    ],
                    [
                        310,
                        251
                    ],
                    [
                        309,
                        252
                    ],
                    [
                        309,
                        255
                    ],
                    [
                        307,
                        257
                    ],
                    [
                        307,
                        264
                    ],
                    [
                        309,
                        266
                    ],
                    [
                        309,
                        268
                    ],
                    [
                        311,
                        270
                    ],
                    [
                        311,
                        271
                    ],
                    [
                        313,
                        273
                    ],
                    [
                        313,
                        274
                    ],
                    [
                        318,
                        279
                    ],
                    [
                        318,
                        280
                    ],
                    [
                        320,
                        282
                    ],
                    [
                        321,
                        282
                    ],
                    [
                        322,
                        283
                    ],
                    [
                        326,
                        283
                    ],
                    [
                        327,
                        282
                    ],
                    [
                        329,
                        282
                    ],
                    [
                        332,
                        279
                    ],
                    [
                        333,
                        279
                    ],
                    [
                        334,
                        278
                    ],
                    [
                        397,
                        278
                    ],
                    [
                        398,
                        277
                    ],
                    [
                        411,
                        277
                    ],
                    [
                        412,
                        278
                    ],
                    [
                        412,
                        279
                    ],
                    [
                        414,
                        281
                    ],
                    [
                        415,
                        281
                    ],
                    [
                        417,
                        283
                    ],
                    [
                        424,
                        283
                    ],
                    [
                        425,
                        282
                    ],
                    [
                        426,
                        282
                    ],
                    [
                        429,
                        279
                    ],
                    [
                        429,
                        276
                    ],
                    [
                        430,
                        275
                    ],
                    [
                        430,
                        274
                    ],
                    [
                        431,
                        273
                    ],
                    [
                        431,
                        271
                    ],
                    [
                        433,
                        269
                    ],
                    [
                        433,
                        268
                    ],
                    [
                        434,
                        267
                    ],
                    [
                        435,
                        267
                    ],
                    [
                        437,
                        265
                    ],
                    [
                        438,
                        265
                    ],
                    [
                        439,
                        264
                    ],
                    [
                        440,
                        264
                    ],
                    [
                        441,
                        263
                    ],
                    [
                        444,
                        263
                    ],
                    [
                        445,
                        262
                    ],
                    [
                        456,
                        262
                    ],
                    [
                        457,
                        263
                    ],
                    [
                        458,
                        262
                    ],
                    [
                        461,
                        262
                    ],
                    [
                        463,
                        260
                    ],
                    [
                        463,
                        259
                    ],
                    [
                        464,
                        258
                    ],
                    [
                        464,
                        253
                    ],
                    [
                        465,
                        252
                    ],
                    [
                        465,
                        248
                    ],
                    [
                        466,
                        247
                    ],
                    [
                        466,
                        242
                    ],
                    [
                        467,
                        241
                    ],
                    [
                        467,
                        237
                    ],
                    [
                        468,
                        236
                    ],
                    [
                        468,
                        225
                    ],
                    [
                        467,
                        224
                    ],
                    [
                        467,
                        218
                    ],
                    [
                        466,
                        217
                    ],
                    [
                        466,
                        216
                    ],
                    [
                        462,
                        212
                    ],
                    [
                        461,
                        212
                    ],
                    [
                        460,
                        211
                    ],
                    [
                        460,
                        210
                    ],
                    [
                        456,
                        206
                    ],
                    [
                        456,
                        205
                    ],
                    [
                        449,
                        198
                    ],
                    [
                        449,
                        197
                    ],
                    [
                        448,
                        197
                    ],
                    [
                        446,
                        195
                    ],
                    [
                        445,
                        195
                    ],
                    [
                        444,
                        194
                    ],
                    [
                        443,
                        194
                    ],
                    [
                        441,
                        192
                    ],
                    [
                        436,
                        192
                    ],
                    [
                        435,
                        191
                    ],
                    [
                        432,
                        191
                    ],
                    [
                        431,
                        190
                    ],
                    [
                        424,
                        190
                    ],
                    [
                        423,
                        189
                    ]
                ],
                "interior": []
            }
        },
        {
            "id": 159526897,
            "classId": 6551258,
            "objectId": null,
            "description": "",
            "geometryType": "rectangle",
            "labelerLogin": "inbox@datasetninja.com",
            "createdAt": "2024-03-12T15:33:34.839Z",
            "updatedAt": "2024-03-12T15:33:34.839Z",
            "tags": [
                {
                    "id": 121987347,
                    "tagId": 32511,
                    "name": "object id",
                    "value": 1017,
                    "labelerLogin": "inbox@datasetninja.com",
                    "createdAt": "2024-03-12T15:33:34.839Z",
                    "updatedAt": "2024-03-12T15:33:34.839Z"
                },
                {
                    "id": 121987348,
                    "tagId": 32513,
                    "name": "instance id",
                    "value": 17,
                    "labelerLogin": "inbox@datasetninja.com",
                    "createdAt": "2024-03-12T15:33:34.839Z",
                    "updatedAt": "2024-03-12T15:33:34.839Z"
                }
            ],
            "classTitle": "car",
            "points": {
                "exterior": [
                    [
                        307,
                        189
                    ],
                    [
                        468,
                        283
                    ]
                ],
                "interior": []
            }
        },
        {
            "id": 159526898,
            "classId": 6551258,
            "objectId": null,
            "description": "",
            "geometryType": "polygon",
            "labelerLogin": "inbox@datasetninja.com",
            "createdAt": "2024-03-12T15:33:34.840Z",
            "updatedAt": "2024-03-12T15:33:34.840Z",
            "tags": [
                {
                    "id": 121987349,
                    "tagId": 32511,
                    "name": "object id",
                    "value": 1018,
                    "labelerLogin": "inbox@datasetninja.com",
                    "createdAt": "2024-03-12T15:33:34.839Z",
                    "updatedAt": "2024-03-12T15:33:34.839Z"
                },
                {
                    "id": 121987350,
                    "tagId": 32513,
                    "name": "instance id",
                    "value": 18,
                    "labelerLogin": "inbox@datasetninja.com",
                    "createdAt": "2024-03-12T15:33:34.839Z",
                    "updatedAt": "2024-03-12T15:33:34.839Z"
                }
            ],
            "classTitle": "car",
            "points": {
                "exterior": [
                    [
                        545,
                        179
                    ],
                    [
                        544,
                        180
                    ],
                    [
                        541,
                        180
                    ],
                    [
                        540,
                        181
                    ],
                    [
                        540,
                        182
                    ],
                    [
                        538,
                        184
                    ],
                    [
                        538,
                        185
                    ],
                    [
                        536,
                        187
                    ],
                    [
                        536,
                        189
                    ],
                    [
                        535,
                        190
                    ],
                    [
                        535,
                        194
                    ],
                    [
                        534,
                        195
                    ],
                    [
                        534,
                        199
                    ],
                    [
                        535,
                        200
                    ],
                    [
                        535,
                        202
                    ],
                    [
                        547,
                        202
                    ],
                    [
                        548,
                        203
                    ],
                    [
                        560,
                        203
                    ],
                    [
                        561,
                        202
                    ],
                    [
                        563,
                        202
                    ],
                    [
                        564,
                        201
                    ],
                    [
                        564,
                        195
                    ],
                    [
                        563,
                        194
                    ],
                    [
                        563,
                        186
                    ],
                    [
                        560,
                        183
                    ],
                    [
                        560,
                        182
                    ],
                    [
                        558,
                        180
                    ],
                    [
                        557,
                        180
                    ],
                    [
                        556,
                        179
                    ]
                ],
                "interior": []
            }
        },
        {
            "id": 159526899,
            "classId": 6551258,
            "objectId": null,
            "description": "",
            "geometryType": "rectangle",
            "labelerLogin": "inbox@datasetninja.com",
            "createdAt": "2024-03-12T15:33:34.840Z",
            "updatedAt": "2024-03-12T15:33:34.840Z",
            "tags": [
                {
                    "id": 121987351,
                    "tagId": 32511,
                    "name": "object id",
                    "value": 1018,
                    "labelerLogin": "inbox@datasetninja.com",
                    "createdAt": "2024-03-12T15:33:34.840Z",
                    "updatedAt": "2024-03-12T15:33:34.840Z"
                },
                {
                    "id": 121987352,
                    "tagId": 32513,
                    "name": "instance id",
                    "value": 18,
                    "labelerLogin": "inbox@datasetninja.com",
                    "createdAt": "2024-03-12T15:33:34.840Z",
                    "updatedAt": "2024-03-12T15:33:34.840Z"
                }
            ],
            "classTitle": "car",
            "points": {
                "exterior": [
                    [
                        534,
                        179
                    ],
                    [
                        564,
                        203
                    ]
                ],
                "interior": []
            }
        },
        {
            "id": 159526900,
            "classId": 6551258,
            "objectId": null,
            "description": "",
            "geometryType": "polygon",
            "labelerLogin": "inbox@datasetninja.com",
            "createdAt": "2024-03-12T15:33:34.841Z",
            "updatedAt": "2024-03-12T15:33:34.841Z",
            "tags": [
                {
                    "id": 121987353,
                    "tagId": 32511,
                    "name": "object id",
                    "value": 1019,
                    "labelerLogin": "inbox@datasetninja.com",
                    "createdAt": "2024-03-12T15:33:34.840Z",
                    "updatedAt": "2024-03-12T15:33:34.840Z"
                },
                {
                    "id": 121987354,
                    "tagId": 32513,
                    "name": "instance id",
                    "value": 19,
                    "labelerLogin": "inbox@datasetninja.com",
                    "createdAt": "2024-03-12T15:33:34.840Z",
                    "updatedAt": "2024-03-12T15:33:34.840Z"
                }
            ],
            "classTitle": "car",
            "points": {
                "exterior": [
                    [
                        568,
                        179
                    ],
                    [
                        567,
                        180
                    ],
                    [
                        564,
                        180
                    ],
                    [
                        563,
                        181
                    ],
                    [
                        563,
                        184
                    ],
                    [
                        564,
                        185
                    ],
                    [
                        564,
                        194
                    ],
                    [
                        573,
                        194
                    ],
                    [
                        574,
                        195
                    ],
                    [
                        578,
                        195
                    ],
                    [
                        578,
                        193
                    ],
                    [
                        579,
                        192
                    ],
                    [
                        579,
                        186
                    ],
                    [
                        577,
                        184
                    ],
                    [
                        577,
                        183
                    ],
                    [
                        574,
                        180
                    ],
                    [
                        572,
                        180
                    ],
                    [
                        571,
                        179
                    ]
                ],
                "interior": []
            }
        },
        {
            "id": 159526901,
            "classId": 6551258,
            "objectId": null,
            "description": "",
            "geometryType": "rectangle",
            "labelerLogin": "inbox@datasetninja.com",
            "createdAt": "2024-03-12T15:33:34.843Z",
            "updatedAt": "2024-03-12T15:33:34.843Z",
            "tags": [
                {
                    "id": 121987355,
                    "tagId": 32511,
                    "name": "object id",
                    "value": 1019,
                    "labelerLogin": "inbox@datasetninja.com",
                    "createdAt": "2024-03-12T15:33:34.843Z",
                    "updatedAt": "2024-03-12T15:33:34.843Z"
                },
                {
                    "id": 121987356,
                    "tagId": 32513,
                    "name": "instance id",
                    "value": 19,
                    "labelerLogin": "inbox@datasetninja.com",
                    "createdAt": "2024-03-12T15:33:34.843Z",
                    "updatedAt": "2024-03-12T15:33:34.843Z"
                }
            ],
            "classTitle": "car",
            "points": {
                "exterior": [
                    [
                        563,
                        179
                    ],
                    [
                        579,
                        195
                    ]
                ],
                "interior": []
            }
        },
        {
            "id": 159526902,
            "classId": 6551258,
            "objectId": null,
            "description": "",
            "geometryType": "polygon",
            "labelerLogin": "inbox@datasetninja.com",
            "createdAt": "2024-03-12T15:33:34.843Z",
            "updatedAt": "2024-03-12T15:33:34.843Z",
            "tags": [
                {
                    "id": 121987357,
                    "tagId": 32511,
                    "name": "object id",
                    "value": 1031,
                    "labelerLogin": "inbox@datasetninja.com",
                    "createdAt": "2024-03-12T15:33:34.843Z",
                    "updatedAt": "2024-03-12T15:33:34.843Z"
                },
                {
                    "id": 121987358,
                    "tagId": 32513,
                    "name": "instance id",
                    "value": 31,
                    "labelerLogin": "inbox@datasetninja.com",
                    "createdAt": "2024-03-12T15:33:34.843Z",
                    "updatedAt": "2024-03-12T15:33:34.843Z"
                }
            ],
            "classTitle": "car",
            "points": {
                "exterior": [
                    [
                        599,
                        179
                    ],
                    [
                        598,
                        180
                    ],
                    [
                        595,
                        180
                    ],
                    [
                        593,
                        182
                    ],
                    [
                        593,
                        183
                    ],
                    [
                        591,
                        185
                    ],
                    [
                        591,
                        186
                    ],
                    [
                        590,
                        187
                    ],
                    [
                        590,
                        189
                    ],
                    [
                        589,
                        190
                    ],
                    [
                        589,
                        195
                    ],
                    [
                        588,
                        196
                    ],
                    [
                        588,
                        201
                    ],
                    [
                        587,
                        202
                    ],
                    [
                        587,
                        211
                    ],
                    [
                        588,
                        212
                    ],
                    [
                        588,
                        218
                    ],
                    [
                        589,
                        219
                    ],
                    [
                        589,
                        220
                    ],
                    [
                        592,
                        220
                    ],
                    [
                        593,
                        219
                    ],
                    [
                        594,
                        219
                    ],
                    [
                        595,
                        218
                    ],
                    [
                        596,
                        218
                    ],
                    [
                        597,
                        217
                    ],
                    [
                        613,
                        217
                    ],
                    [
                        614,
                        218
                    ],
                    [
                        618,
                        218
                    ],
                    [
                        619,
                        217
                    ],
                    [
                        624,
                        217
                    ],
                    [
                        628,
                        221
                    ],
                    [
                        629,
                        221
                    ],
                    [
                        630,
                        222
                    ],
                    [
                        631,
                        222
                    ],
                    [
                        632,
                        221
                    ],
                    [
                        632,
                        218
                    ],
                    [
                        633,
                        217
                    ],
                    [
                        633,
                        201
                    ],
                    [
                        632,
                        200
                    ],
                    [
                        632,
                        194
                    ],
                    [
                        633,
                        193
                    ],
                    [
                        633,
                        191
                    ],
                    [
                        631,
                        189
                    ],
                    [
                        631,
                        188
                    ],
                    [
                        629,
                        186
                    ],
                    [
                        629,
                        184
                    ],
                    [
                        627,
                        182
                    ],
                    [
                        627,
                        181
                    ],
                    [
                        626,
                        181
                    ],
                    [
                        625,
                        180
                    ],
                    [
                        623,
                        180
                    ],
                    [
                        622,
                        179
                    ]
                ],
                "interior": []
            }
        },
        {
            "id": 159526903,
            "classId": 6551258,
            "objectId": null,
            "description": "",
            "geometryType": "rectangle",
            "labelerLogin": "inbox@datasetninja.com",
            "createdAt": "2024-03-12T15:33:34.844Z",
            "updatedAt": "2024-03-12T15:33:34.844Z",
            "tags": [
                {
                    "id": 121987359,
                    "tagId": 32511,
                    "name": "object id",
                    "value": 1031,
                    "labelerLogin": "inbox@datasetninja.com",
                    "createdAt": "2024-03-12T15:33:34.844Z",
                    "updatedAt": "2024-03-12T15:33:34.844Z"
                },
                {
                    "id": 121987360,
                    "tagId": 32513,
                    "name": "instance id",
                    "value": 31,
                    "labelerLogin": "inbox@datasetninja.com",
                    "createdAt": "2024-03-12T15:33:34.844Z",
                    "updatedAt": "2024-03-12T15:33:34.844Z"
                }
            ],
            "classTitle": "car",
            "points": {
                "exterior": [
                    [
                        587,
                        179
                    ],
                    [
                        633,
                        222
                    ]
                ],
                "interior": []
            }
        },
        {
            "id": 159526904,
            "classId": 6551259,
            "objectId": null,
            "description": "",
            "geometryType": "polygon",
            "labelerLogin": "inbox@datasetninja.com",
            "createdAt": "2024-03-12T15:33:34.844Z",
            "updatedAt": "2024-03-12T15:33:34.844Z",
            "tags": [],
            "classTitle": "ignore region",
            "points": {
                "exterior": [
                    [
                        1123,
                        195
                    ],
                    [
                        1123,
                        279
                    ],
                    [
                        1200,
                        279
                    ],
                    [
                        1200,
                        195
                    ]
                ],
                "interior": []
            }
        },
        {
            "id": 159526905,
            "classId": 6551259,
            "objectId": null,
            "description": "",
            "geometryType": "rectangle",
            "labelerLogin": "inbox@datasetninja.com",
            "createdAt": "2024-03-12T15:33:34.844Z",
            "updatedAt": "2024-03-12T15:33:34.844Z",
            "tags": [],
            "classTitle": "ignore region",
            "points": {
                "exterior": [
                    [
                        1123,
                        195
                    ],
                    [
                        1200,
                        279
                    ]
                ],
                "interior": []
            }
        },
        {
            "id": 159526906,
            "classId": 6551259,
            "objectId": null,
            "description": "",
            "geometryType": "polygon",
            "labelerLogin": "inbox@datasetninja.com",
            "createdAt": "2024-03-12T15:33:34.844Z",
            "updatedAt": "2024-03-12T15:33:34.844Z",
            "tags": [],
            "classTitle": "ignore region",
            "points": {
                "exterior": [
                    [
                        490,
                        179
                    ],
                    [
                        490,
                        190
                    ],
                    [
                        519,
                        190
                    ],
                    [
                        519,
                        179
                    ]
                ],
                "interior": []
            }
        },
        {
            "id": 159526907,
            "classId": 6551259,
            "objectId": null,
            "description": "",
            "geometryType": "rectangle",
            "labelerLogin": "inbox@datasetninja.com",
            "createdAt": "2024-03-12T15:33:34.844Z",
            "updatedAt": "2024-03-12T15:33:34.844Z",
            "tags": [],
            "classTitle": "ignore region",
            "points": {
                "exterior": [
                    [
                        490,
                        179
                    ],
                    [
                        519,
                        190
                    ]
                ],
                "interior": []
            }
        },
        {
            "id": 159526908,
            "classId": 6551259,
            "objectId": null,
            "description": "",
            "geometryType": "polygon",
            "labelerLogin": "inbox@datasetninja.com",
            "createdAt": "2024-03-12T15:33:34.845Z",
            "updatedAt": "2024-03-12T15:33:34.845Z",
            "tags": [],
            "classTitle": "ignore region",
            "points": {
                "exterior": [
                    [
                        429,
                        174
                    ],
                    [
                        429,
                        189
                    ],
                    [
                        431,
                        189
                    ],
                    [
                        432,
                        190
                    ],
                    [
                        435,
                        190
                    ],
                    [
                        436,
                        191
                    ],
                    [
                        441,
                        191
                    ],
                    [
                        443,
                        193
                    ],
                    [
                        444,
                        193
                    ],
                    [
                        445,
                        194
                    ],
                    [
                        446,
                        194
                    ],
                    [
                        448,
                        196
                    ],
                    [
                        461,
                        196
                    ],
                    [
                        461,
                        174
                    ]
                ],
                "interior": []
            }
        },
        {
            "id": 159526909,
            "classId": 6551259,
            "objectId": null,
            "description": "",
            "geometryType": "rectangle",
            "labelerLogin": "inbox@datasetninja.com",
            "createdAt": "2024-03-12T15:33:34.845Z",
            "updatedAt": "2024-03-12T15:33:34.845Z",
            "tags": [],
            "classTitle": "ignore region",
            "points": {
                "exterior": [
                    [
                        429,
                        174
                    ],
                    [
                        461,
                        196
                    ]
                ],
                "interior": []
            }
        },
        {
            "id": 159526910,
            "classId": 6551259,
            "objectId": null,
            "description": "",
            "geometryType": "polygon",
            "labelerLogin": "inbox@datasetninja.com",
            "createdAt": "2024-03-12T15:33:34.845Z",
            "updatedAt": "2024-03-12T15:33:34.845Z",
            "tags": [],
            "classTitle": "ignore region",
            "points": {
                "exterior": [
                    [
                        578,
                        169
                    ],
                    [
                        578,
                        184
                    ],
                    [
                        591,
                        184
                    ],
                    [
                        592,
                        183
                    ],
                    [
                        592,
                        182
                    ],
                    [
                        594,
                        180
                    ],
                    [
                        594,
                        169
                    ]
                ],
                "interior": []
            }
        },
        {
            "id": 159526911,
            "classId": 6551259,
            "objectId": null,
            "description": "",
            "geometryType": "rectangle",
            "labelerLogin": "inbox@datasetninja.com",
            "createdAt": "2024-03-12T15:33:34.845Z",
            "updatedAt": "2024-03-12T15:33:34.845Z",
            "tags": [],
            "classTitle": "ignore region",
            "points": {
                "exterior": [
                    [
                        578,
                        169
                    ],
                    [
                        594,
                        184
                    ]
                ],
                "interior": []
            }
        }
    ]
}