{
    "description": "",
    "tags": [
        {
            "id": 21885591,
            "tagId": 32512,
            "name": "sequence",
            "value": "0009",
            "labelerLogin": "inbox@datasetninja.com",
            "createdAt": "2024-03-12T15:40:21.328Z",
            "updatedAt": "2024-03-12T15:40:21.328Z"
        }
    ],
    "size": {
        "height": 375,
        "width": 1242
    },
    "objects": [
        {
            "id": 159532558,
            "classId": 6551258,
            "objectId": null,
            "description": "",
            "geometryType": "polygon",
            "labelerLogin": "inbox@datasetninja.com",
            "createdAt": "2024-03-12T15:40:21.329Z",
            "updatedAt": "2024-03-12T15:40:21.329Z",
            "tags": [
                {
                    "id": 121993581,
                    "tagId": 32511,
                    "name": "object id",
                    "value": 1081,
                    "labelerLogin": "inbox@datasetninja.com",
                    "createdAt": "2024-03-12T15:40:21.329Z",
                    "updatedAt": "2024-03-12T15:40:21.329Z"
                },
                {
                    "id": 121993582,
                    "tagId": 32513,
                    "name": "instance id",
                    "value": 81,
                    "labelerLogin": "inbox@datasetninja.com",
                    "createdAt": "2024-03-12T15:40:21.329Z",
                    "updatedAt": "2024-03-12T15:40:21.329Z"
                }
            ],
            "classTitle": "car",
            "points": {
                "exterior": [
                    [
                        32,
                        195
                    ],
                    [
                        31,
                        196
                    ],
                    [
                        17,
                        196
                    ],
                    [
                        16,
                        197
                    ],
                    [
                        11,
                        197
                    ],
                    [
                        10,
                        198
                    ],
                    [
                        8,
                        198
                    ],
                    [
                        7,
                        199
                    ],
                    [
                        6,
                        199
                    ],
                    [
                        5,
                        200
                    ],
                    [
                        4,
                        200
                    ],
                    [
                        4,
                        201
                    ],
                    [
                        2,
                        203
                    ],
                    [
                        1,
                        203
                    ],
                    [
                        1,
                        204
                    ],
                    [
                        0,
                        205
                    ],
                    [
                        0,
                        233
                    ],
                    [
                        1,
                        233
                    ],
                    [
                        2,
                        232
                    ],
                    [
                        5,
                        232
                    ],
                    [
                        7,
                        234
                    ],
                    [
                        9,
                        234
                    ],
                    [
                        10,
                        235
                    ],
                    [
                        17,
                        235
                    ],
                    [
                        18,
                        234
                    ],
                    [
                        20,
                        234
                    ],
                    [
                        21,
                        233
                    ],
                    [
                        22,
                        233
                    ],
                    [
                        23,
                        232
                    ],
                    [
                        25,
                        232
                    ],
                    [
                        26,
                        233
                    ],
                    [
                        27,
                        233
                    ],
                    [
                        28,
                        232
                    ],
                    [
                        30,
                        232
                    ],
                    [
                        32,
                        230
                    ],
                    [
                        33,
                        230
                    ],
                    [
                        34,
                        229
                    ],
                    [
                        41,
                        229
                    ],
                    [
                        42,
                        228
                    ],
                    [
                        48,
                        228
                    ],
                    [
                        49,
                        227
                    ],
                    [
                        51,
                        227
                    ],
                    [
                        52,
                        226
                    ],
                    [
                        53,
                        227
                    ],
                    [
                        56,
                        227
                    ],
                    [
                        57,
                        228
                    ],
                    [
                        58,
                        228
                    ],
                    [
                        59,
                        227
                    ],
                    [
                        62,
                        227
                    ],
                    [
                        63,
                        226
                    ],
                    [
                        66,
                        226
                    ],
                    [
                        67,
                        225
                    ],
                    [
                        69,
                        225
                    ],
                    [
                        71,
                        223
                    ],
                    [
                        71,
                        221
                    ],
                    [
                        72,
                        220
                    ],
                    [
                        72,
                        219
                    ],
                    [
                        71,
                        218
                    ],
                    [
                        71,
                        214
                    ],
                    [
                        70,
                        213
                    ],
                    [
                        70,
                        212
                    ],
                    [
                        69,
                        211
                    ],
                    [
                        69,
                        210
                    ],
                    [
                        68,
                        209
                    ],
                    [
                        68,
                        208
                    ],
                    [
                        61,
                        201
                    ],
                    [
                        61,
                        200
                    ],
                    [
                        60,
                        199
                    ],
                    [
                        59,
                        199
                    ],
                    [
                        56,
                        196
                    ],
                    [
                        51,
                        196
                    ],
                    [
                        50,
                        195
                    ]
                ],
                "interior": []
            }
        },
        {
            "id": 159532559,
            "classId": 6551258,
            "objectId": null,
            "description": "",
            "geometryType": "rectangle",
            "labelerLogin": "inbox@datasetninja.com",
            "createdAt": "2024-03-12T15:40:21.330Z",
            "updatedAt": "2024-03-12T15:40:21.330Z",
            "tags": [
                {
                    "id": 121993583,
                    "tagId": 32511,
                    "name": "object id",
                    "value": 1081,
                    "labelerLogin": "inbox@datasetninja.com",
                    "createdAt": "2024-03-12T15:40:21.330Z",
                    "updatedAt": "2024-03-12T15:40:21.330Z"
                },
                {
                    "id": 121993584,
                    "tagId": 32513,
                    "name": "instance id",
                    "value": 81,
                    "labelerLogin": "inbox@datasetninja.com",
                    "createdAt": "2024-03-12T15:40:21.330Z",
                    "updatedAt": "2024-03-12T15:40:21.330Z"
                }
            ],
            "classTitle": "car",
            "points": {
                "exterior": [
                    [
                        0,
                        195
                    ],
                    [
                        72,
                        235
                    ]
                ],
                "interior": []
            }
        },
        {
            "id": 159532560,
            "classId": 6551258,
            "objectId": null,
            "description": "",
            "geometryType": "polygon",
            "labelerLogin": "inbox@datasetninja.com",
            "createdAt": "2024-03-12T15:40:21.331Z",
            "updatedAt": "2024-03-12T15:40:21.331Z",
            "tags": [
                {
                    "id": 121993585,
                    "tagId": 32511,
                    "name": "object id",
                    "value": 1082,
                    "labelerLogin": "inbox@datasetninja.com",
                    "createdAt": "2024-03-12T15:40:21.331Z",
                    "updatedAt": "2024-03-12T15:40:21.331Z"
                },
                {
                    "id": 121993586,
                    "tagId": 32513,
                    "name": "instance id",
                    "value": 82,
                    "labelerLogin": "inbox@datasetninja.com",
                    "createdAt": "2024-03-12T15:40:21.331Z",
                    "updatedAt": "2024-03-12T15:40:21.331Z"
                }
            ],
            "classTitle": "car",
            "points": {
                "exterior": [
                    [
                        109,
                        191
                    ],
                    [
                        108,
                        192
                    ],
                    [
                        101,
                        192
                    ],
                    [
                        100,
                        193
                    ],
                    [
                        96,
                        193
                    ],
                    [
                        95,
                        194
                    ],
                    [
                        91,
                        194
                    ],
                    [
                        90,
                        195
                    ],
                    [
                        88,
                        195
                    ],
                    [
                        87,
                        196
                    ],
                    [
                        85,
                        196
                    ],
                    [
                        84,
                        197
                    ],
                    [
                        83,
                        197
                    ],
                    [
                        82,
                        198
                    ],
                    [
                        81,
                        198
                    ],
                    [
                        79,
                        200
                    ],
                    [
                        78,
                        200
                    ],
                    [
                        76,
                        202
                    ],
                    [
                        75,
                        202
                    ],
                    [
                        74,
                        203
                    ],
                    [
                        73,
                        203
                    ],
                    [
                        72,
                        204
                    ],
                    [
                        72,
                        205
                    ],
                    [
                        70,
                        207
                    ],
                    [
                        70,
                        210
                    ],
                    [
                        71,
                        210
                    ],
                    [
                        73,
                        212
                    ],
                    [
                        73,
                        213
                    ],
                    [
                        75,
                        215
                    ],
                    [
                        75,
                        217
                    ],
                    [
                        76,
                        218
                    ],
                    [
                        76,
                        219
                    ],
                    [
                        77,
                        220
                    ],
                    [
                        77,
                        221
                    ],
                    [
                        79,
                        223
                    ],
                    [
                        87,
                        223
                    ],
                    [
                        88,
                        222
                    ],
                    [
                        99,
                        222
                    ],
                    [
                        100,
                        223
                    ],
                    [
                        112,
                        223
                    ],
                    [
                        113,
                        222
                    ],
                    [
                        116,
                        222
                    ],
                    [
                        117,
                        221
                    ],
                    [
                        121,
                        221
                    ],
                    [
                        122,
                        220
                    ],
                    [
                        134,
                        220
                    ],
                    [
                        135,
                        221
                    ],
                    [
                        136,
                        221
                    ],
                    [
                        137,
                        222
                    ],
                    [
                        144,
                        222
                    ],
                    [
                        147,
                        219
                    ],
                    [
                        148,
                        219
                    ],
                    [
                        149,
                        218
                    ],
                    [
                        149,
                        217
                    ],
                    [
                        150,
                        216
                    ],
                    [
                        150,
                        211
                    ],
                    [
                        149,
                        210
                    ],
                    [
                        149,
                        209
                    ],
                    [
                        148,
                        208
                    ],
                    [
                        148,
                        207
                    ],
                    [
                        151,
                        204
                    ],
                    [
                        151,
                        201
                    ],
                    [
                        149,
                        199
                    ],
                    [
                        149,
                        198
                    ],
                    [
                        148,
                        198
                    ],
                    [
                        146,
                        196
                    ],
                    [
                        145,
                        196
                    ],
                    [
                        144,
                        195
                    ],
                    [
                        143,
                        195
                    ],
                    [
                        142,
                        194
                    ],
                    [
                        141,
                        194
                    ],
                    [
                        140,
                        193
                    ],
                    [
                        139,
                        193
                    ],
                    [
                        138,
                        192
                    ],
                    [
                        134,
                        192
                    ],
                    [
                        133,
                        191
                    ]
                ],
                "interior": []
            }
        },
        {
            "id": 159532561,
            "classId": 6551258,
            "objectId": null,
            "description": "",
            "geometryType": "rectangle",
            "labelerLogin": "inbox@datasetninja.com",
            "createdAt": "2024-03-12T15:40:21.332Z",
            "updatedAt": "2024-03-12T15:40:21.332Z",
            "tags": [
                {
                    "id": 121993587,
                    "tagId": 32511,
                    "name": "object id",
                    "value": 1082,
                    "labelerLogin": "inbox@datasetninja.com",
                    "createdAt": "2024-03-12T15:40:21.332Z",
                    "updatedAt": "2024-03-12T15:40:21.332Z"
                },
                {
                    "id": 121993588,
                    "tagId": 32513,
                    "name": "instance id",
                    "value": 82,
                    "labelerLogin": "inbox@datasetninja.com",
                    "createdAt": "2024-03-12T15:40:21.332Z",
                    "updatedAt": "2024-03-12T15:40:21.332Z"
                }
            ],
            "classTitle": "car",
            "points": {
                "exterior": [
                    [
                        70,
                        191
                    ],
                    [
                        151,
                        223
                    ]
                ],
                "interior": []
            }
        },
        {
            "id": 159532562,
            "classId": 6551258,
            "objectId": null,
            "description": "",
            "geometryType": "polygon",
            "labelerLogin": "inbox@datasetninja.com",
            "createdAt": "2024-03-12T15:40:21.333Z",
            "updatedAt": "2024-03-12T15:40:21.333Z",
            "tags": [
                {
                    "id": 121993589,
                    "tagId": 32511,
                    "name": "object id",
                    "value": 1083,
                    "labelerLogin": "inbox@datasetninja.com",
                    "createdAt": "2024-03-12T15:40:21.333Z",
                    "updatedAt": "2024-03-12T15:40:21.333Z"
                },
                {
                    "id": 121993590,
                    "tagId": 32513,
                    "name": "instance id",
                    "value": 83,
                    "labelerLogin": "inbox@datasetninja.com",
                    "createdAt": "2024-03-12T15:40:21.333Z",
                    "updatedAt": "2024-03-12T15:40:21.333Z"
                }
            ],
            "classTitle": "car",
            "points": {
                "exterior": [
                    [
                        188,
                        188
                    ],
                    [
                        187,
                        189
                    ],
                    [
                        177,
                        189
                    ],
                    [
                        176,
                        190
                    ],
                    [
                        171,
                        190
                    ],
                    [
                        170,
                        191
                    ],
                    [
                        167,
                        191
                    ],
                    [
                        165,
                        193
                    ],
                    [
                        164,
                        193
                    ],
                    [
                        161,
                        196
                    ],
                    [
                        160,
                        196
                    ],
                    [
                        149,
                        207
                    ],
                    [
                        149,
                        208
                    ],
                    [
                        150,
                        209
                    ],
                    [
                        150,
                        210
                    ],
                    [
                        151,
                        211
                    ],
                    [
                        151,
                        216
                    ],
                    [
                        176,
                        216
                    ],
                    [
                        177,
                        215
                    ],
                    [
                        182,
                        215
                    ],
                    [
                        184,
                        217
                    ],
                    [
                        188,
                        217
                    ],
                    [
                        188,
                        215
                    ],
                    [
                        189,
                        214
                    ],
                    [
                        197,
                        214
                    ],
                    [
                        198,
                        213
                    ],
                    [
                        207,
                        213
                    ],
                    [
                        208,
                        214
                    ],
                    [
                        209,
                        214
                    ],
                    [
                        210,
                        215
                    ],
                    [
                        212,
                        215
                    ],
                    [
                        212,
                        214
                    ],
                    [
                        213,
                        213
                    ],
                    [
                        213,
                        206
                    ],
                    [
                        214,
                        205
                    ],
                    [
                        214,
                        202
                    ],
                    [
                        213,
                        201
                    ],
                    [
                        213,
                        200
                    ],
                    [
                        212,
                        199
                    ],
                    [
                        212,
                        198
                    ],
                    [
                        211,
                        197
                    ],
                    [
                        211,
                        196
                    ],
                    [
                        209,
                        194
                    ],
                    [
                        209,
                        193
                    ],
                    [
                        208,
                        192
                    ],
                    [
                        208,
                        191
                    ],
                    [
                        207,
                        190
                    ],
                    [
                        204,
                        190
                    ],
                    [
                        203,
                        189
                    ],
                    [
                        198,
                        189
                    ],
                    [
                        197,
                        188
                    ]
                ],
                "interior": []
            }
        },
        {
            "id": 159532563,
            "classId": 6551258,
            "objectId": null,
            "description": "",
            "geometryType": "rectangle",
            "labelerLogin": "inbox@datasetninja.com",
            "createdAt": "2024-03-12T15:40:21.334Z",
            "updatedAt": "2024-03-12T15:40:21.334Z",
            "tags": [
                {
                    "id": 121993591,
                    "tagId": 32511,
                    "name": "object id",
                    "value": 1083,
                    "labelerLogin": "inbox@datasetninja.com",
                    "createdAt": "2024-03-12T15:40:21.334Z",
                    "updatedAt": "2024-03-12T15:40:21.334Z"
                },
                {
                    "id": 121993592,
                    "tagId": 32513,
                    "name": "instance id",
                    "value": 83,
                    "labelerLogin": "inbox@datasetninja.com",
                    "createdAt": "2024-03-12T15:40:21.334Z",
                    "updatedAt": "2024-03-12T15:40:21.334Z"
                }
            ],
            "classTitle": "car",
            "points": {
                "exterior": [
                    [
                        149,
                        188
                    ],
                    [
                        214,
                        217
                    ]
                ],
                "interior": []
            }
        },
        {
            "id": 159532564,
            "classId": 6551258,
            "objectId": null,
            "description": "",
            "geometryType": "polygon",
            "labelerLogin": "inbox@datasetninja.com",
            "createdAt": "2024-03-12T15:40:21.334Z",
            "updatedAt": "2024-03-12T15:40:21.334Z",
            "tags": [
                {
                    "id": 121993593,
                    "tagId": 32511,
                    "name": "object id",
                    "value": 1084,
                    "labelerLogin": "inbox@datasetninja.com",
                    "createdAt": "2024-03-12T15:40:21.334Z",
                    "updatedAt": "2024-03-12T15:40:21.334Z"
                },
                {
                    "id": 121993594,
                    "tagId": 32513,
                    "name": "instance id",
                    "value": 84,
                    "labelerLogin": "inbox@datasetninja.com",
                    "createdAt": "2024-03-12T15:40:21.334Z",
                    "updatedAt": "2024-03-12T15:40:21.334Z"
                }
            ],
            "classTitle": "car",
            "points": {
                "exterior": [
                    [
                        229,
                        190
                    ],
                    [
                        228,
                        191
                    ],
                    [
                        227,
                        191
                    ],
                    [
                        226,
                        192
                    ],
                    [
                        225,
                        192
                    ],
                    [
                        223,
                        194
                    ],
                    [
                        222,
                        194
                    ],
                    [
                        220,
                        196
                    ],
                    [
                        219,
                        196
                    ],
                    [
                        218,
                        197
                    ],
                    [
                        216,
                        197
                    ],
                    [
                        214,
                        199
                    ],
                    [
                        215,
                        200
                    ],
                    [
                        215,
                        202
                    ],
                    [
                        216,
                        203
                    ],
                    [
                        216,
                        206
                    ],
                    [
                        217,
                        207
                    ],
                    [
                        217,
                        209
                    ],
                    [
                        218,
                        210
                    ],
                    [
                        218,
                        211
                    ],
                    [
                        219,
                        211
                    ],
                    [
                        220,
                        212
                    ],
                    [
                        221,
                        211
                    ],
                    [
                        225,
                        211
                    ],
                    [
                        226,
                        212
                    ],
                    [
                        228,
                        212
                    ],
                    [
                        229,
                        213
                    ],
                    [
                        231,
                        213
                    ],
                    [
                        232,
                        212
                    ],
                    [
                        233,
                        212
                    ],
                    [
                        234,
                        211
                    ],
                    [
                        235,
                        211
                    ],
                    [
                        236,
                        210
                    ],
                    [
                        244,
                        210
                    ],
                    [
                        245,
                        209
                    ],
                    [
                        247,
                        209
                    ],
                    [
                        248,
                        210
                    ],
                    [
                        252,
                        210
                    ],
                    [
                        253,
                        211
                    ],
                    [
                        257,
                        211
                    ],
                    [
                        257,
                        210
                    ],
                    [
                        258,
                        209
                    ],
                    [
                        258,
                        208
                    ],
                    [
                        260,
                        206
                    ],
                    [
                        260,
                        204
                    ],
                    [
                        261,
                        203
                    ],
                    [
                        261,
                        199
                    ],
                    [
                        260,
                        198
                    ],
                    [
                        259,
                        198
                    ],
                    [
                        257,
                        196
                    ],
                    [
                        255,
                        196
                    ],
                    [
                        254,
                        195
                    ],
                    [
                        253,
                        195
                    ],
                    [
                        252,
                        194
                    ],
                    [
                        252,
                        193
                    ],
                    [
                        251,
                        193
                    ],
                    [
                        249,
                        191
                    ],
                    [
                        246,
                        191
                    ],
                    [
                        245,
                        190
                    ]
                ],
                "interior": []
            }
        },
        {
            "id": 159532565,
            "classId": 6551258,
            "objectId": null,
            "description": "",
            "geometryType": "rectangle",
            "labelerLogin": "inbox@datasetninja.com",
            "createdAt": "2024-03-12T15:40:21.336Z",
            "updatedAt": "2024-03-12T15:40:21.336Z",
            "tags": [
                {
                    "id": 121993595,
                    "tagId": 32511,
                    "name": "object id",
                    "value": 1084,
                    "labelerLogin": "inbox@datasetninja.com",
                    "createdAt": "2024-03-12T15:40:21.335Z",
                    "updatedAt": "2024-03-12T15:40:21.335Z"
                },
                {
                    "id": 121993596,
                    "tagId": 32513,
                    "name": "instance id",
                    "value": 84,
                    "labelerLogin": "inbox@datasetninja.com",
                    "createdAt": "2024-03-12T15:40:21.335Z",
                    "updatedAt": "2024-03-12T15:40:21.335Z"
                }
            ],
            "classTitle": "car",
            "points": {
                "exterior": [
                    [
                        214,
                        190
                    ],
                    [
                        261,
                        213
                    ]
                ],
                "interior": []
            }
        },
        {
            "id": 159532566,
            "classId": 6551259,
            "objectId": null,
            "description": "",
            "geometryType": "polygon",
            "labelerLogin": "inbox@datasetninja.com",
            "createdAt": "2024-03-12T15:40:21.337Z",
            "updatedAt": "2024-03-12T15:40:21.337Z",
            "tags": [],
            "classTitle": "ignore region",
            "points": {
                "exterior": [
                    [
                        245,
                        184
                    ],
                    [
                        245,
                        189
                    ],
                    [
                        246,
                        190
                    ],
                    [
                        249,
                        190
                    ],
                    [
                        251,
                        192
                    ],
                    [
                        252,
                        192
                    ],
                    [
                        253,
                        193
                    ],
                    [
                        253,
                        194
                    ],
                    [
                        254,
                        194
                    ],
                    [
                        255,
                        195
                    ],
                    [
                        257,
                        195
                    ],
                    [
                        259,
                        197
                    ],
                    [
                        260,
                        197
                    ],
                    [
                        262,
                        199
                    ],
                    [
                        262,
                        203
                    ],
                    [
                        261,
                        204
                    ],
                    [
                        261,
                        206
                    ],
                    [
                        259,
                        208
                    ],
                    [
                        259,
                        209
                    ],
                    [
                        258,
                        210
                    ],
                    [
                        258,
                        211
                    ],
                    [
                        257,
                        212
                    ],
                    [
                        253,
                        212
                    ],
                    [
                        252,
                        211
                    ],
                    [
                        248,
                        211
                    ],
                    [
                        247,
                        210
                    ],
                    [
                        245,
                        210
                    ],
                    [
                        245,
                        212
                    ],
                    [
                        295,
                        212
                    ],
                    [
                        295,
                        184
                    ]
                ],
                "interior": []
            }
        },
        {
            "id": 159532567,
            "classId": 6551259,
            "objectId": null,
            "description": "",
            "geometryType": "rectangle",
            "labelerLogin": "inbox@datasetninja.com",
            "createdAt": "2024-03-12T15:40:21.337Z",
            "updatedAt": "2024-03-12T15:40:21.337Z",
            "tags": [],
            "classTitle": "ignore region",
            "points": {
                "exterior": [
                    [
                        245,
                        184
                    ],
                    [
                        295,
                        212
                    ]
                ],
                "interior": []
            }
        },
        {
            "id": 159532568,
            "classId": 6551259,
            "objectId": null,
            "description": "",
            "geometryType": "polygon",
            "labelerLogin": "inbox@datasetninja.com",
            "createdAt": "2024-03-12T15:40:21.337Z",
            "updatedAt": "2024-03-12T15:40:21.337Z",
            "tags": [],
            "classTitle": "ignore region",
            "points": {
                "exterior": [
                    [
                        474,
                        174
                    ],
                    [
                        474,
                        191
                    ],
                    [
                        484,
                        191
                    ],
                    [
                        484,
                        174
                    ]
                ],
                "interior": []
            }
        },
        {
            "id": 159532569,
            "classId": 6551259,
            "objectId": null,
            "description": "",
            "geometryType": "rectangle",
            "labelerLogin": "inbox@datasetninja.com",
            "createdAt": "2024-03-12T15:40:21.337Z",
            "updatedAt": "2024-03-12T15:40:21.337Z",
            "tags": [],
            "classTitle": "ignore region",
            "points": {
                "exterior": [
                    [
                        474,
                        174
                    ],
                    [
                        484,
                        191
                    ]
                ],
                "interior": []
            }
        },
        {
            "id": 159532570,
            "classId": 6551259,
            "objectId": null,
            "description": "",
            "geometryType": "polygon",
            "labelerLogin": "inbox@datasetninja.com",
            "createdAt": "2024-03-12T15:40:21.339Z",
            "updatedAt": "2024-03-12T15:40:21.339Z",
            "tags": [],
            "classTitle": "ignore region",
            "points": {
                "exterior": [
                    [
                        449,
                        169
                    ],
                    [
                        449,
                        188
                    ],
                    [
                        471,
                        188
                    ],
                    [
                        471,
                        169
                    ]
                ],
                "interior": []
            }
        },
        {
            "id": 159532571,
            "classId": 6551259,
            "objectId": null,
            "description": "",
            "geometryType": "rectangle",
            "labelerLogin": "inbox@datasetninja.com",
            "createdAt": "2024-03-12T15:40:21.339Z",
            "updatedAt": "2024-03-12T15:40:21.339Z",
            "tags": [],
            "classTitle": "ignore region",
            "points": {
                "exterior": [
                    [
                        449,
                        169
                    ],
                    [
                        471,
                        188
                    ]
                ],
                "interior": []
            }
        },
        {
            "id": 159532572,
            "classId": 6551259,
            "objectId": null,
            "description": "",
            "geometryType": "polygon",
            "labelerLogin": "inbox@datasetninja.com",
            "createdAt": "2024-03-12T15:40:21.340Z",
            "updatedAt": "2024-03-12T15:40:21.340Z",
            "tags": [],
            "classTitle": "ignore region",
            "points": {
                "exterior": [
                    [
                        495,
                        167
                    ],
                    [
                        495,
                        184
                    ],
                    [
                        530,
                        184
                    ],
                    [
                        530,
                        167
                    ]
                ],
                "interior": []
            }
        },
        {
            "id": 159532573,
            "classId": 6551259,
            "objectId": null,
            "description": "",
            "geometryType": "rectangle",
            "labelerLogin": "inbox@datasetninja.com",
            "createdAt": "2024-03-12T15:40:21.340Z",
            "updatedAt": "2024-03-12T15:40:21.340Z",
            "tags": [],
            "classTitle": "ignore region",
            "points": {
                "exterior": [
                    [
                        495,
                        167
                    ],
                    [
                        530,
                        184
                    ]
                ],
                "interior": []
            }
        },
        {
            "id": 159532574,
            "classId": 6551259,
            "objectId": null,
            "description": "",
            "geometryType": "polygon",
            "labelerLogin": "inbox@datasetninja.com",
            "createdAt": "2024-03-12T15:40:21.340Z",
            "updatedAt": "2024-03-12T15:40:21.340Z",
            "tags": [],
            "classTitle": "ignore region",
            "points": {
                "exterior": [
                    [
                        570,
                        125
                    ],
                    [
                        570,
                        215
                    ],
                    [
                        645,
                        215
                    ],
                    [
                        645,
                        186
                    ],
                    [
                        646,
                        185
                    ],
                    [
                        684,
                        185
                    ],
                    [
                        684,
                        159
                    ],
                    [
                        646,
                        159
                    ],
                    [
                        645,
                        158
                    ],
                    [
                        645,
                        125
                    ]
                ],
                "interior": []
            }
        },
        {
            "id": 159532575,
            "classId": 6551259,
            "objectId": null,
            "description": "",
            "geometryType": "rectangle",
            "labelerLogin": "inbox@datasetninja.com",
            "createdAt": "2024-03-12T15:40:21.341Z",
            "updatedAt": "2024-03-12T15:40:21.341Z",
            "tags": [],
            "classTitle": "ignore region",
            "points": {
                "exterior": [
                    [
                        570,
                        125
                    ],
                    [
                        684,
                        215
                    ]
                ],
                "interior": []
            }
        }
    ]
}