{
    "description": "",
    "tags": [
        {
            "id": 21885514,
            "tagId": 32512,
            "name": "sequence",
            "value": "0009",
            "labelerLogin": "inbox@datasetninja.com",
            "createdAt": "2024-03-12T15:40:11.348Z",
            "updatedAt": "2024-03-12T15:40:11.348Z"
        }
    ],
    "size": {
        "height": 375,
        "width": 1242
    },
    "objects": [
        {
            "id": 159531584,
            "classId": 6551258,
            "objectId": null,
            "description": "",
            "geometryType": "polygon",
            "labelerLogin": "inbox@datasetninja.com",
            "createdAt": "2024-03-12T15:40:11.349Z",
            "updatedAt": "2024-03-12T15:40:11.349Z",
            "tags": [
                {
                    "id": 121992605,
                    "tagId": 32511,
                    "name": "object id",
                    "value": 1068,
                    "labelerLogin": "inbox@datasetninja.com",
                    "createdAt": "2024-03-12T15:40:11.348Z",
                    "updatedAt": "2024-03-12T15:40:11.348Z"
                },
                {
                    "id": 121992606,
                    "tagId": 32513,
                    "name": "instance id",
                    "value": 68,
                    "labelerLogin": "inbox@datasetninja.com",
                    "createdAt": "2024-03-12T15:40:11.348Z",
                    "updatedAt": "2024-03-12T15:40:11.348Z"
                }
            ],
            "classTitle": "car",
            "points": {
                "exterior": [
                    [
                        403,
                        191
                    ],
                    [
                        402,
                        192
                    ],
                    [
                        392,
                        192
                    ],
                    [
                        391,
                        193
                    ],
                    [
                        388,
                        193
                    ],
                    [
                        387,
                        194
                    ],
                    [
                        386,
                        194
                    ],
                    [
                        381,
                        199
                    ],
                    [
                        381,
                        200
                    ],
                    [
                        379,
                        202
                    ],
                    [
                        379,
                        203
                    ],
                    [
                        378,
                        204
                    ],
                    [
                        378,
                        205
                    ],
                    [
                        377,
                        206
                    ],
                    [
                        377,
                        210
                    ],
                    [
                        379,
                        212
                    ],
                    [
                        380,
                        212
                    ],
                    [
                        381,
                        211
                    ],
                    [
                        382,
                        211
                    ],
                    [
                        383,
                        210
                    ],
                    [
                        387,
                        210
                    ],
                    [
                        388,
                        209
                    ],
                    [
                        393,
                        209
                    ],
                    [
                        394,
                        208
                    ],
                    [
                        400,
                        208
                    ],
                    [
                        401,
                        207
                    ],
                    [
                        412,
                        207
                    ],
                    [
                        413,
                        206
                    ],
                    [
                        413,
                        204
                    ],
                    [
                        414,
                        203
                    ],
                    [
                        414,
                        202
                    ],
                    [
                        413,
                        201
                    ],
                    [
                        413,
                        198
                    ],
                    [
                        412,
                        197
                    ],
                    [
                        412,
                        196
                    ],
                    [
                        411,
                        195
                    ],
                    [
                        410,
                        195
                    ],
                    [
                        407,
                        192
                    ],
                    [
                        404,
                        192
                    ]
                ],
                "interior": []
            }
        },
        {
            "id": 159531585,
            "classId": 6551258,
            "objectId": null,
            "description": "",
            "geometryType": "rectangle",
            "labelerLogin": "inbox@datasetninja.com",
            "createdAt": "2024-03-12T15:40:11.350Z",
            "updatedAt": "2024-03-12T15:40:11.350Z",
            "tags": [
                {
                    "id": 121992607,
                    "tagId": 32511,
                    "name": "object id",
                    "value": 1068,
                    "labelerLogin": "inbox@datasetninja.com",
                    "createdAt": "2024-03-12T15:40:11.350Z",
                    "updatedAt": "2024-03-12T15:40:11.350Z"
                },
                {
                    "id": 121992608,
                    "tagId": 32513,
                    "name": "instance id",
                    "value": 68,
                    "labelerLogin": "inbox@datasetninja.com",
                    "createdAt": "2024-03-12T15:40:11.350Z",
                    "updatedAt": "2024-03-12T15:40:11.350Z"
                }
            ],
            "classTitle": "car",
            "points": {
                "exterior": [
                    [
                        377,
                        191
                    ],
                    [
                        414,
                        212
                    ]
                ],
                "interior": []
            }
        },
        {
            "id": 159531586,
            "classId": 6551258,
            "objectId": null,
            "description": "",
            "geometryType": "polygon",
            "labelerLogin": "inbox@datasetninja.com",
            "createdAt": "2024-03-12T15:40:11.352Z",
            "updatedAt": "2024-03-12T15:40:11.352Z",
            "tags": [
                {
                    "id": 121992609,
                    "tagId": 32511,
                    "name": "object id",
                    "value": 1069,
                    "labelerLogin": "inbox@datasetninja.com",
                    "createdAt": "2024-03-12T15:40:11.351Z",
                    "updatedAt": "2024-03-12T15:40:11.351Z"
                },
                {
                    "id": 121992610,
                    "tagId": 32513,
                    "name": "instance id",
                    "value": 69,
                    "labelerLogin": "inbox@datasetninja.com",
                    "createdAt": "2024-03-12T15:40:11.351Z",
                    "updatedAt": "2024-03-12T15:40:11.351Z"
                }
            ],
            "classTitle": "car",
            "points": {
                "exterior": [
                    [
                        428,
                        185
                    ],
                    [
                        427,
                        186
                    ],
                    [
                        424,
                        186
                    ],
                    [
                        423,
                        187
                    ],
                    [
                        422,
                        187
                    ],
                    [
                        420,
                        189
                    ],
                    [
                        420,
                        190
                    ],
                    [
                        419,
                        191
                    ],
                    [
                        419,
                        192
                    ],
                    [
                        418,
                        193
                    ],
                    [
                        418,
                        194
                    ],
                    [
                        417,
                        195
                    ],
                    [
                        417,
                        196
                    ],
                    [
                        416,
                        197
                    ],
                    [
                        416,
                        202
                    ],
                    [
                        417,
                        203
                    ],
                    [
                        417,
                        204
                    ],
                    [
                        418,
                        204
                    ],
                    [
                        419,
                        203
                    ],
                    [
                        420,
                        203
                    ],
                    [
                        421,
                        202
                    ],
                    [
                        422,
                        202
                    ],
                    [
                        423,
                        203
                    ],
                    [
                        426,
                        203
                    ],
                    [
                        427,
                        202
                    ],
                    [
                        431,
                        202
                    ],
                    [
                        432,
                        203
                    ],
                    [
                        435,
                        203
                    ],
                    [
                        436,
                        202
                    ],
                    [
                        438,
                        202
                    ],
                    [
                        439,
                        203
                    ],
                    [
                        441,
                        203
                    ],
                    [
                        442,
                        202
                    ],
                    [
                        442,
                        189
                    ],
                    [
                        441,
                        188
                    ],
                    [
                        441,
                        187
                    ],
                    [
                        439,
                        185
                    ]
                ],
                "interior": []
            }
        },
        {
            "id": 159531587,
            "classId": 6551258,
            "objectId": null,
            "description": "",
            "geometryType": "rectangle",
            "labelerLogin": "inbox@datasetninja.com",
            "createdAt": "2024-03-12T15:40:11.353Z",
            "updatedAt": "2024-03-12T15:40:11.353Z",
            "tags": [
                {
                    "id": 121992611,
                    "tagId": 32511,
                    "name": "object id",
                    "value": 1069,
                    "labelerLogin": "inbox@datasetninja.com",
                    "createdAt": "2024-03-12T15:40:11.352Z",
                    "updatedAt": "2024-03-12T15:40:11.352Z"
                },
                {
                    "id": 121992612,
                    "tagId": 32513,
                    "name": "instance id",
                    "value": 69,
                    "labelerLogin": "inbox@datasetninja.com",
                    "createdAt": "2024-03-12T15:40:11.352Z",
                    "updatedAt": "2024-03-12T15:40:11.352Z"
                }
            ],
            "classTitle": "car",
            "points": {
                "exterior": [
                    [
                        416,
                        185
                    ],
                    [
                        442,
                        204
                    ]
                ],
                "interior": []
            }
        },
        {
            "id": 159531588,
            "classId": 6551259,
            "objectId": null,
            "description": "",
            "geometryType": "polygon",
            "labelerLogin": "inbox@datasetninja.com",
            "createdAt": "2024-03-12T15:40:11.353Z",
            "updatedAt": "2024-03-12T15:40:11.353Z",
            "tags": [],
            "classTitle": "ignore region",
            "points": {
                "exterior": [
                    [
                        570,
                        141
                    ],
                    [
                        570,
                        212
                    ],
                    [
                        628,
                        212
                    ],
                    [
                        628,
                        141
                    ]
                ],
                "interior": []
            }
        },
        {
            "id": 159531589,
            "classId": 6551259,
            "objectId": null,
            "description": "",
            "geometryType": "rectangle",
            "labelerLogin": "inbox@datasetninja.com",
            "createdAt": "2024-03-12T15:40:11.354Z",
            "updatedAt": "2024-03-12T15:40:11.354Z",
            "tags": [],
            "classTitle": "ignore region",
            "points": {
                "exterior": [
                    [
                        570,
                        141
                    ],
                    [
                        628,
                        212
                    ]
                ],
                "interior": []
            }
        }
    ]
}