{
    "description": "",
    "tags": [
        {
            "id": 21885536,
            "tagId": 32512,
            "name": "sequence",
            "value": "0009",
            "labelerLogin": "inbox@datasetninja.com",
            "createdAt": "2024-03-12T15:40:11.383Z",
            "updatedAt": "2024-03-12T15:40:11.383Z"
        }
    ],
    "size": {
        "height": 375,
        "width": 1242
    },
    "objects": [
        {
            "id": 159531870,
            "classId": 6551258,
            "objectId": null,
            "description": "",
            "geometryType": "polygon",
            "labelerLogin": "inbox@datasetninja.com",
            "createdAt": "2024-03-12T15:40:11.384Z",
            "updatedAt": "2024-03-12T15:40:11.384Z",
            "tags": [
                {
                    "id": 121992873,
                    "tagId": 32511,
                    "name": "object id",
                    "value": 1080,
                    "labelerLogin": "inbox@datasetninja.com",
                    "createdAt": "2024-03-12T15:40:11.384Z",
                    "updatedAt": "2024-03-12T15:40:11.384Z"
                },
                {
                    "id": 121992874,
                    "tagId": 32513,
                    "name": "instance id",
                    "value": 80,
                    "labelerLogin": "inbox@datasetninja.com",
                    "createdAt": "2024-03-12T15:40:11.384Z",
                    "updatedAt": "2024-03-12T15:40:11.384Z"
                }
            ],
            "classTitle": "car",
            "points": {
                "exterior": [
                    [
                        72,
                        189
                    ],
                    [
                        71,
                        190
                    ],
                    [
                        59,
                        190
                    ],
                    [
                        58,
                        191
                    ],
                    [
                        46,
                        191
                    ],
                    [
                        45,
                        192
                    ],
                    [
                        42,
                        192
                    ],
                    [
                        41,
                        193
                    ],
                    [
                        39,
                        193
                    ],
                    [
                        38,
                        194
                    ],
                    [
                        36,
                        194
                    ],
                    [
                        35,
                        195
                    ],
                    [
                        33,
                        195
                    ],
                    [
                        31,
                        197
                    ],
                    [
                        30,
                        197
                    ],
                    [
                        28,
                        199
                    ],
                    [
                        28,
                        200
                    ],
                    [
                        27,
                        201
                    ],
                    [
                        26,
                        201
                    ],
                    [
                        24,
                        203
                    ],
                    [
                        22,
                        203
                    ],
                    [
                        21,
                        204
                    ],
                    [
                        20,
                        204
                    ],
                    [
                        19,
                        205
                    ],
                    [
                        17,
                        205
                    ],
                    [
                        16,
                        206
                    ],
                    [
                        14,
                        206
                    ],
                    [
                        13,
                        207
                    ],
                    [
                        12,
                        207
                    ],
                    [
                        10,
                        209
                    ],
                    [
                        9,
                        209
                    ],
                    [
                        7,
                        211
                    ],
                    [
                        7,
                        212
                    ],
                    [
                        6,
                        213
                    ],
                    [
                        6,
                        221
                    ],
                    [
                        8,
                        223
                    ],
                    [
                        8,
                        224
                    ],
                    [
                        11,
                        227
                    ],
                    [
                        12,
                        227
                    ],
                    [
                        13,
                        228
                    ],
                    [
                        24,
                        228
                    ],
                    [
                        25,
                        227
                    ],
                    [
                        28,
                        227
                    ],
                    [
                        29,
                        226
                    ],
                    [
                        40,
                        226
                    ],
                    [
                        41,
                        225
                    ],
                    [
                        49,
                        225
                    ],
                    [
                        50,
                        226
                    ],
                    [
                        52,
                        226
                    ],
                    [
                        53,
                        227
                    ],
                    [
                        57,
                        227
                    ],
                    [
                        58,
                        228
                    ],
                    [
                        59,
                        228
                    ],
                    [
                        60,
                        227
                    ],
                    [
                        63,
                        227
                    ],
                    [
                        64,
                        226
                    ],
                    [
                        65,
                        226
                    ],
                    [
                        67,
                        224
                    ],
                    [
                        68,
                        224
                    ],
                    [
                        69,
                        223
                    ],
                    [
                        70,
                        223
                    ],
                    [
                        71,
                        222
                    ],
                    [
                        79,
                        222
                    ],
                    [
                        80,
                        221
                    ],
                    [
                        85,
                        221
                    ],
                    [
                        86,
                        220
                    ],
                    [
                        91,
                        220
                    ],
                    [
                        92,
                        219
                    ],
                    [
                        97,
                        219
                    ],
                    [
                        100,
                        222
                    ],
                    [
                        104,
                        222
                    ],
                    [
                        107,
                        219
                    ],
                    [
                        107,
                        218
                    ],
                    [
                        108,
                        217
                    ],
                    [
                        108,
                        216
                    ],
                    [
                        109,
                        215
                    ],
                    [
                        109,
                        214
                    ],
                    [
                        110,
                        213
                    ],
                    [
                        110,
                        202
                    ],
                    [
                        109,
                        201
                    ],
                    [
                        109,
                        200
                    ],
                    [
                        108,
                        199
                    ],
                    [
                        108,
                        198
                    ],
                    [
                        105,
                        195
                    ],
                    [
                        105,
                        194
                    ],
                    [
                        104,
                        194
                    ],
                    [
                        102,
                        192
                    ],
                    [
                        101,
                        192
                    ],
                    [
                        100,
                        191
                    ],
                    [
                        99,
                        191
                    ],
                    [
                        98,
                        190
                    ],
                    [
                        93,
                        190
                    ],
                    [
                        92,
                        189
                    ]
                ],
                "interior": []
            }
        },
        {
            "id": 159531871,
            "classId": 6551258,
            "objectId": null,
            "description": "",
            "geometryType": "rectangle",
            "labelerLogin": "inbox@datasetninja.com",
            "createdAt": "2024-03-12T15:40:11.385Z",
            "updatedAt": "2024-03-12T15:40:11.385Z",
            "tags": [
                {
                    "id": 121992875,
                    "tagId": 32511,
                    "name": "object id",
                    "value": 1080,
                    "labelerLogin": "inbox@datasetninja.com",
                    "createdAt": "2024-03-12T15:40:11.385Z",
                    "updatedAt": "2024-03-12T15:40:11.385Z"
                },
                {
                    "id": 121992876,
                    "tagId": 32513,
                    "name": "instance id",
                    "value": 80,
                    "labelerLogin": "inbox@datasetninja.com",
                    "createdAt": "2024-03-12T15:40:11.385Z",
                    "updatedAt": "2024-03-12T15:40:11.385Z"
                }
            ],
            "classTitle": "car",
            "points": {
                "exterior": [
                    [
                        6,
                        189
                    ],
                    [
                        110,
                        228
                    ]
                ],
                "interior": []
            }
        },
        {
            "id": 159531872,
            "classId": 6551258,
            "objectId": null,
            "description": "",
            "geometryType": "polygon",
            "labelerLogin": "inbox@datasetninja.com",
            "createdAt": "2024-03-12T15:40:11.386Z",
            "updatedAt": "2024-03-12T15:40:11.386Z",
            "tags": [
                {
                    "id": 121992877,
                    "tagId": 32511,
                    "name": "object id",
                    "value": 1081,
                    "labelerLogin": "inbox@datasetninja.com",
                    "createdAt": "2024-03-12T15:40:11.386Z",
                    "updatedAt": "2024-03-12T15:40:11.386Z"
                },
                {
                    "id": 121992878,
                    "tagId": 32513,
                    "name": "instance id",
                    "value": 81,
                    "labelerLogin": "inbox@datasetninja.com",
                    "createdAt": "2024-03-12T15:40:11.386Z",
                    "updatedAt": "2024-03-12T15:40:11.386Z"
                }
            ],
            "classTitle": "car",
            "points": {
                "exterior": [
                    [
                        150,
                        189
                    ],
                    [
                        149,
                        190
                    ],
                    [
                        141,
                        190
                    ],
                    [
                        140,
                        191
                    ],
                    [
                        139,
                        191
                    ],
                    [
                        138,
                        192
                    ],
                    [
                        137,
                        192
                    ],
                    [
                        135,
                        194
                    ],
                    [
                        134,
                        194
                    ],
                    [
                        130,
                        198
                    ],
                    [
                        129,
                        198
                    ],
                    [
                        127,
                        200
                    ],
                    [
                        126,
                        200
                    ],
                    [
                        125,
                        201
                    ],
                    [
                        124,
                        201
                    ],
                    [
                        123,
                        202
                    ],
                    [
                        122,
                        202
                    ],
                    [
                        121,
                        203
                    ],
                    [
                        120,
                        203
                    ],
                    [
                        117,
                        206
                    ],
                    [
                        117,
                        214
                    ],
                    [
                        118,
                        215
                    ],
                    [
                        118,
                        216
                    ],
                    [
                        120,
                        218
                    ],
                    [
                        130,
                        218
                    ],
                    [
                        131,
                        217
                    ],
                    [
                        135,
                        217
                    ],
                    [
                        136,
                        216
                    ],
                    [
                        142,
                        216
                    ],
                    [
                        143,
                        215
                    ],
                    [
                        144,
                        215
                    ],
                    [
                        145,
                        216
                    ],
                    [
                        149,
                        216
                    ],
                    [
                        150,
                        215
                    ],
                    [
                        154,
                        215
                    ],
                    [
                        155,
                        214
                    ],
                    [
                        157,
                        214
                    ],
                    [
                        158,
                        213
                    ],
                    [
                        161,
                        213
                    ],
                    [
                        162,
                        212
                    ],
                    [
                        171,
                        212
                    ],
                    [
                        172,
                        213
                    ],
                    [
                        174,
                        213
                    ],
                    [
                        175,
                        214
                    ],
                    [
                        177,
                        214
                    ],
                    [
                        178,
                        215
                    ],
                    [
                        182,
                        215
                    ],
                    [
                        183,
                        214
                    ],
                    [
                        184,
                        214
                    ],
                    [
                        187,
                        211
                    ],
                    [
                        187,
                        204
                    ],
                    [
                        186,
                        203
                    ],
                    [
                        186,
                        201
                    ],
                    [
                        180,
                        195
                    ],
                    [
                        179,
                        195
                    ],
                    [
                        176,
                        192
                    ],
                    [
                        175,
                        192
                    ],
                    [
                        174,
                        191
                    ],
                    [
                        171,
                        191
                    ],
                    [
                        170,
                        190
                    ],
                    [
                        166,
                        190
                    ],
                    [
                        165,
                        189
                    ]
                ],
                "interior": []
            }
        },
        {
            "id": 159531873,
            "classId": 6551258,
            "objectId": null,
            "description": "",
            "geometryType": "rectangle",
            "labelerLogin": "inbox@datasetninja.com",
            "createdAt": "2024-03-12T15:40:11.387Z",
            "updatedAt": "2024-03-12T15:40:11.387Z",
            "tags": [
                {
                    "id": 121992879,
                    "tagId": 32511,
                    "name": "object id",
                    "value": 1081,
                    "labelerLogin": "inbox@datasetninja.com",
                    "createdAt": "2024-03-12T15:40:11.387Z",
                    "updatedAt": "2024-03-12T15:40:11.387Z"
                },
                {
                    "id": 121992880,
                    "tagId": 32513,
                    "name": "instance id",
                    "value": 81,
                    "labelerLogin": "inbox@datasetninja.com",
                    "createdAt": "2024-03-12T15:40:11.387Z",
                    "updatedAt": "2024-03-12T15:40:11.387Z"
                }
            ],
            "classTitle": "car",
            "points": {
                "exterior": [
                    [
                        117,
                        189
                    ],
                    [
                        187,
                        218
                    ]
                ],
                "interior": []
            }
        },
        {
            "id": 159531874,
            "classId": 6551258,
            "objectId": null,
            "description": "",
            "geometryType": "polygon",
            "labelerLogin": "inbox@datasetninja.com",
            "createdAt": "2024-03-12T15:40:11.388Z",
            "updatedAt": "2024-03-12T15:40:11.388Z",
            "tags": [
                {
                    "id": 121992881,
                    "tagId": 32511,
                    "name": "object id",
                    "value": 1082,
                    "labelerLogin": "inbox@datasetninja.com",
                    "createdAt": "2024-03-12T15:40:11.388Z",
                    "updatedAt": "2024-03-12T15:40:11.388Z"
                },
                {
                    "id": 121992882,
                    "tagId": 32513,
                    "name": "instance id",
                    "value": 82,
                    "labelerLogin": "inbox@datasetninja.com",
                    "createdAt": "2024-03-12T15:40:11.388Z",
                    "updatedAt": "2024-03-12T15:40:11.388Z"
                }
            ],
            "classTitle": "car",
            "points": {
                "exterior": [
                    [
                        209,
                        185
                    ],
                    [
                        208,
                        186
                    ],
                    [
                        197,
                        186
                    ],
                    [
                        196,
                        187
                    ],
                    [
                        193,
                        187
                    ],
                    [
                        192,
                        188
                    ],
                    [
                        191,
                        188
                    ],
                    [
                        190,
                        189
                    ],
                    [
                        189,
                        189
                    ],
                    [
                        187,
                        191
                    ],
                    [
                        186,
                        191
                    ],
                    [
                        183,
                        194
                    ],
                    [
                        183,
                        195
                    ],
                    [
                        184,
                        196
                    ],
                    [
                        184,
                        197
                    ],
                    [
                        185,
                        198
                    ],
                    [
                        185,
                        199
                    ],
                    [
                        187,
                        201
                    ],
                    [
                        187,
                        202
                    ],
                    [
                        188,
                        203
                    ],
                    [
                        188,
                        206
                    ],
                    [
                        189,
                        207
                    ],
                    [
                        189,
                        209
                    ],
                    [
                        190,
                        210
                    ],
                    [
                        194,
                        210
                    ],
                    [
                        195,
                        211
                    ],
                    [
                        196,
                        211
                    ],
                    [
                        197,
                        212
                    ],
                    [
                        200,
                        212
                    ],
                    [
                        201,
                        213
                    ],
                    [
                        202,
                        212
                    ],
                    [
                        204,
                        212
                    ],
                    [
                        204,
                        211
                    ],
                    [
                        205,
                        210
                    ],
                    [
                        206,
                        210
                    ],
                    [
                        207,
                        209
                    ],
                    [
                        211,
                        209
                    ],
                    [
                        212,
                        208
                    ],
                    [
                        218,
                        208
                    ],
                    [
                        219,
                        207
                    ],
                    [
                        224,
                        207
                    ],
                    [
                        225,
                        206
                    ],
                    [
                        228,
                        206
                    ],
                    [
                        230,
                        204
                    ],
                    [
                        230,
                        196
                    ],
                    [
                        229,
                        195
                    ],
                    [
                        229,
                        194
                    ],
                    [
                        228,
                        193
                    ],
                    [
                        228,
                        192
                    ],
                    [
                        225,
                        189
                    ],
                    [
                        224,
                        189
                    ],
                    [
                        222,
                        187
                    ],
                    [
                        221,
                        187
                    ],
                    [
                        220,
                        186
                    ],
                    [
                        214,
                        186
                    ],
                    [
                        213,
                        185
                    ]
                ],
                "interior": []
            }
        },
        {
            "id": 159531875,
            "classId": 6551258,
            "objectId": null,
            "description": "",
            "geometryType": "rectangle",
            "labelerLogin": "inbox@datasetninja.com",
            "createdAt": "2024-03-12T15:40:11.389Z",
            "updatedAt": "2024-03-12T15:40:11.389Z",
            "tags": [
                {
                    "id": 121992883,
                    "tagId": 32511,
                    "name": "object id",
                    "value": 1082,
                    "labelerLogin": "inbox@datasetninja.com",
                    "createdAt": "2024-03-12T15:40:11.389Z",
                    "updatedAt": "2024-03-12T15:40:11.389Z"
                },
                {
                    "id": 121992884,
                    "tagId": 32513,
                    "name": "instance id",
                    "value": 82,
                    "labelerLogin": "inbox@datasetninja.com",
                    "createdAt": "2024-03-12T15:40:11.389Z",
                    "updatedAt": "2024-03-12T15:40:11.389Z"
                }
            ],
            "classTitle": "car",
            "points": {
                "exterior": [
                    [
                        183,
                        185
                    ],
                    [
                        230,
                        213
                    ]
                ],
                "interior": []
            }
        },
        {
            "id": 159531876,
            "classId": 6551258,
            "objectId": null,
            "description": "",
            "geometryType": "polygon",
            "labelerLogin": "inbox@datasetninja.com",
            "createdAt": "2024-03-12T15:40:11.390Z",
            "updatedAt": "2024-03-12T15:40:11.390Z",
            "tags": [
                {
                    "id": 121992885,
                    "tagId": 32511,
                    "name": "object id",
                    "value": 1083,
                    "labelerLogin": "inbox@datasetninja.com",
                    "createdAt": "2024-03-12T15:40:11.390Z",
                    "updatedAt": "2024-03-12T15:40:11.390Z"
                },
                {
                    "id": 121992886,
                    "tagId": 32513,
                    "name": "instance id",
                    "value": 83,
                    "labelerLogin": "inbox@datasetninja.com",
                    "createdAt": "2024-03-12T15:40:11.390Z",
                    "updatedAt": "2024-03-12T15:40:11.390Z"
                }
            ],
            "classTitle": "car",
            "points": {
                "exterior": [
                    [
                        250,
                        185
                    ],
                    [
                        249,
                        186
                    ],
                    [
                        241,
                        186
                    ],
                    [
                        240,
                        187
                    ],
                    [
                        238,
                        187
                    ],
                    [
                        237,
                        188
                    ],
                    [
                        235,
                        188
                    ],
                    [
                        234,
                        189
                    ],
                    [
                        233,
                        189
                    ],
                    [
                        232,
                        190
                    ],
                    [
                        232,
                        191
                    ],
                    [
                        231,
                        192
                    ],
                    [
                        231,
                        203
                    ],
                    [
                        232,
                        204
                    ],
                    [
                        232,
                        205
                    ],
                    [
                        245,
                        205
                    ],
                    [
                        246,
                        206
                    ],
                    [
                        251,
                        206
                    ],
                    [
                        252,
                        207
                    ],
                    [
                        254,
                        207
                    ],
                    [
                        255,
                        206
                    ],
                    [
                        256,
                        206
                    ],
                    [
                        257,
                        205
                    ],
                    [
                        261,
                        205
                    ],
                    [
                        262,
                        204
                    ],
                    [
                        263,
                        204
                    ],
                    [
                        264,
                        205
                    ],
                    [
                        269,
                        205
                    ],
                    [
                        269,
                        204
                    ],
                    [
                        270,
                        203
                    ],
                    [
                        270,
                        200
                    ],
                    [
                        271,
                        199
                    ],
                    [
                        271,
                        196
                    ],
                    [
                        270,
                        195
                    ],
                    [
                        270,
                        194
                    ],
                    [
                        268,
                        192
                    ],
                    [
                        268,
                        191
                    ],
                    [
                        267,
                        190
                    ],
                    [
                        267,
                        189
                    ],
                    [
                        265,
                        187
                    ],
                    [
                        264,
                        187
                    ],
                    [
                        263,
                        186
                    ],
                    [
                        260,
                        186
                    ],
                    [
                        259,
                        185
                    ]
                ],
                "interior": []
            }
        },
        {
            "id": 159531877,
            "classId": 6551258,
            "objectId": null,
            "description": "",
            "geometryType": "rectangle",
            "labelerLogin": "inbox@datasetninja.com",
            "createdAt": "2024-03-12T15:40:11.392Z",
            "updatedAt": "2024-03-12T15:40:11.392Z",
            "tags": [
                {
                    "id": 121992887,
                    "tagId": 32511,
                    "name": "object id",
                    "value": 1083,
                    "labelerLogin": "inbox@datasetninja.com",
                    "createdAt": "2024-03-12T15:40:11.391Z",
                    "updatedAt": "2024-03-12T15:40:11.391Z"
                },
                {
                    "id": 121992888,
                    "tagId": 32513,
                    "name": "instance id",
                    "value": 83,
                    "labelerLogin": "inbox@datasetninja.com",
                    "createdAt": "2024-03-12T15:40:11.391Z",
                    "updatedAt": "2024-03-12T15:40:11.391Z"
                }
            ],
            "classTitle": "car",
            "points": {
                "exterior": [
                    [
                        231,
                        185
                    ],
                    [
                        271,
                        207
                    ]
                ],
                "interior": []
            }
        },
        {
            "id": 159531878,
            "classId": 6551258,
            "objectId": null,
            "description": "",
            "geometryType": "polygon",
            "labelerLogin": "inbox@datasetninja.com",
            "createdAt": "2024-03-12T15:40:11.392Z",
            "updatedAt": "2024-03-12T15:40:11.392Z",
            "tags": [
                {
                    "id": 121992889,
                    "tagId": 32511,
                    "name": "object id",
                    "value": 1084,
                    "labelerLogin": "inbox@datasetninja.com",
                    "createdAt": "2024-03-12T15:40:11.392Z",
                    "updatedAt": "2024-03-12T15:40:11.392Z"
                },
                {
                    "id": 121992890,
                    "tagId": 32513,
                    "name": "instance id",
                    "value": 84,
                    "labelerLogin": "inbox@datasetninja.com",
                    "createdAt": "2024-03-12T15:40:11.392Z",
                    "updatedAt": "2024-03-12T15:40:11.392Z"
                }
            ],
            "classTitle": "car",
            "points": {
                "exterior": [
                    [
                        280,
                        186
                    ],
                    [
                        279,
                        187
                    ],
                    [
                        269,
                        187
                    ],
                    [
                        269,
                        192
                    ],
                    [
                        271,
                        194
                    ],
                    [
                        271,
                        195
                    ],
                    [
                        272,
                        196
                    ],
                    [
                        272,
                        201
                    ],
                    [
                        273,
                        202
                    ],
                    [
                        274,
                        202
                    ],
                    [
                        275,
                        203
                    ],
                    [
                        277,
                        203
                    ],
                    [
                        278,
                        204
                    ],
                    [
                        282,
                        204
                    ],
                    [
                        283,
                        203
                    ],
                    [
                        284,
                        203
                    ],
                    [
                        285,
                        202
                    ],
                    [
                        294,
                        202
                    ],
                    [
                        295,
                        203
                    ],
                    [
                        299,
                        203
                    ],
                    [
                        300,
                        202
                    ],
                    [
                        300,
                        195
                    ],
                    [
                        299,
                        194
                    ],
                    [
                        299,
                        193
                    ],
                    [
                        296,
                        190
                    ],
                    [
                        295,
                        190
                    ],
                    [
                        293,
                        188
                    ],
                    [
                        292,
                        188
                    ],
                    [
                        291,
                        187
                    ],
                    [
                        289,
                        187
                    ],
                    [
                        288,
                        186
                    ]
                ],
                "interior": []
            }
        },
        {
            "id": 159531879,
            "classId": 6551258,
            "objectId": null,
            "description": "",
            "geometryType": "rectangle",
            "labelerLogin": "inbox@datasetninja.com",
            "createdAt": "2024-03-12T15:40:11.393Z",
            "updatedAt": "2024-03-12T15:40:11.393Z",
            "tags": [
                {
                    "id": 121992891,
                    "tagId": 32511,
                    "name": "object id",
                    "value": 1084,
                    "labelerLogin": "inbox@datasetninja.com",
                    "createdAt": "2024-03-12T15:40:11.393Z",
                    "updatedAt": "2024-03-12T15:40:11.393Z"
                },
                {
                    "id": 121992892,
                    "tagId": 32513,
                    "name": "instance id",
                    "value": 84,
                    "labelerLogin": "inbox@datasetninja.com",
                    "createdAt": "2024-03-12T15:40:11.393Z",
                    "updatedAt": "2024-03-12T15:40:11.393Z"
                }
            ],
            "classTitle": "car",
            "points": {
                "exterior": [
                    [
                        269,
                        186
                    ],
                    [
                        300,
                        204
                    ]
                ],
                "interior": []
            }
        },
        {
            "id": 159531880,
            "classId": 6551259,
            "objectId": null,
            "description": "",
            "geometryType": "polygon",
            "labelerLogin": "inbox@datasetninja.com",
            "createdAt": "2024-03-12T15:40:11.394Z",
            "updatedAt": "2024-03-12T15:40:11.394Z",
            "tags": [],
            "classTitle": "ignore region",
            "points": {
                "exterior": [
                    [
                        292,
                        175
                    ],
                    [
                        292,
                        187
                    ],
                    [
                        293,
                        187
                    ],
                    [
                        295,
                        189
                    ],
                    [
                        296,
                        189
                    ],
                    [
                        300,
                        193
                    ],
                    [
                        300,
                        194
                    ],
                    [
                        301,
                        195
                    ],
                    [
                        301,
                        202
                    ],
                    [
                        299,
                        204
                    ],
                    [
                        295,
                        204
                    ],
                    [
                        294,
                        203
                    ],
                    [
                        292,
                        203
                    ],
                    [
                        292,
                        204
                    ],
                    [
                        325,
                        204
                    ],
                    [
                        325,
                        175
                    ]
                ],
                "interior": []
            }
        },
        {
            "id": 159531881,
            "classId": 6551259,
            "objectId": null,
            "description": "",
            "geometryType": "rectangle",
            "labelerLogin": "inbox@datasetninja.com",
            "createdAt": "2024-03-12T15:40:11.394Z",
            "updatedAt": "2024-03-12T15:40:11.394Z",
            "tags": [],
            "classTitle": "ignore region",
            "points": {
                "exterior": [
                    [
                        292,
                        175
                    ],
                    [
                        325,
                        204
                    ]
                ],
                "interior": []
            }
        },
        {
            "id": 159531882,
            "classId": 6551259,
            "objectId": null,
            "description": "",
            "geometryType": "polygon",
            "labelerLogin": "inbox@datasetninja.com",
            "createdAt": "2024-03-12T15:40:11.394Z",
            "updatedAt": "2024-03-12T15:40:11.394Z",
            "tags": [],
            "classTitle": "ignore region",
            "points": {
                "exterior": [
                    [
                        442,
                        170
                    ],
                    [
                        442,
                        189
                    ],
                    [
                        458,
                        189
                    ],
                    [
                        458,
                        170
                    ]
                ],
                "interior": []
            }
        },
        {
            "id": 159531883,
            "classId": 6551259,
            "objectId": null,
            "description": "",
            "geometryType": "rectangle",
            "labelerLogin": "inbox@datasetninja.com",
            "createdAt": "2024-03-12T15:40:11.394Z",
            "updatedAt": "2024-03-12T15:40:11.394Z",
            "tags": [],
            "classTitle": "ignore region",
            "points": {
                "exterior": [
                    [
                        442,
                        170
                    ],
                    [
                        458,
                        189
                    ]
                ],
                "interior": []
            }
        },
        {
            "id": 159531884,
            "classId": 6551259,
            "objectId": null,
            "description": "",
            "geometryType": "polygon",
            "labelerLogin": "inbox@datasetninja.com",
            "createdAt": "2024-03-12T15:40:11.395Z",
            "updatedAt": "2024-03-12T15:40:11.395Z",
            "tags": [],
            "classTitle": "ignore region",
            "points": {
                "exterior": [
                    [
                        481,
                        164
                    ],
                    [
                        481,
                        185
                    ],
                    [
                        507,
                        185
                    ],
                    [
                        507,
                        164
                    ]
                ],
                "interior": []
            }
        },
        {
            "id": 159531885,
            "classId": 6551259,
            "objectId": null,
            "description": "",
            "geometryType": "rectangle",
            "labelerLogin": "inbox@datasetninja.com",
            "createdAt": "2024-03-12T15:40:11.396Z",
            "updatedAt": "2024-03-12T15:40:11.396Z",
            "tags": [],
            "classTitle": "ignore region",
            "points": {
                "exterior": [
                    [
                        481,
                        164
                    ],
                    [
                        507,
                        185
                    ]
                ],
                "interior": []
            }
        },
        {
            "id": 159531886,
            "classId": 6551259,
            "objectId": null,
            "description": "",
            "geometryType": "polygon",
            "labelerLogin": "inbox@datasetninja.com",
            "createdAt": "2024-03-12T15:40:11.396Z",
            "updatedAt": "2024-03-12T15:40:11.396Z",
            "tags": [],
            "classTitle": "ignore region",
            "points": {
                "exterior": [
                    [
                        628,
                        160
                    ],
                    [
                        628,
                        188
                    ],
                    [
                        667,
                        188
                    ],
                    [
                        667,
                        160
                    ]
                ],
                "interior": []
            }
        },
        {
            "id": 159531887,
            "classId": 6551259,
            "objectId": null,
            "description": "",
            "geometryType": "rectangle",
            "labelerLogin": "inbox@datasetninja.com",
            "createdAt": "2024-03-12T15:40:11.396Z",
            "updatedAt": "2024-03-12T15:40:11.396Z",
            "tags": [],
            "classTitle": "ignore region",
            "points": {
                "exterior": [
                    [
                        628,
                        160
                    ],
                    [
                        667,
                        188
                    ]
                ],
                "interior": []
            }
        },
        {
            "id": 159531888,
            "classId": 6551259,
            "objectId": null,
            "description": "",
            "geometryType": "polygon",
            "labelerLogin": "inbox@datasetninja.com",
            "createdAt": "2024-03-12T15:40:11.396Z",
            "updatedAt": "2024-03-12T15:40:11.396Z",
            "tags": [],
            "classTitle": "ignore region",
            "points": {
                "exterior": [
                    [
                        549,
                        129
                    ],
                    [
                        549,
                        214
                    ],
                    [
                        619,
                        214
                    ],
                    [
                        619,
                        129
                    ]
                ],
                "interior": []
            }
        },
        {
            "id": 159531889,
            "classId": 6551259,
            "objectId": null,
            "description": "",
            "geometryType": "rectangle",
            "labelerLogin": "inbox@datasetninja.com",
            "createdAt": "2024-03-12T15:40:11.397Z",
            "updatedAt": "2024-03-12T15:40:11.397Z",
            "tags": [],
            "classTitle": "ignore region",
            "points": {
                "exterior": [
                    [
                        549,
                        129
                    ],
                    [
                        619,
                        214
                    ]
                ],
                "interior": []
            }
        }
    ]
}