{
    "description": "",
    "tags": [
        {
            "id": 21886357,
            "tagId": 32512,
            "name": "sequence",
            "value": "0009",
            "labelerLogin": "inbox@datasetninja.com",
            "createdAt": "2024-03-12T15:46:04.909Z",
            "updatedAt": "2024-03-12T15:46:04.909Z"
        }
    ],
    "size": {
        "height": 375,
        "width": 1242
    },
    "objects": [
        {
            "id": 159548298,
            "classId": 6551259,
            "objectId": null,
            "description": "",
            "geometryType": "polygon",
            "labelerLogin": "inbox@datasetninja.com",
            "createdAt": "2024-03-12T15:46:04.909Z",
            "updatedAt": "2024-03-12T15:46:04.909Z",
            "tags": [],
            "classTitle": "ignore region",
            "points": {
                "exterior": [
                    [
                        508,
                        180
                    ],
                    [
                        508,
                        195
                    ],
                    [
                        526,
                        195
                    ],
                    [
                        526,
                        180
                    ]
                ],
                "interior": []
            }
        },
        {
            "id": 159548299,
            "classId": 6551259,
            "objectId": null,
            "description": "",
            "geometryType": "rectangle",
            "labelerLogin": "inbox@datasetninja.com",
            "createdAt": "2024-03-12T15:46:04.910Z",
            "updatedAt": "2024-03-12T15:46:04.910Z",
            "tags": [],
            "classTitle": "ignore region",
            "points": {
                "exterior": [
                    [
                        508,
                        180
                    ],
                    [
                        526,
                        195
                    ]
                ],
                "interior": []
            }
        },
        {
            "id": 159548300,
            "classId": 6551259,
            "objectId": null,
            "description": "",
            "geometryType": "polygon",
            "labelerLogin": "inbox@datasetninja.com",
            "createdAt": "2024-03-12T15:46:04.910Z",
            "updatedAt": "2024-03-12T15:46:04.910Z",
            "tags": [],
            "classTitle": "ignore region",
            "points": {
                "exterior": [
                    [
                        585,
                        143
                    ],
                    [
                        585,
                        208
                    ],
                    [
                        639,
                        208
                    ],
                    [
                        639,
                        143
                    ]
                ],
                "interior": []
            }
        },
        {
            "id": 159548301,
            "classId": 6551259,
            "objectId": null,
            "description": "",
            "geometryType": "rectangle",
            "labelerLogin": "inbox@datasetninja.com",
            "createdAt": "2024-03-12T15:46:04.911Z",
            "updatedAt": "2024-03-12T15:46:04.911Z",
            "tags": [],
            "classTitle": "ignore region",
            "points": {
                "exterior": [
                    [
                        585,
                        143
                    ],
                    [
                        639,
                        208
                    ]
                ],
                "interior": []
            }
        }
    ]
}