{
    "description": "",
    "tags": [
        {
            "id": 21886974,
            "tagId": 32512,
            "name": "sequence",
            "value": "0011",
            "labelerLogin": "inbox@datasetninja.com",
            "createdAt": "2024-03-12T15:49:17.567Z",
            "updatedAt": "2024-03-12T15:49:17.567Z"
        }
    ],
    "size": {
        "height": 375,
        "width": 1242
    },
    "objects": [
        {
            "id": 159562394,
            "classId": 6551258,
            "objectId": null,
            "description": "",
            "geometryType": "polygon",
            "labelerLogin": "inbox@datasetninja.com",
            "createdAt": "2024-03-12T15:49:17.569Z",
            "updatedAt": "2024-03-12T15:49:17.569Z",
            "tags": [
                {
                    "id": 122037589,
                    "tagId": 32511,
                    "name": "object id",
                    "value": 1000,
                    "labelerLogin": "inbox@datasetninja.com",
                    "createdAt": "2024-03-12T15:49:17.568Z",
                    "updatedAt": "2024-03-12T15:49:17.568Z"
                },
                {
                    "id": 122037590,
                    "tagId": 32513,
                    "name": "instance id",
                    "value": 0,
                    "labelerLogin": "inbox@datasetninja.com",
                    "createdAt": "2024-03-12T15:49:17.568Z",
                    "updatedAt": "2024-03-12T15:49:17.568Z"
                }
            ],
            "classTitle": "car",
            "points": {
                "exterior": [
                    [
                        593,
                        186
                    ],
                    [
                        592,
                        187
                    ],
                    [
                        588,
                        187
                    ],
                    [
                        587,
                        188
                    ],
                    [
                        585,
                        188
                    ],
                    [
                        584,
                        189
                    ],
                    [
                        582,
                        189
                    ],
                    [
                        579,
                        192
                    ],
                    [
                        578,
                        192
                    ],
                    [
                        578,
                        194
                    ],
                    [
                        577,
                        195
                    ],
                    [
                        577,
                        196
                    ],
                    [
                        576,
                        197
                    ],
                    [
                        576,
                        198
                    ],
                    [
                        575,
                        199
                    ],
                    [
                        575,
                        200
                    ],
                    [
                        574,
                        201
                    ],
                    [
                        573,
                        201
                    ],
                    [
                        573,
                        202
                    ],
                    [
                        570,
                        205
                    ],
                    [
                        571,
                        206
                    ],
                    [
                        571,
                        207
                    ],
                    [
                        572,
                        208
                    ],
                    [
                        572,
                        214
                    ],
                    [
                        571,
                        215
                    ],
                    [
                        571,
                        226
                    ],
                    [
                        570,
                        227
                    ],
                    [
                        570,
                        247
                    ],
                    [
                        571,
                        248
                    ],
                    [
                        571,
                        249
                    ],
                    [
                        573,
                        249
                    ],
                    [
                        574,
                        250
                    ],
                    [
                        576,
                        250
                    ],
                    [
                        577,
                        249
                    ],
                    [
                        579,
                        249
                    ],
                    [
                        579,
                        248
                    ],
                    [
                        580,
                        247
                    ],
                    [
                        580,
                        246
                    ],
                    [
                        582,
                        244
                    ],
                    [
                        584,
                        244
                    ],
                    [
                        585,
                        243
                    ],
                    [
                        592,
                        243
                    ],
                    [
                        593,
                        244
                    ],
                    [
                        618,
                        244
                    ],
                    [
                        619,
                        245
                    ],
                    [
                        620,
                        244
                    ],
                    [
                        624,
                        244
                    ],
                    [
                        625,
                        245
                    ],
                    [
                        625,
                        246
                    ],
                    [
                        626,
                        247
                    ],
                    [
                        626,
                        248
                    ],
                    [
                        627,
                        249
                    ],
                    [
                        634,
                        249
                    ],
                    [
                        636,
                        247
                    ],
                    [
                        636,
                        234
                    ],
                    [
                        637,
                        233
                    ],
                    [
                        637,
                        227
                    ],
                    [
                        636,
                        226
                    ],
                    [
                        636,
                        212
                    ],
                    [
                        635,
                        211
                    ],
                    [
                        635,
                        207
                    ],
                    [
                        636,
                        206
                    ],
                    [
                        636,
                        202
                    ],
                    [
                        634,
                        202
                    ],
                    [
                        631,
                        199
                    ],
                    [
                        631,
                        198
                    ],
                    [
                        630,
                        197
                    ],
                    [
                        630,
                        196
                    ],
                    [
                        628,
                        194
                    ],
                    [
                        628,
                        193
                    ],
                    [
                        626,
                        191
                    ],
                    [
                        626,
                        190
                    ],
                    [
                        625,
                        189
                    ],
                    [
                        623,
                        189
                    ],
                    [
                        622,
                        188
                    ],
                    [
                        620,
                        188
                    ],
                    [
                        619,
                        187
                    ],
                    [
                        604,
                        187
                    ],
                    [
                        603,
                        186
                    ],
                    [
                        601,
                        186
                    ],
                    [
                        600,
                        187
                    ],
                    [
                        597,
                        187
                    ],
                    [
                        596,
                        186
                    ]
                ],
                "interior": []
            }
        },
        {
            "id": 159562395,
            "classId": 6551258,
            "objectId": null,
            "description": "",
            "geometryType": "rectangle",
            "labelerLogin": "inbox@datasetninja.com",
            "createdAt": "2024-03-12T15:49:17.569Z",
            "updatedAt": "2024-03-12T15:49:17.569Z",
            "tags": [
                {
                    "id": 122037591,
                    "tagId": 32511,
                    "name": "object id",
                    "value": 1000,
                    "labelerLogin": "inbox@datasetninja.com",
                    "createdAt": "2024-03-12T15:49:17.569Z",
                    "updatedAt": "2024-03-12T15:49:17.569Z"
                },
                {
                    "id": 122037592,
                    "tagId": 32513,
                    "name": "instance id",
                    "value": 0,
                    "labelerLogin": "inbox@datasetninja.com",
                    "createdAt": "2024-03-12T15:49:17.569Z",
                    "updatedAt": "2024-03-12T15:49:17.569Z"
                }
            ],
            "classTitle": "car",
            "points": {
                "exterior": [
                    [
                        570,
                        186
                    ],
                    [
                        637,
                        250
                    ]
                ],
                "interior": []
            }
        },
        {
            "id": 159562396,
            "classId": 6551258,
            "objectId": null,
            "description": "",
            "geometryType": "polygon",
            "labelerLogin": "inbox@datasetninja.com",
            "createdAt": "2024-03-12T15:49:17.570Z",
            "updatedAt": "2024-03-12T15:49:17.570Z",
            "tags": [
                {
                    "id": 122037593,
                    "tagId": 32511,
                    "name": "object id",
                    "value": 1009,
                    "labelerLogin": "inbox@datasetninja.com",
                    "createdAt": "2024-03-12T15:49:17.570Z",
                    "updatedAt": "2024-03-12T15:49:17.570Z"
                },
                {
                    "id": 122037594,
                    "tagId": 32513,
                    "name": "instance id",
                    "value": 9,
                    "labelerLogin": "inbox@datasetninja.com",
                    "createdAt": "2024-03-12T15:49:17.570Z",
                    "updatedAt": "2024-03-12T15:49:17.570Z"
                }
            ],
            "classTitle": "car",
            "points": {
                "exterior": [
                    [
                        424,
                        190
                    ],
                    [
                        423,
                        191
                    ],
                    [
                        420,
                        191
                    ],
                    [
                        419,
                        192
                    ],
                    [
                        418,
                        192
                    ],
                    [
                        416,
                        194
                    ],
                    [
                        415,
                        194
                    ],
                    [
                        415,
                        195
                    ],
                    [
                        413,
                        197
                    ],
                    [
                        412,
                        197
                    ],
                    [
                        412,
                        198
                    ],
                    [
                        411,
                        199
                    ],
                    [
                        410,
                        199
                    ],
                    [
                        410,
                        200
                    ],
                    [
                        409,
                        201
                    ],
                    [
                        409,
                        204
                    ],
                    [
                        408,
                        205
                    ],
                    [
                        409,
                        206
                    ],
                    [
                        409,
                        210
                    ],
                    [
                        411,
                        212
                    ],
                    [
                        412,
                        212
                    ],
                    [
                        412,
                        211
                    ],
                    [
                        413,
                        210
                    ],
                    [
                        414,
                        210
                    ],
                    [
                        416,
                        208
                    ],
                    [
                        419,
                        208
                    ],
                    [
                        421,
                        210
                    ],
                    [
                        421,
                        211
                    ],
                    [
                        423,
                        209
                    ],
                    [
                        424,
                        210
                    ],
                    [
                        427,
                        210
                    ],
                    [
                        428,
                        211
                    ],
                    [
                        432,
                        211
                    ],
                    [
                        433,
                        212
                    ],
                    [
                        437,
                        212
                    ],
                    [
                        438,
                        211
                    ],
                    [
                        447,
                        211
                    ],
                    [
                        448,
                        210
                    ],
                    [
                        448,
                        200
                    ],
                    [
                        447,
                        199
                    ],
                    [
                        447,
                        198
                    ],
                    [
                        446,
                        197
                    ],
                    [
                        446,
                        196
                    ],
                    [
                        441,
                        191
                    ],
                    [
                        435,
                        191
                    ],
                    [
                        434,
                        190
                    ]
                ],
                "interior": []
            }
        },
        {
            "id": 159562397,
            "classId": 6551258,
            "objectId": null,
            "description": "",
            "geometryType": "rectangle",
            "labelerLogin": "inbox@datasetninja.com",
            "createdAt": "2024-03-12T15:49:17.571Z",
            "updatedAt": "2024-03-12T15:49:17.571Z",
            "tags": [
                {
                    "id": 122037595,
                    "tagId": 32511,
                    "name": "object id",
                    "value": 1009,
                    "labelerLogin": "inbox@datasetninja.com",
                    "createdAt": "2024-03-12T15:49:17.571Z",
                    "updatedAt": "2024-03-12T15:49:17.571Z"
                },
                {
                    "id": 122037596,
                    "tagId": 32513,
                    "name": "instance id",
                    "value": 9,
                    "labelerLogin": "inbox@datasetninja.com",
                    "createdAt": "2024-03-12T15:49:17.571Z",
                    "updatedAt": "2024-03-12T15:49:17.571Z"
                }
            ],
            "classTitle": "car",
            "points": {
                "exterior": [
                    [
                        408,
                        190
                    ],
                    [
                        448,
                        212
                    ]
                ],
                "interior": []
            }
        },
        {
            "id": 159562398,
            "classId": 6551258,
            "objectId": null,
            "description": "",
            "geometryType": "polygon",
            "labelerLogin": "inbox@datasetninja.com",
            "createdAt": "2024-03-12T15:49:17.572Z",
            "updatedAt": "2024-03-12T15:49:17.572Z",
            "tags": [
                {
                    "id": 122037597,
                    "tagId": 32511,
                    "name": "object id",
                    "value": 1010,
                    "labelerLogin": "inbox@datasetninja.com",
                    "createdAt": "2024-03-12T15:49:17.572Z",
                    "updatedAt": "2024-03-12T15:49:17.572Z"
                },
                {
                    "id": 122037598,
                    "tagId": 32513,
                    "name": "instance id",
                    "value": 10,
                    "labelerLogin": "inbox@datasetninja.com",
                    "createdAt": "2024-03-12T15:49:17.572Z",
                    "updatedAt": "2024-03-12T15:49:17.572Z"
                }
            ],
            "classTitle": "car",
            "points": {
                "exterior": [
                    [
                        483,
                        188
                    ],
                    [
                        482,
                        189
                    ],
                    [
                        478,
                        189
                    ],
                    [
                        474,
                        193
                    ],
                    [
                        474,
                        194
                    ],
                    [
                        473,
                        195
                    ],
                    [
                        473,
                        203
                    ],
                    [
                        476,
                        203
                    ],
                    [
                        477,
                        204
                    ],
                    [
                        479,
                        204
                    ],
                    [
                        480,
                        203
                    ],
                    [
                        494,
                        203
                    ],
                    [
                        495,
                        202
                    ],
                    [
                        496,
                        202
                    ],
                    [
                        496,
                        198
                    ],
                    [
                        495,
                        197
                    ],
                    [
                        495,
                        194
                    ],
                    [
                        494,
                        193
                    ],
                    [
                        494,
                        192
                    ],
                    [
                        492,
                        190
                    ],
                    [
                        491,
                        190
                    ],
                    [
                        490,
                        189
                    ],
                    [
                        489,
                        189
                    ],
                    [
                        488,
                        188
                    ]
                ],
                "interior": []
            }
        },
        {
            "id": 159562399,
            "classId": 6551258,
            "objectId": null,
            "description": "",
            "geometryType": "rectangle",
            "labelerLogin": "inbox@datasetninja.com",
            "createdAt": "2024-03-12T15:49:17.576Z",
            "updatedAt": "2024-03-12T15:49:17.576Z",
            "tags": [
                {
                    "id": 122037599,
                    "tagId": 32511,
                    "name": "object id",
                    "value": 1010,
                    "labelerLogin": "inbox@datasetninja.com",
                    "createdAt": "2024-03-12T15:49:17.576Z",
                    "updatedAt": "2024-03-12T15:49:17.576Z"
                },
                {
                    "id": 122037600,
                    "tagId": 32513,
                    "name": "instance id",
                    "value": 10,
                    "labelerLogin": "inbox@datasetninja.com",
                    "createdAt": "2024-03-12T15:49:17.576Z",
                    "updatedAt": "2024-03-12T15:49:17.576Z"
                }
            ],
            "classTitle": "car",
            "points": {
                "exterior": [
                    [
                        473,
                        188
                    ],
                    [
                        496,
                        204
                    ]
                ],
                "interior": []
            }
        },
        {
            "id": 159562400,
            "classId": 6551258,
            "objectId": null,
            "description": "",
            "geometryType": "polygon",
            "labelerLogin": "inbox@datasetninja.com",
            "createdAt": "2024-03-12T15:49:17.578Z",
            "updatedAt": "2024-03-12T15:49:17.578Z",
            "tags": [
                {
                    "id": 122037601,
                    "tagId": 32511,
                    "name": "object id",
                    "value": 1012,
                    "labelerLogin": "inbox@datasetninja.com",
                    "createdAt": "2024-03-12T15:49:17.577Z",
                    "updatedAt": "2024-03-12T15:49:17.577Z"
                },
                {
                    "id": 122037602,
                    "tagId": 32513,
                    "name": "instance id",
                    "value": 12,
                    "labelerLogin": "inbox@datasetninja.com",
                    "createdAt": "2024-03-12T15:49:17.577Z",
                    "updatedAt": "2024-03-12T15:49:17.577Z"
                }
            ],
            "classTitle": "car",
            "points": {
                "exterior": [
                    [
                        640,
                        182
                    ],
                    [
                        639,
                        183
                    ],
                    [
                        637,
                        183
                    ],
                    [
                        636,
                        184
                    ],
                    [
                        634,
                        184
                    ],
                    [
                        632,
                        186
                    ],
                    [
                        632,
                        187
                    ],
                    [
                        631,
                        188
                    ],
                    [
                        631,
                        194
                    ],
                    [
                        633,
                        196
                    ],
                    [
                        637,
                        196
                    ],
                    [
                        638,
                        195
                    ],
                    [
                        642,
                        195
                    ],
                    [
                        643,
                        196
                    ],
                    [
                        651,
                        196
                    ],
                    [
                        652,
                        195
                    ],
                    [
                        664,
                        195
                    ],
                    [
                        667,
                        192
                    ],
                    [
                        667,
                        190
                    ],
                    [
                        666,
                        189
                    ],
                    [
                        666,
                        188
                    ],
                    [
                        662,
                        184
                    ],
                    [
                        661,
                        184
                    ],
                    [
                        660,
                        183
                    ],
                    [
                        657,
                        183
                    ],
                    [
                        656,
                        182
                    ]
                ],
                "interior": []
            }
        },
        {
            "id": 159562401,
            "classId": 6551258,
            "objectId": null,
            "description": "",
            "geometryType": "rectangle",
            "labelerLogin": "inbox@datasetninja.com",
            "createdAt": "2024-03-12T15:49:17.581Z",
            "updatedAt": "2024-03-12T15:49:17.581Z",
            "tags": [
                {
                    "id": 122037603,
                    "tagId": 32511,
                    "name": "object id",
                    "value": 1012,
                    "labelerLogin": "inbox@datasetninja.com",
                    "createdAt": "2024-03-12T15:49:17.581Z",
                    "updatedAt": "2024-03-12T15:49:17.581Z"
                },
                {
                    "id": 122037604,
                    "tagId": 32513,
                    "name": "instance id",
                    "value": 12,
                    "labelerLogin": "inbox@datasetninja.com",
                    "createdAt": "2024-03-12T15:49:17.581Z",
                    "updatedAt": "2024-03-12T15:49:17.581Z"
                }
            ],
            "classTitle": "car",
            "points": {
                "exterior": [
                    [
                        631,
                        182
                    ],
                    [
                        667,
                        196
                    ]
                ],
                "interior": []
            }
        },
        {
            "id": 159562402,
            "classId": 6551257,
            "objectId": null,
            "description": "",
            "geometryType": "polygon",
            "labelerLogin": "inbox@datasetninja.com",
            "createdAt": "2024-03-12T15:49:17.582Z",
            "updatedAt": "2024-03-12T15:49:17.582Z",
            "tags": [
                {
                    "id": 122037605,
                    "tagId": 32511,
                    "name": "object id",
                    "value": 2045,
                    "labelerLogin": "inbox@datasetninja.com",
                    "createdAt": "2024-03-12T15:49:17.582Z",
                    "updatedAt": "2024-03-12T15:49:17.582Z"
                },
                {
                    "id": 122037606,
                    "tagId": 32513,
                    "name": "instance id",
                    "value": 45,
                    "labelerLogin": "inbox@datasetninja.com",
                    "createdAt": "2024-03-12T15:49:17.582Z",
                    "updatedAt": "2024-03-12T15:49:17.582Z"
                }
            ],
            "classTitle": "pedestrian",
            "points": {
                "exterior": [
                    [
                        1209,
                        166
                    ],
                    [
                        1208,
                        167
                    ],
                    [
                        1205,
                        167
                    ],
                    [
                        1204,
                        168
                    ],
                    [
                        1204,
                        169
                    ],
                    [
                        1203,
                        170
                    ],
                    [
                        1203,
                        171
                    ],
                    [
                        1202,
                        172
                    ],
                    [
                        1202,
                        173
                    ],
                    [
                        1201,
                        174
                    ],
                    [
                        1201,
                        175
                    ],
                    [
                        1202,
                        176
                    ],
                    [
                        1202,
                        179
                    ],
                    [
                        1203,
                        180
                    ],
                    [
                        1203,
                        182
                    ],
                    [
                        1204,
                        183
                    ],
                    [
                        1203,
                        184
                    ],
                    [
                        1203,
                        185
                    ],
                    [
                        1202,
                        186
                    ],
                    [
                        1201,
                        186
                    ],
                    [
                        1202,
                        187
                    ],
                    [
                        1203,
                        187
                    ],
                    [
                        1207,
                        191
                    ],
                    [
                        1208,
                        191
                    ],
                    [
                        1218,
                        201
                    ],
                    [
                        1219,
                        201
                    ],
                    [
                        1222,
                        204
                    ],
                    [
                        1223,
                        204
                    ],
                    [
                        1224,
                        205
                    ],
                    [
                        1225,
                        205
                    ],
                    [
                        1229,
                        209
                    ],
                    [
                        1228,
                        210
                    ],
                    [
                        1227,
                        210
                    ],
                    [
                        1226,
                        209
                    ],
                    [
                        1225,
                        209
                    ],
                    [
                        1223,
                        207
                    ],
                    [
                        1222,
                        207
                    ],
                    [
                        1220,
                        205
                    ],
                    [
                        1219,
                        205
                    ],
                    [
                        1208,
                        194
                    ],
                    [
                        1207,
                        194
                    ],
                    [
                        1203,
                        190
                    ],
                    [
                        1202,
                        190
                    ],
                    [
                        1200,
                        188
                    ],
                    [
                        1197,
                        188
                    ],
                    [
                        1196,
                        189
                    ],
                    [
                        1196,
                        190
                    ],
                    [
                        1195,
                        191
                    ],
                    [
                        1195,
                        194
                    ],
                    [
                        1194,
                        195
                    ],
                    [
                        1194,
                        205
                    ],
                    [
                        1195,
                        206
                    ],
                    [
                        1195,
                        207
                    ],
                    [
                        1197,
                        209
                    ],
                    [
                        1197,
                        210
                    ],
                    [
                        1198,
                        211
                    ],
                    [
                        1199,
                        211
                    ],
                    [
                        1200,
                        212
                    ],
                    [
                        1200,
                        223
                    ],
                    [
                        1201,
                        224
                    ],
                    [
                        1201,
                        226
                    ],
                    [
                        1202,
                        227
                    ],
                    [
                        1202,
                        229
                    ],
                    [
                        1203,
                        230
                    ],
                    [
                        1203,
                        232
                    ],
                    [
                        1204,
                        233
                    ],
                    [
                        1204,
                        236
                    ],
                    [
                        1205,
                        237
                    ],
                    [
                        1205,
                        239
                    ],
                    [
                        1206,
                        240
                    ],
                    [
                        1206,
                        246
                    ],
                    [
                        1207,
                        247
                    ],
                    [
                        1207,
                        263
                    ],
                    [
                        1208,
                        264
                    ],
                    [
                        1208,
                        265
                    ],
                    [
                        1209,
                        266
                    ],
                    [
                        1209,
                        267
                    ],
                    [
                        1210,
                        268
                    ],
                    [
                        1210,
                        269
                    ],
                    [
                        1211,
                        270
                    ],
                    [
                        1211,
                        271
                    ],
                    [
                        1212,
                        272
                    ],
                    [
                        1212,
                        273
                    ],
                    [
                        1214,
                        273
                    ],
                    [
                        1215,
                        274
                    ],
                    [
                        1216,
                        274
                    ],
                    [
                        1217,
                        273
                    ],
                    [
                        1218,
                        273
                    ],
                    [
                        1220,
                        271
                    ],
                    [
                        1220,
                        270
                    ],
                    [
                        1221,
                        269
                    ],
                    [
                        1221,
                        262
                    ],
                    [
                        1220,
                        261
                    ],
                    [
                        1220,
                        260
                    ],
                    [
                        1219,
                        260
                    ],
                    [
                        1218,
                        259
                    ],
                    [
                        1218,
                        251
                    ],
                    [
                        1217,
                        250
                    ],
                    [
                        1217,
                        232
                    ],
                    [
                        1219,
                        230
                    ],
                    [
                        1222,
                        233
                    ],
                    [
                        1222,
                        251
                    ],
                    [
                        1223,
                        252
                    ],
                    [
                        1223,
                        262
                    ],
                    [
                        1224,
                        263
                    ],
                    [
                        1224,
                        266
                    ],
                    [
                        1225,
                        267
                    ],
                    [
                        1225,
                        268
                    ],
                    [
                        1226,
                        268
                    ],
                    [
                        1227,
                        269
                    ],
                    [
                        1228,
                        268
                    ],
                    [
                        1229,
                        268
                    ],
                    [
                        1231,
                        266
                    ],
                    [
                        1232,
                        266
                    ],
                    [
                        1234,
                        264
                    ],
                    [
                        1235,
                        264
                    ],
                    [
                        1236,
                        263
                    ],
                    [
                        1233,
                        260
                    ],
                    [
                        1233,
                        259
                    ],
                    [
                        1234,
                        258
                    ],
                    [
                        1234,
                        239
                    ],
                    [
                        1233,
                        238
                    ],
                    [
                        1233,
                        218
                    ],
                    [
                        1234,
                        217
                    ],
                    [
                        1238,
                        221
                    ],
                    [
                        1238,
                        224
                    ],
                    [
                        1239,
                        225
                    ],
                    [
                        1239,
                        226
                    ],
                    [
                        1241,
                        226
                    ],
                    [
                        1241,
                        213
                    ],
                    [
                        1237,
                        209
                    ],
                    [
                        1237,
                        208
                    ],
                    [
                        1236,
                        207
                    ],
                    [
                        1236,
                        206
                    ],
                    [
                        1235,
                        205
                    ],
                    [
                        1235,
                        204
                    ],
                    [
                        1231,
                        200
                    ],
                    [
                        1231,
                        198
                    ],
                    [
                        1230,
                        197
                    ],
                    [
                        1230,
                        194
                    ],
                    [
                        1229,
                        193
                    ],
                    [
                        1229,
                        189
                    ],
                    [
                        1228,
                        188
                    ],
                    [
                        1228,
                        185
                    ],
                    [
                        1226,
                        185
                    ],
                    [
                        1225,
                        184
                    ],
                    [
                        1223,
                        184
                    ],
                    [
                        1222,
                        183
                    ],
                    [
                        1221,
                        183
                    ],
                    [
                        1220,
                        182
                    ],
                    [
                        1219,
                        182
                    ],
                    [
                        1218,
                        181
                    ],
                    [
                        1218,
                        178
                    ],
                    [
                        1219,
                        177
                    ],
                    [
                        1219,
                        169
                    ],
                    [
                        1218,
                        169
                    ],
                    [
                        1217,
                        168
                    ],
                    [
                        1216,
                        168
                    ],
                    [
                        1215,
                        167
                    ],
                    [
                        1214,
                        167
                    ],
                    [
                        1213,
                        166
                    ]
                ],
                "interior": [
                    [
                        [
                            1231,
                            215
                        ],
                        [
                            1232,
                            214
                        ],
                        [
                            1233,
                            215
                        ],
                        [
                            1232,
                            216
                        ]
                    ]
                ]
            }
        },
        {
            "id": 159562403,
            "classId": 6551257,
            "objectId": null,
            "description": "",
            "geometryType": "rectangle",
            "labelerLogin": "inbox@datasetninja.com",
            "createdAt": "2024-03-12T15:49:17.584Z",
            "updatedAt": "2024-03-12T15:49:17.584Z",
            "tags": [
                {
                    "id": 122037607,
                    "tagId": 32511,
                    "name": "object id",
                    "value": 2045,
                    "labelerLogin": "inbox@datasetninja.com",
                    "createdAt": "2024-03-12T15:49:17.583Z",
                    "updatedAt": "2024-03-12T15:49:17.583Z"
                },
                {
                    "id": 122037608,
                    "tagId": 32513,
                    "name": "instance id",
                    "value": 45,
                    "labelerLogin": "inbox@datasetninja.com",
                    "createdAt": "2024-03-12T15:49:17.583Z",
                    "updatedAt": "2024-03-12T15:49:17.583Z"
                }
            ],
            "classTitle": "pedestrian",
            "points": {
                "exterior": [
                    [
                        1194,
                        166
                    ],
                    [
                        1241,
                        274
                    ]
                ],
                "interior": []
            }
        },
        {
            "id": 159562404,
            "classId": 6551257,
            "objectId": null,
            "description": "",
            "geometryType": "polygon",
            "labelerLogin": "inbox@datasetninja.com",
            "createdAt": "2024-03-12T15:49:17.585Z",
            "updatedAt": "2024-03-12T15:49:17.585Z",
            "tags": [
                {
                    "id": 122037609,
                    "tagId": 32511,
                    "name": "object id",
                    "value": 2046,
                    "labelerLogin": "inbox@datasetninja.com",
                    "createdAt": "2024-03-12T15:49:17.585Z",
                    "updatedAt": "2024-03-12T15:49:17.585Z"
                },
                {
                    "id": 122037610,
                    "tagId": 32513,
                    "name": "instance id",
                    "value": 46,
                    "labelerLogin": "inbox@datasetninja.com",
                    "createdAt": "2024-03-12T15:49:17.585Z",
                    "updatedAt": "2024-03-12T15:49:17.585Z"
                }
            ],
            "classTitle": "pedestrian",
            "points": {
                "exterior": [
                    [
                        1160,
                        178
                    ],
                    [
                        1159,
                        179
                    ],
                    [
                        1158,
                        179
                    ],
                    [
                        1157,
                        180
                    ],
                    [
                        1156,
                        180
                    ],
                    [
                        1155,
                        181
                    ],
                    [
                        1155,
                        182
                    ],
                    [
                        1154,
                        183
                    ],
                    [
                        1154,
                        186
                    ],
                    [
                        1153,
                        187
                    ],
                    [
                        1153,
                        189
                    ],
                    [
                        1150,
                        192
                    ],
                    [
                        1149,
                        192
                    ],
                    [
                        1148,
                        193
                    ],
                    [
                        1147,
                        193
                    ],
                    [
                        1146,
                        194
                    ],
                    [
                        1145,
                        194
                    ],
                    [
                        1144,
                        195
                    ],
                    [
                        1143,
                        195
                    ],
                    [
                        1141,
                        197
                    ],
                    [
                        1139,
                        197
                    ],
                    [
                        1137,
                        199
                    ],
                    [
                        1136,
                        199
                    ],
                    [
                        1135,
                        200
                    ],
                    [
                        1134,
                        200
                    ],
                    [
                        1133,
                        201
                    ],
                    [
                        1132,
                        201
                    ],
                    [
                        1131,
                        202
                    ],
                    [
                        1130,
                        202
                    ],
                    [
                        1128,
                        204
                    ],
                    [
                        1127,
                        204
                    ],
                    [
                        1127,
                        205
                    ],
                    [
                        1125,
                        207
                    ],
                    [
                        1124,
                        207
                    ],
                    [
                        1123,
                        208
                    ],
                    [
                        1123,
                        210
                    ],
                    [
                        1128,
                        210
                    ],
                    [
                        1129,
                        209
                    ],
                    [
                        1130,
                        209
                    ],
                    [
                        1131,
                        208
                    ],
                    [
                        1132,
                        208
                    ],
                    [
                        1133,
                        207
                    ],
                    [
                        1134,
                        207
                    ],
                    [
                        1135,
                        206
                    ],
                    [
                        1136,
                        206
                    ],
                    [
                        1139,
                        203
                    ],
                    [
                        1141,
                        203
                    ],
                    [
                        1142,
                        202
                    ],
                    [
                        1148,
                        202
                    ],
                    [
                        1150,
                        204
                    ],
                    [
                        1150,
                        207
                    ],
                    [
                        1151,
                        208
                    ],
                    [
                        1151,
                        209
                    ],
                    [
                        1152,
                        210
                    ],
                    [
                        1152,
                        212
                    ],
                    [
                        1153,
                        213
                    ],
                    [
                        1153,
                        215
                    ],
                    [
                        1152,
                        216
                    ],
                    [
                        1152,
                        222
                    ],
                    [
                        1153,
                        223
                    ],
                    [
                        1153,
                        226
                    ],
                    [
                        1154,
                        227
                    ],
                    [
                        1154,
                        228
                    ],
                    [
                        1155,
                        229
                    ],
                    [
                        1155,
                        231
                    ],
                    [
                        1156,
                        232
                    ],
                    [
                        1156,
                        233
                    ],
                    [
                        1157,
                        234
                    ],
                    [
                        1157,
                        235
                    ],
                    [
                        1158,
                        236
                    ],
                    [
                        1158,
                        237
                    ],
                    [
                        1159,
                        238
                    ],
                    [
                        1159,
                        239
                    ],
                    [
                        1160,
                        240
                    ],
                    [
                        1160,
                        241
                    ],
                    [
                        1161,
                        241
                    ],
                    [
                        1162,
                        242
                    ],
                    [
                        1162,
                        244
                    ],
                    [
                        1163,
                        245
                    ],
                    [
                        1163,
                        247
                    ],
                    [
                        1164,
                        248
                    ],
                    [
                        1164,
                        250
                    ],
                    [
                        1165,
                        251
                    ],
                    [
                        1165,
                        252
                    ],
                    [
                        1166,
                        253
                    ],
                    [
                        1166,
                        254
                    ],
                    [
                        1167,
                        255
                    ],
                    [
                        1167,
                        257
                    ],
                    [
                        1168,
                        258
                    ],
                    [
                        1167,
                        259
                    ],
                    [
                        1167,
                        260
                    ],
                    [
                        1165,
                        262
                    ],
                    [
                        1165,
                        266
                    ],
                    [
                        1167,
                        266
                    ],
                    [
                        1168,
                        267
                    ],
                    [
                        1170,
                        267
                    ],
                    [
                        1171,
                        268
                    ],
                    [
                        1176,
                        268
                    ],
                    [
                        1176,
                        256
                    ],
                    [
                        1177,
                        255
                    ],
                    [
                        1177,
                        237
                    ],
                    [
                        1178,
                        236
                    ],
                    [
                        1178,
                        235
                    ],
                    [
                        1179,
                        234
                    ],
                    [
                        1179,
                        233
                    ],
                    [
                        1181,
                        231
                    ],
                    [
                        1181,
                        228
                    ],
                    [
                        1182,
                        227
                    ],
                    [
                        1182,
                        225
                    ],
                    [
                        1183,
                        224
                    ],
                    [
                        1183,
                        221
                    ],
                    [
                        1184,
                        220
                    ],
                    [
                        1184,
                        203
                    ],
                    [
                        1183,
                        202
                    ],
                    [
                        1183,
                        201
                    ],
                    [
                        1182,
                        200
                    ],
                    [
                        1182,
                        198
                    ],
                    [
                        1181,
                        197
                    ],
                    [
                        1181,
                        195
                    ],
                    [
                        1178,
                        192
                    ],
                    [
                        1177,
                        192
                    ],
                    [
                        1175,
                        190
                    ],
                    [
                        1173,
                        190
                    ],
                    [
                        1172,
                        189
                    ],
                    [
                        1171,
                        189
                    ],
                    [
                        1170,
                        188
                    ],
                    [
                        1170,
                        186
                    ],
                    [
                        1169,
                        185
                    ],
                    [
                        1169,
                        184
                    ],
                    [
                        1167,
                        182
                    ],
                    [
                        1167,
                        181
                    ],
                    [
                        1166,
                        181
                    ],
                    [
                        1163,
                        178
                    ]
                ],
                "interior": []
            }
        },
        {
            "id": 159562405,
            "classId": 6551257,
            "objectId": null,
            "description": "",
            "geometryType": "rectangle",
            "labelerLogin": "inbox@datasetninja.com",
            "createdAt": "2024-03-12T15:49:17.587Z",
            "updatedAt": "2024-03-12T15:49:17.587Z",
            "tags": [
                {
                    "id": 122037611,
                    "tagId": 32511,
                    "name": "object id",
                    "value": 2046,
                    "labelerLogin": "inbox@datasetninja.com",
                    "createdAt": "2024-03-12T15:49:17.587Z",
                    "updatedAt": "2024-03-12T15:49:17.587Z"
                },
                {
                    "id": 122037612,
                    "tagId": 32513,
                    "name": "instance id",
                    "value": 46,
                    "labelerLogin": "inbox@datasetninja.com",
                    "createdAt": "2024-03-12T15:49:17.587Z",
                    "updatedAt": "2024-03-12T15:49:17.587Z"
                }
            ],
            "classTitle": "pedestrian",
            "points": {
                "exterior": [
                    [
                        1123,
                        178
                    ],
                    [
                        1184,
                        268
                    ]
                ],
                "interior": []
            }
        },
        {
            "id": 159562406,
            "classId": 6551257,
            "objectId": null,
            "description": "",
            "geometryType": "polygon",
            "labelerLogin": "inbox@datasetninja.com",
            "createdAt": "2024-03-12T15:49:17.588Z",
            "updatedAt": "2024-03-12T15:49:17.588Z",
            "tags": [
                {
                    "id": 122037613,
                    "tagId": 32511,
                    "name": "object id",
                    "value": 2049,
                    "labelerLogin": "inbox@datasetninja.com",
                    "createdAt": "2024-03-12T15:49:17.588Z",
                    "updatedAt": "2024-03-12T15:49:17.588Z"
                },
                {
                    "id": 122037614,
                    "tagId": 32513,
                    "name": "instance id",
                    "value": 49,
                    "labelerLogin": "inbox@datasetninja.com",
                    "createdAt": "2024-03-12T15:49:17.588Z",
                    "updatedAt": "2024-03-12T15:49:17.588Z"
                }
            ],
            "classTitle": "pedestrian",
            "points": {
                "exterior": [
                    [
                        1191,
                        170
                    ],
                    [
                        1190,
                        171
                    ],
                    [
                        1189,
                        171
                    ],
                    [
                        1187,
                        173
                    ],
                    [
                        1187,
                        174
                    ],
                    [
                        1186,
                        175
                    ],
                    [
                        1186,
                        176
                    ],
                    [
                        1187,
                        177
                    ],
                    [
                        1187,
                        179
                    ],
                    [
                        1182,
                        184
                    ],
                    [
                        1182,
                        186
                    ],
                    [
                        1181,
                        187
                    ],
                    [
                        1181,
                        188
                    ],
                    [
                        1180,
                        189
                    ],
                    [
                        1180,
                        193
                    ],
                    [
                        1183,
                        193
                    ],
                    [
                        1184,
                        194
                    ],
                    [
                        1184,
                        195
                    ],
                    [
                        1185,
                        196
                    ],
                    [
                        1185,
                        203
                    ],
                    [
                        1186,
                        204
                    ],
                    [
                        1186,
                        205
                    ],
                    [
                        1187,
                        206
                    ],
                    [
                        1187,
                        209
                    ],
                    [
                        1188,
                        210
                    ],
                    [
                        1188,
                        218
                    ],
                    [
                        1189,
                        219
                    ],
                    [
                        1189,
                        220
                    ],
                    [
                        1190,
                        221
                    ],
                    [
                        1192,
                        221
                    ],
                    [
                        1193,
                        220
                    ],
                    [
                        1193,
                        210
                    ],
                    [
                        1194,
                        209
                    ],
                    [
                        1195,
                        210
                    ],
                    [
                        1195,
                        213
                    ],
                    [
                        1196,
                        214
                    ],
                    [
                        1196,
                        218
                    ],
                    [
                        1197,
                        219
                    ],
                    [
                        1197,
                        220
                    ],
                    [
                        1198,
                        221
                    ],
                    [
                        1199,
                        221
                    ],
                    [
                        1199,
                        214
                    ],
                    [
                        1198,
                        213
                    ],
                    [
                        1198,
                        212
                    ],
                    [
                        1195,
                        209
                    ],
                    [
                        1195,
                        208
                    ],
                    [
                        1193,
                        206
                    ],
                    [
                        1193,
                        195
                    ],
                    [
                        1194,
                        194
                    ],
                    [
                        1194,
                        191
                    ],
                    [
                        1195,
                        190
                    ],
                    [
                        1195,
                        189
                    ],
                    [
                        1199,
                        185
                    ],
                    [
                        1202,
                        185
                    ],
                    [
                        1202,
                        184
                    ],
                    [
                        1203,
                        183
                    ],
                    [
                        1202,
                        182
                    ],
                    [
                        1202,
                        181
                    ],
                    [
                        1201,
                        180
                    ],
                    [
                        1200,
                        180
                    ],
                    [
                        1199,
                        179
                    ],
                    [
                        1197,
                        179
                    ],
                    [
                        1195,
                        177
                    ],
                    [
                        1195,
                        172
                    ],
                    [
                        1194,
                        171
                    ],
                    [
                        1193,
                        171
                    ],
                    [
                        1192,
                        170
                    ]
                ],
                "interior": [
                    [
                        [
                            1192,
                            208
                        ],
                        [
                            1193,
                            207
                        ],
                        [
                            1194,
                            208
                        ],
                        [
                            1194,
                            209
                        ],
                        [
                            1193,
                            210
                        ],
                        [
                            1192,
                            209
                        ]
                    ],
                    [
                        [
                            1191,
                            205
                        ],
                        [
                            1192,
                            204
                        ],
                        [
                            1193,
                            205
                        ],
                        [
                            1192,
                            206
                        ]
                    ]
                ]
            }
        },
        {
            "id": 159562407,
            "classId": 6551257,
            "objectId": null,
            "description": "",
            "geometryType": "rectangle",
            "labelerLogin": "inbox@datasetninja.com",
            "createdAt": "2024-03-12T15:49:17.589Z",
            "updatedAt": "2024-03-12T15:49:17.589Z",
            "tags": [
                {
                    "id": 122037615,
                    "tagId": 32511,
                    "name": "object id",
                    "value": 2049,
                    "labelerLogin": "inbox@datasetninja.com",
                    "createdAt": "2024-03-12T15:49:17.589Z",
                    "updatedAt": "2024-03-12T15:49:17.589Z"
                },
                {
                    "id": 122037616,
                    "tagId": 32513,
                    "name": "instance id",
                    "value": 49,
                    "labelerLogin": "inbox@datasetninja.com",
                    "createdAt": "2024-03-12T15:49:17.589Z",
                    "updatedAt": "2024-03-12T15:49:17.589Z"
                }
            ],
            "classTitle": "pedestrian",
            "points": {
                "exterior": [
                    [
                        1180,
                        170
                    ],
                    [
                        1203,
                        221
                    ]
                ],
                "interior": []
            }
        },
        {
            "id": 159562408,
            "classId": 6551259,
            "objectId": null,
            "description": "",
            "geometryType": "polygon",
            "labelerLogin": "inbox@datasetninja.com",
            "createdAt": "2024-03-12T15:49:17.589Z",
            "updatedAt": "2024-03-12T15:49:17.589Z",
            "tags": [],
            "classTitle": "ignore region",
            "points": {
                "exterior": [
                    [
                        517,
                        177
                    ],
                    [
                        517,
                        183
                    ],
                    [
                        516,
                        184
                    ],
                    [
                        496,
                        184
                    ],
                    [
                        496,
                        197
                    ],
                    [
                        497,
                        198
                    ],
                    [
                        497,
                        202
                    ],
                    [
                        516,
                        202
                    ],
                    [
                        516,
                        195
                    ],
                    [
                        517,
                        194
                    ],
                    [
                        577,
                        194
                    ],
                    [
                        577,
                        192
                    ],
                    [
                        578,
                        191
                    ],
                    [
                        579,
                        191
                    ],
                    [
                        582,
                        188
                    ],
                    [
                        584,
                        188
                    ],
                    [
                        585,
                        187
                    ],
                    [
                        587,
                        187
                    ],
                    [
                        588,
                        186
                    ],
                    [
                        592,
                        186
                    ],
                    [
                        593,
                        185
                    ],
                    [
                        596,
                        185
                    ],
                    [
                        597,
                        186
                    ],
                    [
                        600,
                        186
                    ],
                    [
                        601,
                        185
                    ],
                    [
                        603,
                        185
                    ],
                    [
                        604,
                        186
                    ],
                    [
                        619,
                        186
                    ],
                    [
                        620,
                        187
                    ],
                    [
                        622,
                        187
                    ],
                    [
                        623,
                        188
                    ],
                    [
                        625,
                        188
                    ],
                    [
                        627,
                        190
                    ],
                    [
                        627,
                        191
                    ],
                    [
                        629,
                        193
                    ],
                    [
                        629,
                        194
                    ],
                    [
                        630,
                        194
                    ],
                    [
                        630,
                        177
                    ]
                ],
                "interior": []
            }
        },
        {
            "id": 159562409,
            "classId": 6551259,
            "objectId": null,
            "description": "",
            "geometryType": "rectangle",
            "labelerLogin": "inbox@datasetninja.com",
            "createdAt": "2024-03-12T15:49:17.590Z",
            "updatedAt": "2024-03-12T15:49:17.590Z",
            "tags": [],
            "classTitle": "ignore region",
            "points": {
                "exterior": [
                    [
                        496,
                        177
                    ],
                    [
                        630,
                        202
                    ]
                ],
                "interior": []
            }
        },
        {
            "id": 159562410,
            "classId": 6551259,
            "objectId": null,
            "description": "",
            "geometryType": "polygon",
            "labelerLogin": "inbox@datasetninja.com",
            "createdAt": "2024-03-12T15:49:17.591Z",
            "updatedAt": "2024-03-12T15:49:17.591Z",
            "tags": [],
            "classTitle": "ignore region",
            "points": {
                "exterior": [
                    [
                        0,
                        153
                    ],
                    [
                        0,
                        343
                    ],
                    [
                        319,
                        343
                    ],
                    [
                        319,
                        153
                    ]
                ],
                "interior": []
            }
        },
        {
            "id": 159562411,
            "classId": 6551259,
            "objectId": null,
            "description": "",
            "geometryType": "rectangle",
            "labelerLogin": "inbox@datasetninja.com",
            "createdAt": "2024-03-12T15:49:17.591Z",
            "updatedAt": "2024-03-12T15:49:17.591Z",
            "tags": [],
            "classTitle": "ignore region",
            "points": {
                "exterior": [
                    [
                        0,
                        153
                    ],
                    [
                        319,
                        343
                    ]
                ],
                "interior": []
            }
        }
    ]
}