{
    "description": "",
    "tags": [
        {
            "id": 21886931,
            "tagId": 32512,
            "name": "sequence",
            "value": "0011",
            "labelerLogin": "inbox@datasetninja.com",
            "createdAt": "2024-03-12T15:49:10.424Z",
            "updatedAt": "2024-03-12T15:49:10.424Z"
        }
    ],
    "size": {
        "height": 375,
        "width": 1242
    },
    "objects": [
        {
            "id": 159561264,
            "classId": 6551258,
            "objectId": null,
            "description": "",
            "geometryType": "polygon",
            "labelerLogin": "inbox@datasetninja.com",
            "createdAt": "2024-03-12T15:49:10.424Z",
            "updatedAt": "2024-03-12T15:49:10.424Z",
            "tags": [
                {
                    "id": 122035757,
                    "tagId": 32511,
                    "name": "object id",
                    "value": 1000,
                    "labelerLogin": "inbox@datasetninja.com",
                    "createdAt": "2024-03-12T15:49:10.424Z",
                    "updatedAt": "2024-03-12T15:49:10.424Z"
                },
                {
                    "id": 122035758,
                    "tagId": 32513,
                    "name": "instance id",
                    "value": 0,
                    "labelerLogin": "inbox@datasetninja.com",
                    "createdAt": "2024-03-12T15:49:10.424Z",
                    "updatedAt": "2024-03-12T15:49:10.424Z"
                }
            ],
            "classTitle": "car",
            "points": {
                "exterior": [
                    [
                        587,
                        187
                    ],
                    [
                        586,
                        188
                    ],
                    [
                        584,
                        188
                    ],
                    [
                        583,
                        189
                    ],
                    [
                        582,
                        189
                    ],
                    [
                        581,
                        190
                    ],
                    [
                        580,
                        190
                    ],
                    [
                        579,
                        191
                    ],
                    [
                        578,
                        191
                    ],
                    [
                        578,
                        192
                    ],
                    [
                        577,
                        193
                    ],
                    [
                        577,
                        194
                    ],
                    [
                        576,
                        195
                    ],
                    [
                        576,
                        196
                    ],
                    [
                        575,
                        197
                    ],
                    [
                        575,
                        198
                    ],
                    [
                        574,
                        199
                    ],
                    [
                        574,
                        200
                    ],
                    [
                        573,
                        201
                    ],
                    [
                        573,
                        202
                    ],
                    [
                        571,
                        204
                    ],
                    [
                        570,
                        204
                    ],
                    [
                        568,
                        206
                    ],
                    [
                        571,
                        209
                    ],
                    [
                        571,
                        215
                    ],
                    [
                        570,
                        216
                    ],
                    [
                        570,
                        228
                    ],
                    [
                        569,
                        229
                    ],
                    [
                        569,
                        248
                    ],
                    [
                        570,
                        249
                    ],
                    [
                        570,
                        250
                    ],
                    [
                        571,
                        250
                    ],
                    [
                        572,
                        251
                    ],
                    [
                        576,
                        251
                    ],
                    [
                        579,
                        248
                    ],
                    [
                        579,
                        247
                    ],
                    [
                        581,
                        245
                    ],
                    [
                        623,
                        245
                    ],
                    [
                        624,
                        244
                    ],
                    [
                        626,
                        246
                    ],
                    [
                        626,
                        247
                    ],
                    [
                        627,
                        248
                    ],
                    [
                        627,
                        249
                    ],
                    [
                        628,
                        249
                    ],
                    [
                        629,
                        250
                    ],
                    [
                        634,
                        250
                    ],
                    [
                        636,
                        248
                    ],
                    [
                        636,
                        247
                    ],
                    [
                        637,
                        246
                    ],
                    [
                        637,
                        234
                    ],
                    [
                        638,
                        233
                    ],
                    [
                        638,
                        228
                    ],
                    [
                        637,
                        227
                    ],
                    [
                        637,
                        219
                    ],
                    [
                        636,
                        218
                    ],
                    [
                        636,
                        212
                    ],
                    [
                        635,
                        211
                    ],
                    [
                        635,
                        208
                    ],
                    [
                        636,
                        207
                    ],
                    [
                        636,
                        203
                    ],
                    [
                        634,
                        203
                    ],
                    [
                        631,
                        200
                    ],
                    [
                        631,
                        199
                    ],
                    [
                        630,
                        198
                    ],
                    [
                        630,
                        197
                    ],
                    [
                        629,
                        196
                    ],
                    [
                        629,
                        195
                    ],
                    [
                        628,
                        194
                    ],
                    [
                        628,
                        193
                    ],
                    [
                        627,
                        192
                    ],
                    [
                        627,
                        191
                    ],
                    [
                        626,
                        190
                    ],
                    [
                        625,
                        190
                    ],
                    [
                        623,
                        188
                    ],
                    [
                        621,
                        188
                    ],
                    [
                        620,
                        187
                    ]
                ],
                "interior": []
            }
        },
        {
            "id": 159561265,
            "classId": 6551258,
            "objectId": null,
            "description": "",
            "geometryType": "rectangle",
            "labelerLogin": "inbox@datasetninja.com",
            "createdAt": "2024-03-12T15:49:10.425Z",
            "updatedAt": "2024-03-12T15:49:10.425Z",
            "tags": [
                {
                    "id": 122035759,
                    "tagId": 32511,
                    "name": "object id",
                    "value": 1000,
                    "labelerLogin": "inbox@datasetninja.com",
                    "createdAt": "2024-03-12T15:49:10.425Z",
                    "updatedAt": "2024-03-12T15:49:10.425Z"
                },
                {
                    "id": 122035760,
                    "tagId": 32513,
                    "name": "instance id",
                    "value": 0,
                    "labelerLogin": "inbox@datasetninja.com",
                    "createdAt": "2024-03-12T15:49:10.425Z",
                    "updatedAt": "2024-03-12T15:49:10.425Z"
                }
            ],
            "classTitle": "car",
            "points": {
                "exterior": [
                    [
                        568,
                        187
                    ],
                    [
                        638,
                        251
                    ]
                ],
                "interior": []
            }
        },
        {
            "id": 159561266,
            "classId": 6551258,
            "objectId": null,
            "description": "",
            "geometryType": "polygon",
            "labelerLogin": "inbox@datasetninja.com",
            "createdAt": "2024-03-12T15:49:10.426Z",
            "updatedAt": "2024-03-12T15:49:10.426Z",
            "tags": [
                {
                    "id": 122035761,
                    "tagId": 32511,
                    "name": "object id",
                    "value": 1009,
                    "labelerLogin": "inbox@datasetninja.com",
                    "createdAt": "2024-03-12T15:49:10.425Z",
                    "updatedAt": "2024-03-12T15:49:10.425Z"
                },
                {
                    "id": 122035762,
                    "tagId": 32513,
                    "name": "instance id",
                    "value": 9,
                    "labelerLogin": "inbox@datasetninja.com",
                    "createdAt": "2024-03-12T15:49:10.425Z",
                    "updatedAt": "2024-03-12T15:49:10.425Z"
                }
            ],
            "classTitle": "car",
            "points": {
                "exterior": [
                    [
                        423,
                        191
                    ],
                    [
                        422,
                        192
                    ],
                    [
                        421,
                        192
                    ],
                    [
                        420,
                        193
                    ],
                    [
                        419,
                        193
                    ],
                    [
                        418,
                        194
                    ],
                    [
                        418,
                        195
                    ],
                    [
                        415,
                        198
                    ],
                    [
                        414,
                        198
                    ],
                    [
                        412,
                        200
                    ],
                    [
                        412,
                        201
                    ],
                    [
                        411,
                        202
                    ],
                    [
                        411,
                        203
                    ],
                    [
                        410,
                        204
                    ],
                    [
                        410,
                        206
                    ],
                    [
                        411,
                        207
                    ],
                    [
                        411,
                        209
                    ],
                    [
                        414,
                        212
                    ],
                    [
                        418,
                        208
                    ],
                    [
                        420,
                        208
                    ],
                    [
                        421,
                        209
                    ],
                    [
                        422,
                        209
                    ],
                    [
                        423,
                        210
                    ],
                    [
                        426,
                        210
                    ],
                    [
                        427,
                        211
                    ],
                    [
                        430,
                        211
                    ],
                    [
                        431,
                        212
                    ],
                    [
                        438,
                        212
                    ],
                    [
                        439,
                        211
                    ],
                    [
                        440,
                        211
                    ],
                    [
                        441,
                        210
                    ],
                    [
                        443,
                        210
                    ],
                    [
                        444,
                        211
                    ],
                    [
                        447,
                        211
                    ],
                    [
                        448,
                        210
                    ],
                    [
                        449,
                        210
                    ],
                    [
                        449,
                        209
                    ],
                    [
                        450,
                        208
                    ],
                    [
                        450,
                        204
                    ],
                    [
                        449,
                        203
                    ],
                    [
                        449,
                        199
                    ],
                    [
                        448,
                        198
                    ],
                    [
                        448,
                        197
                    ],
                    [
                        443,
                        192
                    ],
                    [
                        442,
                        192
                    ],
                    [
                        441,
                        191
                    ]
                ],
                "interior": []
            }
        },
        {
            "id": 159561267,
            "classId": 6551258,
            "objectId": null,
            "description": "",
            "geometryType": "rectangle",
            "labelerLogin": "inbox@datasetninja.com",
            "createdAt": "2024-03-12T15:49:10.426Z",
            "updatedAt": "2024-03-12T15:49:10.426Z",
            "tags": [
                {
                    "id": 122035763,
                    "tagId": 32511,
                    "name": "object id",
                    "value": 1009,
                    "labelerLogin": "inbox@datasetninja.com",
                    "createdAt": "2024-03-12T15:49:10.426Z",
                    "updatedAt": "2024-03-12T15:49:10.426Z"
                },
                {
                    "id": 122035764,
                    "tagId": 32513,
                    "name": "instance id",
                    "value": 9,
                    "labelerLogin": "inbox@datasetninja.com",
                    "createdAt": "2024-03-12T15:49:10.426Z",
                    "updatedAt": "2024-03-12T15:49:10.426Z"
                }
            ],
            "classTitle": "car",
            "points": {
                "exterior": [
                    [
                        410,
                        191
                    ],
                    [
                        450,
                        212
                    ]
                ],
                "interior": []
            }
        },
        {
            "id": 159561268,
            "classId": 6551258,
            "objectId": null,
            "description": "",
            "geometryType": "polygon",
            "labelerLogin": "inbox@datasetninja.com",
            "createdAt": "2024-03-12T15:49:10.427Z",
            "updatedAt": "2024-03-12T15:49:10.427Z",
            "tags": [
                {
                    "id": 122035765,
                    "tagId": 32511,
                    "name": "object id",
                    "value": 1010,
                    "labelerLogin": "inbox@datasetninja.com",
                    "createdAt": "2024-03-12T15:49:10.427Z",
                    "updatedAt": "2024-03-12T15:49:10.427Z"
                },
                {
                    "id": 122035766,
                    "tagId": 32513,
                    "name": "instance id",
                    "value": 10,
                    "labelerLogin": "inbox@datasetninja.com",
                    "createdAt": "2024-03-12T15:49:10.427Z",
                    "updatedAt": "2024-03-12T15:49:10.427Z"
                }
            ],
            "classTitle": "car",
            "points": {
                "exterior": [
                    [
                        482,
                        188
                    ],
                    [
                        481,
                        189
                    ],
                    [
                        479,
                        189
                    ],
                    [
                        474,
                        194
                    ],
                    [
                        474,
                        198
                    ],
                    [
                        473,
                        199
                    ],
                    [
                        473,
                        202
                    ],
                    [
                        474,
                        203
                    ],
                    [
                        494,
                        203
                    ],
                    [
                        495,
                        202
                    ],
                    [
                        496,
                        202
                    ],
                    [
                        497,
                        201
                    ],
                    [
                        497,
                        199
                    ],
                    [
                        496,
                        198
                    ],
                    [
                        496,
                        196
                    ],
                    [
                        495,
                        195
                    ],
                    [
                        495,
                        193
                    ],
                    [
                        494,
                        192
                    ],
                    [
                        494,
                        191
                    ],
                    [
                        492,
                        189
                    ],
                    [
                        491,
                        189
                    ],
                    [
                        490,
                        188
                    ]
                ],
                "interior": []
            }
        },
        {
            "id": 159561269,
            "classId": 6551258,
            "objectId": null,
            "description": "",
            "geometryType": "rectangle",
            "labelerLogin": "inbox@datasetninja.com",
            "createdAt": "2024-03-12T15:49:10.427Z",
            "updatedAt": "2024-03-12T15:49:10.427Z",
            "tags": [
                {
                    "id": 122035767,
                    "tagId": 32511,
                    "name": "object id",
                    "value": 1010,
                    "labelerLogin": "inbox@datasetninja.com",
                    "createdAt": "2024-03-12T15:49:10.427Z",
                    "updatedAt": "2024-03-12T15:49:10.427Z"
                },
                {
                    "id": 122035768,
                    "tagId": 32513,
                    "name": "instance id",
                    "value": 10,
                    "labelerLogin": "inbox@datasetninja.com",
                    "createdAt": "2024-03-12T15:49:10.427Z",
                    "updatedAt": "2024-03-12T15:49:10.427Z"
                }
            ],
            "classTitle": "car",
            "points": {
                "exterior": [
                    [
                        473,
                        188
                    ],
                    [
                        497,
                        203
                    ]
                ],
                "interior": []
            }
        },
        {
            "id": 159561270,
            "classId": 6551258,
            "objectId": null,
            "description": "",
            "geometryType": "polygon",
            "labelerLogin": "inbox@datasetninja.com",
            "createdAt": "2024-03-12T15:49:10.428Z",
            "updatedAt": "2024-03-12T15:49:10.428Z",
            "tags": [
                {
                    "id": 122035769,
                    "tagId": 32511,
                    "name": "object id",
                    "value": 1012,
                    "labelerLogin": "inbox@datasetninja.com",
                    "createdAt": "2024-03-12T15:49:10.428Z",
                    "updatedAt": "2024-03-12T15:49:10.428Z"
                },
                {
                    "id": 122035770,
                    "tagId": 32513,
                    "name": "instance id",
                    "value": 12,
                    "labelerLogin": "inbox@datasetninja.com",
                    "createdAt": "2024-03-12T15:49:10.428Z",
                    "updatedAt": "2024-03-12T15:49:10.428Z"
                }
            ],
            "classTitle": "car",
            "points": {
                "exterior": [
                    [
                        639,
                        182
                    ],
                    [
                        638,
                        183
                    ],
                    [
                        636,
                        183
                    ],
                    [
                        635,
                        184
                    ],
                    [
                        633,
                        184
                    ],
                    [
                        631,
                        186
                    ],
                    [
                        631,
                        187
                    ],
                    [
                        630,
                        188
                    ],
                    [
                        630,
                        193
                    ],
                    [
                        631,
                        194
                    ],
                    [
                        631,
                        195
                    ],
                    [
                        632,
                        196
                    ],
                    [
                        636,
                        196
                    ],
                    [
                        637,
                        195
                    ],
                    [
                        642,
                        195
                    ],
                    [
                        643,
                        196
                    ],
                    [
                        645,
                        196
                    ],
                    [
                        646,
                        195
                    ],
                    [
                        647,
                        196
                    ],
                    [
                        649,
                        196
                    ],
                    [
                        650,
                        195
                    ],
                    [
                        652,
                        195
                    ],
                    [
                        653,
                        194
                    ],
                    [
                        657,
                        194
                    ],
                    [
                        658,
                        195
                    ],
                    [
                        663,
                        195
                    ],
                    [
                        665,
                        193
                    ],
                    [
                        665,
                        192
                    ],
                    [
                        666,
                        191
                    ],
                    [
                        666,
                        190
                    ],
                    [
                        665,
                        189
                    ],
                    [
                        665,
                        188
                    ],
                    [
                        664,
                        187
                    ],
                    [
                        663,
                        187
                    ],
                    [
                        662,
                        186
                    ],
                    [
                        661,
                        186
                    ],
                    [
                        660,
                        185
                    ],
                    [
                        659,
                        185
                    ],
                    [
                        658,
                        184
                    ],
                    [
                        657,
                        184
                    ],
                    [
                        656,
                        183
                    ],
                    [
                        655,
                        183
                    ],
                    [
                        654,
                        182
                    ]
                ],
                "interior": []
            }
        },
        {
            "id": 159561271,
            "classId": 6551258,
            "objectId": null,
            "description": "",
            "geometryType": "rectangle",
            "labelerLogin": "inbox@datasetninja.com",
            "createdAt": "2024-03-12T15:49:10.429Z",
            "updatedAt": "2024-03-12T15:49:10.429Z",
            "tags": [
                {
                    "id": 122035771,
                    "tagId": 32511,
                    "name": "object id",
                    "value": 1012,
                    "labelerLogin": "inbox@datasetninja.com",
                    "createdAt": "2024-03-12T15:49:10.429Z",
                    "updatedAt": "2024-03-12T15:49:10.429Z"
                },
                {
                    "id": 122035772,
                    "tagId": 32513,
                    "name": "instance id",
                    "value": 12,
                    "labelerLogin": "inbox@datasetninja.com",
                    "createdAt": "2024-03-12T15:49:10.429Z",
                    "updatedAt": "2024-03-12T15:49:10.429Z"
                }
            ],
            "classTitle": "car",
            "points": {
                "exterior": [
                    [
                        630,
                        182
                    ],
                    [
                        666,
                        196
                    ]
                ],
                "interior": []
            }
        },
        {
            "id": 159561272,
            "classId": 6551257,
            "objectId": null,
            "description": "",
            "geometryType": "polygon",
            "labelerLogin": "inbox@datasetninja.com",
            "createdAt": "2024-03-12T15:49:10.429Z",
            "updatedAt": "2024-03-12T15:49:10.429Z",
            "tags": [
                {
                    "id": 122035773,
                    "tagId": 32511,
                    "name": "object id",
                    "value": 2045,
                    "labelerLogin": "inbox@datasetninja.com",
                    "createdAt": "2024-03-12T15:49:10.429Z",
                    "updatedAt": "2024-03-12T15:49:10.429Z"
                },
                {
                    "id": 122035774,
                    "tagId": 32513,
                    "name": "instance id",
                    "value": 45,
                    "labelerLogin": "inbox@datasetninja.com",
                    "createdAt": "2024-03-12T15:49:10.429Z",
                    "updatedAt": "2024-03-12T15:49:10.429Z"
                }
            ],
            "classTitle": "pedestrian",
            "points": {
                "exterior": [
                    [
                        1172,
                        168
                    ],
                    [
                        1172,
                        169
                    ],
                    [
                        1170,
                        171
                    ],
                    [
                        1169,
                        171
                    ],
                    [
                        1169,
                        172
                    ],
                    [
                        1168,
                        173
                    ],
                    [
                        1168,
                        179
                    ],
                    [
                        1169,
                        180
                    ],
                    [
                        1168,
                        181
                    ],
                    [
                        1168,
                        185
                    ],
                    [
                        1167,
                        186
                    ],
                    [
                        1167,
                        187
                    ],
                    [
                        1165,
                        189
                    ],
                    [
                        1164,
                        189
                    ],
                    [
                        1163,
                        190
                    ],
                    [
                        1163,
                        192
                    ],
                    [
                        1162,
                        193
                    ],
                    [
                        1162,
                        200
                    ],
                    [
                        1163,
                        201
                    ],
                    [
                        1163,
                        209
                    ],
                    [
                        1164,
                        210
                    ],
                    [
                        1164,
                        221
                    ],
                    [
                        1165,
                        222
                    ],
                    [
                        1165,
                        223
                    ],
                    [
                        1166,
                        224
                    ],
                    [
                        1167,
                        224
                    ],
                    [
                        1168,
                        225
                    ],
                    [
                        1168,
                        226
                    ],
                    [
                        1171,
                        229
                    ],
                    [
                        1171,
                        230
                    ],
                    [
                        1172,
                        231
                    ],
                    [
                        1172,
                        232
                    ],
                    [
                        1173,
                        233
                    ],
                    [
                        1173,
                        234
                    ],
                    [
                        1174,
                        235
                    ],
                    [
                        1174,
                        237
                    ],
                    [
                        1175,
                        238
                    ],
                    [
                        1175,
                        241
                    ],
                    [
                        1176,
                        242
                    ],
                    [
                        1176,
                        248
                    ],
                    [
                        1177,
                        249
                    ],
                    [
                        1177,
                        252
                    ],
                    [
                        1178,
                        253
                    ],
                    [
                        1178,
                        261
                    ],
                    [
                        1179,
                        262
                    ],
                    [
                        1179,
                        264
                    ],
                    [
                        1180,
                        265
                    ],
                    [
                        1180,
                        267
                    ],
                    [
                        1182,
                        269
                    ],
                    [
                        1187,
                        269
                    ],
                    [
                        1188,
                        268
                    ],
                    [
                        1191,
                        268
                    ],
                    [
                        1192,
                        267
                    ],
                    [
                        1192,
                        256
                    ],
                    [
                        1193,
                        255
                    ],
                    [
                        1193,
                        250
                    ],
                    [
                        1194,
                        249
                    ],
                    [
                        1194,
                        248
                    ],
                    [
                        1195,
                        247
                    ],
                    [
                        1195,
                        246
                    ],
                    [
                        1196,
                        245
                    ],
                    [
                        1196,
                        242
                    ],
                    [
                        1197,
                        241
                    ],
                    [
                        1197,
                        223
                    ],
                    [
                        1199,
                        221
                    ],
                    [
                        1201,
                        221
                    ],
                    [
                        1202,
                        222
                    ],
                    [
                        1203,
                        222
                    ],
                    [
                        1204,
                        221
                    ],
                    [
                        1204,
                        219
                    ],
                    [
                        1203,
                        218
                    ],
                    [
                        1203,
                        216
                    ],
                    [
                        1202,
                        215
                    ],
                    [
                        1202,
                        211
                    ],
                    [
                        1201,
                        210
                    ],
                    [
                        1201,
                        209
                    ],
                    [
                        1200,
                        208
                    ],
                    [
                        1200,
                        206
                    ],
                    [
                        1199,
                        205
                    ],
                    [
                        1199,
                        204
                    ],
                    [
                        1197,
                        202
                    ],
                    [
                        1197,
                        196
                    ],
                    [
                        1196,
                        195
                    ],
                    [
                        1196,
                        193
                    ],
                    [
                        1195,
                        192
                    ],
                    [
                        1195,
                        191
                    ],
                    [
                        1191,
                        187
                    ],
                    [
                        1190,
                        187
                    ],
                    [
                        1189,
                        186
                    ],
                    [
                        1188,
                        186
                    ],
                    [
                        1187,
                        185
                    ],
                    [
                        1186,
                        185
                    ],
                    [
                        1183,
                        182
                    ],
                    [
                        1183,
                        177
                    ],
                    [
                        1184,
                        176
                    ],
                    [
                        1184,
                        173
                    ],
                    [
                        1183,
                        172
                    ],
                    [
                        1183,
                        171
                    ],
                    [
                        1180,
                        168
                    ]
                ],
                "interior": [
                    [
                        [
                            1178,
                            199
                        ],
                        [
                            1179,
                            198
                        ],
                        [
                            1180,
                            198
                        ],
                        [
                            1185,
                            203
                        ],
                        [
                            1188,
                            203
                        ],
                        [
                            1189,
                            204
                        ],
                        [
                            1190,
                            204
                        ],
                        [
                            1191,
                            205
                        ],
                        [
                            1192,
                            205
                        ],
                        [
                            1193,
                            206
                        ],
                        [
                            1193,
                            207
                        ],
                        [
                            1194,
                            208
                        ],
                        [
                            1194,
                            209
                        ],
                        [
                            1195,
                            210
                        ],
                        [
                            1195,
                            212
                        ],
                        [
                            1194,
                            213
                        ],
                        [
                            1192,
                            211
                        ],
                        [
                            1191,
                            211
                        ],
                        [
                            1190,
                            210
                        ],
                        [
                            1189,
                            210
                        ],
                        [
                            1188,
                            209
                        ],
                        [
                            1187,
                            209
                        ],
                        [
                            1186,
                            208
                        ],
                        [
                            1185,
                            208
                        ],
                        [
                            1183,
                            206
                        ],
                        [
                            1183,
                            205
                        ],
                        [
                            1180,
                            202
                        ],
                        [
                            1180,
                            201
                        ]
                    ],
                    [
                        [
                            1177,
                            198
                        ],
                        [
                            1178,
                            197
                        ],
                        [
                            1179,
                            198
                        ],
                        [
                            1178,
                            199
                        ]
                    ]
                ]
            }
        },
        {
            "id": 159561273,
            "classId": 6551257,
            "objectId": null,
            "description": "",
            "geometryType": "rectangle",
            "labelerLogin": "inbox@datasetninja.com",
            "createdAt": "2024-03-12T15:49:10.430Z",
            "updatedAt": "2024-03-12T15:49:10.430Z",
            "tags": [
                {
                    "id": 122035775,
                    "tagId": 32511,
                    "name": "object id",
                    "value": 2045,
                    "labelerLogin": "inbox@datasetninja.com",
                    "createdAt": "2024-03-12T15:49:10.430Z",
                    "updatedAt": "2024-03-12T15:49:10.430Z"
                },
                {
                    "id": 122035776,
                    "tagId": 32513,
                    "name": "instance id",
                    "value": 45,
                    "labelerLogin": "inbox@datasetninja.com",
                    "createdAt": "2024-03-12T15:49:10.430Z",
                    "updatedAt": "2024-03-12T15:49:10.430Z"
                }
            ],
            "classTitle": "pedestrian",
            "points": {
                "exterior": [
                    [
                        1162,
                        168
                    ],
                    [
                        1204,
                        269
                    ]
                ],
                "interior": []
            }
        },
        {
            "id": 159561274,
            "classId": 6551257,
            "objectId": null,
            "description": "",
            "geometryType": "polygon",
            "labelerLogin": "inbox@datasetninja.com",
            "createdAt": "2024-03-12T15:49:10.430Z",
            "updatedAt": "2024-03-12T15:49:10.430Z",
            "tags": [
                {
                    "id": 122035777,
                    "tagId": 32511,
                    "name": "object id",
                    "value": 2046,
                    "labelerLogin": "inbox@datasetninja.com",
                    "createdAt": "2024-03-12T15:49:10.430Z",
                    "updatedAt": "2024-03-12T15:49:10.430Z"
                },
                {
                    "id": 122035778,
                    "tagId": 32513,
                    "name": "instance id",
                    "value": 46,
                    "labelerLogin": "inbox@datasetninja.com",
                    "createdAt": "2024-03-12T15:49:10.430Z",
                    "updatedAt": "2024-03-12T15:49:10.430Z"
                }
            ],
            "classTitle": "pedestrian",
            "points": {
                "exterior": [
                    [
                        1133,
                        177
                    ],
                    [
                        1132,
                        178
                    ],
                    [
                        1130,
                        178
                    ],
                    [
                        1129,
                        179
                    ],
                    [
                        1129,
                        180
                    ],
                    [
                        1128,
                        181
                    ],
                    [
                        1128,
                        188
                    ],
                    [
                        1127,
                        189
                    ],
                    [
                        1126,
                        189
                    ],
                    [
                        1125,
                        190
                    ],
                    [
                        1124,
                        190
                    ],
                    [
                        1123,
                        191
                    ],
                    [
                        1121,
                        191
                    ],
                    [
                        1120,
                        192
                    ],
                    [
                        1119,
                        192
                    ],
                    [
                        1118,
                        193
                    ],
                    [
                        1117,
                        193
                    ],
                    [
                        1115,
                        195
                    ],
                    [
                        1114,
                        195
                    ],
                    [
                        1112,
                        197
                    ],
                    [
                        1111,
                        197
                    ],
                    [
                        1110,
                        198
                    ],
                    [
                        1109,
                        198
                    ],
                    [
                        1107,
                        200
                    ],
                    [
                        1106,
                        200
                    ],
                    [
                        1103,
                        203
                    ],
                    [
                        1102,
                        203
                    ],
                    [
                        1102,
                        204
                    ],
                    [
                        1101,
                        205
                    ],
                    [
                        1100,
                        205
                    ],
                    [
                        1099,
                        206
                    ],
                    [
                        1099,
                        208
                    ],
                    [
                        1104,
                        208
                    ],
                    [
                        1105,
                        207
                    ],
                    [
                        1106,
                        207
                    ],
                    [
                        1107,
                        206
                    ],
                    [
                        1108,
                        206
                    ],
                    [
                        1109,
                        205
                    ],
                    [
                        1110,
                        205
                    ],
                    [
                        1111,
                        204
                    ],
                    [
                        1112,
                        204
                    ],
                    [
                        1113,
                        203
                    ],
                    [
                        1114,
                        203
                    ],
                    [
                        1115,
                        202
                    ],
                    [
                        1116,
                        202
                    ],
                    [
                        1117,
                        201
                    ],
                    [
                        1118,
                        201
                    ],
                    [
                        1119,
                        200
                    ],
                    [
                        1120,
                        200
                    ],
                    [
                        1121,
                        199
                    ],
                    [
                        1122,
                        199
                    ],
                    [
                        1125,
                        202
                    ],
                    [
                        1125,
                        205
                    ],
                    [
                        1126,
                        206
                    ],
                    [
                        1126,
                        207
                    ],
                    [
                        1127,
                        208
                    ],
                    [
                        1127,
                        209
                    ],
                    [
                        1128,
                        210
                    ],
                    [
                        1128,
                        214
                    ],
                    [
                        1127,
                        215
                    ],
                    [
                        1127,
                        220
                    ],
                    [
                        1128,
                        221
                    ],
                    [
                        1128,
                        225
                    ],
                    [
                        1130,
                        227
                    ],
                    [
                        1130,
                        228
                    ],
                    [
                        1133,
                        231
                    ],
                    [
                        1133,
                        233
                    ],
                    [
                        1134,
                        234
                    ],
                    [
                        1134,
                        235
                    ],
                    [
                        1135,
                        236
                    ],
                    [
                        1135,
                        238
                    ],
                    [
                        1137,
                        240
                    ],
                    [
                        1137,
                        244
                    ],
                    [
                        1138,
                        245
                    ],
                    [
                        1138,
                        248
                    ],
                    [
                        1140,
                        250
                    ],
                    [
                        1140,
                        252
                    ],
                    [
                        1141,
                        253
                    ],
                    [
                        1141,
                        257
                    ],
                    [
                        1140,
                        258
                    ],
                    [
                        1140,
                        259
                    ],
                    [
                        1139,
                        260
                    ],
                    [
                        1141,
                        260
                    ],
                    [
                        1142,
                        261
                    ],
                    [
                        1143,
                        261
                    ],
                    [
                        1144,
                        262
                    ],
                    [
                        1145,
                        261
                    ],
                    [
                        1147,
                        261
                    ],
                    [
                        1148,
                        260
                    ],
                    [
                        1148,
                        253
                    ],
                    [
                        1149,
                        252
                    ],
                    [
                        1149,
                        251
                    ],
                    [
                        1150,
                        250
                    ],
                    [
                        1150,
                        249
                    ],
                    [
                        1151,
                        248
                    ],
                    [
                        1151,
                        246
                    ],
                    [
                        1150,
                        245
                    ],
                    [
                        1150,
                        235
                    ],
                    [
                        1151,
                        234
                    ],
                    [
                        1151,
                        231
                    ],
                    [
                        1153,
                        229
                    ],
                    [
                        1153,
                        226
                    ],
                    [
                        1155,
                        224
                    ],
                    [
                        1155,
                        222
                    ],
                    [
                        1156,
                        221
                    ],
                    [
                        1156,
                        212
                    ],
                    [
                        1155,
                        211
                    ],
                    [
                        1155,
                        203
                    ],
                    [
                        1154,
                        202
                    ],
                    [
                        1154,
                        199
                    ],
                    [
                        1153,
                        198
                    ],
                    [
                        1153,
                        196
                    ],
                    [
                        1152,
                        195
                    ],
                    [
                        1152,
                        194
                    ],
                    [
                        1151,
                        193
                    ],
                    [
                        1151,
                        192
                    ],
                    [
                        1150,
                        191
                    ],
                    [
                        1150,
                        190
                    ],
                    [
                        1149,
                        190
                    ],
                    [
                        1148,
                        189
                    ],
                    [
                        1148,
                        188
                    ],
                    [
                        1147,
                        188
                    ],
                    [
                        1146,
                        187
                    ],
                    [
                        1145,
                        187
                    ],
                    [
                        1144,
                        186
                    ],
                    [
                        1144,
                        185
                    ],
                    [
                        1143,
                        184
                    ],
                    [
                        1143,
                        183
                    ],
                    [
                        1141,
                        181
                    ],
                    [
                        1141,
                        180
                    ],
                    [
                        1139,
                        178
                    ],
                    [
                        1137,
                        178
                    ],
                    [
                        1136,
                        177
                    ]
                ],
                "interior": []
            }
        },
        {
            "id": 159561275,
            "classId": 6551257,
            "objectId": null,
            "description": "",
            "geometryType": "rectangle",
            "labelerLogin": "inbox@datasetninja.com",
            "createdAt": "2024-03-12T15:49:10.431Z",
            "updatedAt": "2024-03-12T15:49:10.431Z",
            "tags": [
                {
                    "id": 122035779,
                    "tagId": 32511,
                    "name": "object id",
                    "value": 2046,
                    "labelerLogin": "inbox@datasetninja.com",
                    "createdAt": "2024-03-12T15:49:10.431Z",
                    "updatedAt": "2024-03-12T15:49:10.431Z"
                },
                {
                    "id": 122035780,
                    "tagId": 32513,
                    "name": "instance id",
                    "value": 46,
                    "labelerLogin": "inbox@datasetninja.com",
                    "createdAt": "2024-03-12T15:49:10.431Z",
                    "updatedAt": "2024-03-12T15:49:10.431Z"
                }
            ],
            "classTitle": "pedestrian",
            "points": {
                "exterior": [
                    [
                        1099,
                        177
                    ],
                    [
                        1156,
                        262
                    ]
                ],
                "interior": []
            }
        },
        {
            "id": 159561276,
            "classId": 6551259,
            "objectId": null,
            "description": "",
            "geometryType": "polygon",
            "labelerLogin": "inbox@datasetninja.com",
            "createdAt": "2024-03-12T15:49:10.431Z",
            "updatedAt": "2024-03-12T15:49:10.431Z",
            "tags": [],
            "classTitle": "ignore region",
            "points": {
                "exterior": [
                    [
                        514,
                        179
                    ],
                    [
                        514,
                        183
                    ],
                    [
                        513,
                        184
                    ],
                    [
                        496,
                        184
                    ],
                    [
                        496,
                        195
                    ],
                    [
                        497,
                        196
                    ],
                    [
                        497,
                        198
                    ],
                    [
                        498,
                        199
                    ],
                    [
                        498,
                        201
                    ],
                    [
                        497,
                        202
                    ],
                    [
                        516,
                        202
                    ],
                    [
                        516,
                        194
                    ],
                    [
                        517,
                        193
                    ],
                    [
                        576,
                        193
                    ],
                    [
                        577,
                        192
                    ],
                    [
                        577,
                        191
                    ],
                    [
                        578,
                        190
                    ],
                    [
                        579,
                        190
                    ],
                    [
                        580,
                        189
                    ],
                    [
                        581,
                        189
                    ],
                    [
                        582,
                        188
                    ],
                    [
                        583,
                        188
                    ],
                    [
                        584,
                        187
                    ],
                    [
                        586,
                        187
                    ],
                    [
                        587,
                        186
                    ],
                    [
                        620,
                        186
                    ],
                    [
                        621,
                        187
                    ],
                    [
                        623,
                        187
                    ],
                    [
                        623,
                        179
                    ]
                ],
                "interior": []
            }
        },
        {
            "id": 159561277,
            "classId": 6551259,
            "objectId": null,
            "description": "",
            "geometryType": "rectangle",
            "labelerLogin": "inbox@datasetninja.com",
            "createdAt": "2024-03-12T15:49:10.432Z",
            "updatedAt": "2024-03-12T15:49:10.432Z",
            "tags": [],
            "classTitle": "ignore region",
            "points": {
                "exterior": [
                    [
                        496,
                        179
                    ],
                    [
                        623,
                        202
                    ]
                ],
                "interior": []
            }
        },
        {
            "id": 159561278,
            "classId": 6551259,
            "objectId": null,
            "description": "",
            "geometryType": "polygon",
            "labelerLogin": "inbox@datasetninja.com",
            "createdAt": "2024-03-12T15:49:10.432Z",
            "updatedAt": "2024-03-12T15:49:10.432Z",
            "tags": [],
            "classTitle": "ignore region",
            "points": {
                "exterior": [
                    [
                        36,
                        158
                    ],
                    [
                        36,
                        318
                    ],
                    [
                        348,
                        318
                    ],
                    [
                        348,
                        158
                    ]
                ],
                "interior": []
            }
        },
        {
            "id": 159561279,
            "classId": 6551259,
            "objectId": null,
            "description": "",
            "geometryType": "rectangle",
            "labelerLogin": "inbox@datasetninja.com",
            "createdAt": "2024-03-12T15:49:10.432Z",
            "updatedAt": "2024-03-12T15:49:10.432Z",
            "tags": [],
            "classTitle": "ignore region",
            "points": {
                "exterior": [
                    [
                        36,
                        158
                    ],
                    [
                        348,
                        318
                    ]
                ],
                "interior": []
            }
        }
    ]
}