{
    "description": "",
    "tags": [
        {
            "id": 21887361,
            "tagId": 32512,
            "name": "sequence",
            "value": "0011",
            "labelerLogin": "inbox@datasetninja.com",
            "createdAt": "2024-03-12T15:50:19.944Z",
            "updatedAt": "2024-03-12T15:50:19.944Z"
        }
    ],
    "size": {
        "height": 375,
        "width": 1242
    },
    "objects": [
        {
            "id": 159574356,
            "classId": 6551258,
            "objectId": null,
            "description": "",
            "geometryType": "polygon",
            "labelerLogin": "inbox@datasetninja.com",
            "createdAt": "2024-03-12T15:50:19.947Z",
            "updatedAt": "2024-03-12T15:50:19.947Z",
            "tags": [
                {
                    "id": 122054201,
                    "tagId": 32511,
                    "name": "object id",
                    "value": 1000,
                    "labelerLogin": "inbox@datasetninja.com",
                    "createdAt": "2024-03-12T15:50:19.947Z",
                    "updatedAt": "2024-03-12T15:50:19.947Z"
                },
                {
                    "id": 122054202,
                    "tagId": 32513,
                    "name": "instance id",
                    "value": 0,
                    "labelerLogin": "inbox@datasetninja.com",
                    "createdAt": "2024-03-12T15:50:19.947Z",
                    "updatedAt": "2024-03-12T15:50:19.947Z"
                }
            ],
            "classTitle": "car",
            "points": {
                "exterior": [
                    [
                        600,
                        179
                    ],
                    [
                        599,
                        180
                    ],
                    [
                        590,
                        180
                    ],
                    [
                        589,
                        181
                    ],
                    [
                        586,
                        181
                    ],
                    [
                        585,
                        182
                    ],
                    [
                        584,
                        182
                    ],
                    [
                        583,
                        183
                    ],
                    [
                        582,
                        183
                    ],
                    [
                        582,
                        184
                    ],
                    [
                        579,
                        187
                    ],
                    [
                        579,
                        188
                    ],
                    [
                        578,
                        189
                    ],
                    [
                        578,
                        190
                    ],
                    [
                        577,
                        191
                    ],
                    [
                        577,
                        192
                    ],
                    [
                        576,
                        193
                    ],
                    [
                        576,
                        196
                    ],
                    [
                        575,
                        197
                    ],
                    [
                        574,
                        197
                    ],
                    [
                        574,
                        199
                    ],
                    [
                        572,
                        201
                    ],
                    [
                        571,
                        201
                    ],
                    [
                        570,
                        202
                    ],
                    [
                        568,
                        202
                    ],
                    [
                        567,
                        203
                    ],
                    [
                        566,
                        203
                    ],
                    [
                        566,
                        205
                    ],
                    [
                        565,
                        206
                    ],
                    [
                        567,
                        208
                    ],
                    [
                        568,
                        208
                    ],
                    [
                        569,
                        209
                    ],
                    [
                        569,
                        210
                    ],
                    [
                        570,
                        211
                    ],
                    [
                        570,
                        215
                    ],
                    [
                        569,
                        216
                    ],
                    [
                        569,
                        218
                    ],
                    [
                        568,
                        219
                    ],
                    [
                        568,
                        220
                    ],
                    [
                        567,
                        221
                    ],
                    [
                        567,
                        224
                    ],
                    [
                        566,
                        225
                    ],
                    [
                        566,
                        242
                    ],
                    [
                        565,
                        243
                    ],
                    [
                        565,
                        246
                    ],
                    [
                        566,
                        247
                    ],
                    [
                        566,
                        252
                    ],
                    [
                        565,
                        253
                    ],
                    [
                        565,
                        274
                    ],
                    [
                        566,
                        275
                    ],
                    [
                        566,
                        276
                    ],
                    [
                        567,
                        277
                    ],
                    [
                        568,
                        277
                    ],
                    [
                        569,
                        278
                    ],
                    [
                        575,
                        278
                    ],
                    [
                        576,
                        277
                    ],
                    [
                        577,
                        277
                    ],
                    [
                        579,
                        275
                    ],
                    [
                        579,
                        274
                    ],
                    [
                        581,
                        272
                    ],
                    [
                        581,
                        271
                    ],
                    [
                        582,
                        270
                    ],
                    [
                        583,
                        270
                    ],
                    [
                        584,
                        269
                    ],
                    [
                        596,
                        269
                    ],
                    [
                        597,
                        270
                    ],
                    [
                        608,
                        270
                    ],
                    [
                        609,
                        271
                    ],
                    [
                        611,
                        271
                    ],
                    [
                        612,
                        272
                    ],
                    [
                        629,
                        272
                    ],
                    [
                        630,
                        271
                    ],
                    [
                        633,
                        271
                    ],
                    [
                        634,
                        270
                    ],
                    [
                        644,
                        270
                    ],
                    [
                        645,
                        271
                    ],
                    [
                        647,
                        271
                    ],
                    [
                        648,
                        272
                    ],
                    [
                        650,
                        272
                    ],
                    [
                        651,
                        271
                    ],
                    [
                        653,
                        271
                    ],
                    [
                        654,
                        272
                    ],
                    [
                        654,
                        274
                    ],
                    [
                        656,
                        276
                    ],
                    [
                        658,
                        276
                    ],
                    [
                        659,
                        277
                    ],
                    [
                        665,
                        277
                    ],
                    [
                        666,
                        276
                    ],
                    [
                        667,
                        276
                    ],
                    [
                        669,
                        274
                    ],
                    [
                        669,
                        273
                    ],
                    [
                        670,
                        272
                    ],
                    [
                        670,
                        234
                    ],
                    [
                        669,
                        233
                    ],
                    [
                        669,
                        228
                    ],
                    [
                        668,
                        227
                    ],
                    [
                        668,
                        222
                    ],
                    [
                        667,
                        221
                    ],
                    [
                        667,
                        218
                    ],
                    [
                        666,
                        217
                    ],
                    [
                        666,
                        210
                    ],
                    [
                        667,
                        209
                    ],
                    [
                        667,
                        208
                    ],
                    [
                        668,
                        207
                    ],
                    [
                        668,
                        203
                    ],
                    [
                        667,
                        202
                    ],
                    [
                        666,
                        202
                    ],
                    [
                        665,
                        201
                    ],
                    [
                        664,
                        201
                    ],
                    [
                        660,
                        197
                    ],
                    [
                        660,
                        196
                    ],
                    [
                        659,
                        195
                    ],
                    [
                        659,
                        192
                    ],
                    [
                        658,
                        191
                    ],
                    [
                        658,
                        190
                    ],
                    [
                        657,
                        189
                    ],
                    [
                        657,
                        188
                    ],
                    [
                        655,
                        186
                    ],
                    [
                        655,
                        184
                    ],
                    [
                        652,
                        181
                    ],
                    [
                        650,
                        181
                    ],
                    [
                        649,
                        180
                    ],
                    [
                        647,
                        180
                    ],
                    [
                        646,
                        179
                    ],
                    [
                        643,
                        179
                    ],
                    [
                        642,
                        180
                    ],
                    [
                        629,
                        180
                    ],
                    [
                        628,
                        179
                    ]
                ],
                "interior": []
            }
        },
        {
            "id": 159574357,
            "classId": 6551258,
            "objectId": null,
            "description": "",
            "geometryType": "rectangle",
            "labelerLogin": "inbox@datasetninja.com",
            "createdAt": "2024-03-12T15:50:19.949Z",
            "updatedAt": "2024-03-12T15:50:19.949Z",
            "tags": [
                {
                    "id": 122054203,
                    "tagId": 32511,
                    "name": "object id",
                    "value": 1000,
                    "labelerLogin": "inbox@datasetninja.com",
                    "createdAt": "2024-03-12T15:50:19.949Z",
                    "updatedAt": "2024-03-12T15:50:19.949Z"
                },
                {
                    "id": 122054204,
                    "tagId": 32513,
                    "name": "instance id",
                    "value": 0,
                    "labelerLogin": "inbox@datasetninja.com",
                    "createdAt": "2024-03-12T15:50:19.949Z",
                    "updatedAt": "2024-03-12T15:50:19.949Z"
                }
            ],
            "classTitle": "car",
            "points": {
                "exterior": [
                    [
                        565,
                        179
                    ],
                    [
                        670,
                        278
                    ]
                ],
                "interior": []
            }
        },
        {
            "id": 159574358,
            "classId": 6551258,
            "objectId": null,
            "description": "",
            "geometryType": "polygon",
            "labelerLogin": "inbox@datasetninja.com",
            "createdAt": "2024-03-12T15:50:19.956Z",
            "updatedAt": "2024-03-12T15:50:19.956Z",
            "tags": [
                {
                    "id": 122054205,
                    "tagId": 32511,
                    "name": "object id",
                    "value": 1005,
                    "labelerLogin": "inbox@datasetninja.com",
                    "createdAt": "2024-03-12T15:50:19.953Z",
                    "updatedAt": "2024-03-12T15:50:19.953Z"
                },
                {
                    "id": 122054206,
                    "tagId": 32513,
                    "name": "instance id",
                    "value": 5,
                    "labelerLogin": "inbox@datasetninja.com",
                    "createdAt": "2024-03-12T15:50:19.953Z",
                    "updatedAt": "2024-03-12T15:50:19.953Z"
                }
            ],
            "classTitle": "car",
            "points": {
                "exterior": [
                    [
                        1161,
                        190
                    ],
                    [
                        1160,
                        191
                    ],
                    [
                        1138,
                        191
                    ],
                    [
                        1137,
                        192
                    ],
                    [
                        1130,
                        192
                    ],
                    [
                        1129,
                        193
                    ],
                    [
                        1125,
                        193
                    ],
                    [
                        1124,
                        194
                    ],
                    [
                        1119,
                        194
                    ],
                    [
                        1118,
                        195
                    ],
                    [
                        1117,
                        195
                    ],
                    [
                        1116,
                        196
                    ],
                    [
                        1113,
                        196
                    ],
                    [
                        1112,
                        197
                    ],
                    [
                        1111,
                        197
                    ],
                    [
                        1110,
                        198
                    ],
                    [
                        1108,
                        198
                    ],
                    [
                        1107,
                        199
                    ],
                    [
                        1105,
                        199
                    ],
                    [
                        1100,
                        204
                    ],
                    [
                        1099,
                        204
                    ],
                    [
                        1093,
                        210
                    ],
                    [
                        1093,
                        211
                    ],
                    [
                        1092,
                        212
                    ],
                    [
                        1092,
                        214
                    ],
                    [
                        1085,
                        221
                    ],
                    [
                        1085,
                        223
                    ],
                    [
                        1083,
                        225
                    ],
                    [
                        1083,
                        226
                    ],
                    [
                        1082,
                        227
                    ],
                    [
                        1081,
                        227
                    ],
                    [
                        1081,
                        228
                    ],
                    [
                        1079,
                        230
                    ],
                    [
                        1079,
                        231
                    ],
                    [
                        1077,
                        233
                    ],
                    [
                        1077,
                        234
                    ],
                    [
                        1076,
                        235
                    ],
                    [
                        1076,
                        236
                    ],
                    [
                        1074,
                        238
                    ],
                    [
                        1074,
                        239
                    ],
                    [
                        1072,
                        241
                    ],
                    [
                        1072,
                        242
                    ],
                    [
                        1070,
                        244
                    ],
                    [
                        1070,
                        245
                    ],
                    [
                        1068,
                        247
                    ],
                    [
                        1068,
                        248
                    ],
                    [
                        1066,
                        250
                    ],
                    [
                        1066,
                        251
                    ],
                    [
                        1065,
                        252
                    ],
                    [
                        1065,
                        253
                    ],
                    [
                        1064,
                        254
                    ],
                    [
                        1064,
                        255
                    ],
                    [
                        1062,
                        257
                    ],
                    [
                        1061,
                        257
                    ],
                    [
                        1061,
                        258
                    ],
                    [
                        1060,
                        259
                    ],
                    [
                        1059,
                        259
                    ],
                    [
                        1058,
                        260
                    ],
                    [
                        1057,
                        260
                    ],
                    [
                        1056,
                        261
                    ],
                    [
                        1055,
                        261
                    ],
                    [
                        1052,
                        264
                    ],
                    [
                        1051,
                        264
                    ],
                    [
                        1047,
                        268
                    ],
                    [
                        1046,
                        268
                    ],
                    [
                        1045,
                        269
                    ],
                    [
                        1044,
                        269
                    ],
                    [
                        1042,
                        271
                    ],
                    [
                        1042,
                        272
                    ],
                    [
                        1041,
                        273
                    ],
                    [
                        1040,
                        273
                    ],
                    [
                        1040,
                        274
                    ],
                    [
                        1038,
                        276
                    ],
                    [
                        1038,
                        277
                    ],
                    [
                        1037,
                        278
                    ],
                    [
                        1036,
                        278
                    ],
                    [
                        1036,
                        279
                    ],
                    [
                        1035,
                        280
                    ],
                    [
                        1035,
                        281
                    ],
                    [
                        1034,
                        282
                    ],
                    [
                        1034,
                        285
                    ],
                    [
                        1033,
                        286
                    ],
                    [
                        1033,
                        287
                    ],
                    [
                        1032,
                        288
                    ],
                    [
                        1032,
                        296
                    ],
                    [
                        1031,
                        297
                    ],
                    [
                        1031,
                        304
                    ],
                    [
                        1032,
                        305
                    ],
                    [
                        1032,
                        336
                    ],
                    [
                        1033,
                        337
                    ],
                    [
                        1033,
                        339
                    ],
                    [
                        1034,
                        340
                    ],
                    [
                        1034,
                        343
                    ],
                    [
                        1036,
                        345
                    ],
                    [
                        1036,
                        347
                    ],
                    [
                        1038,
                        349
                    ],
                    [
                        1038,
                        351
                    ],
                    [
                        1040,
                        353
                    ],
                    [
                        1040,
                        354
                    ],
                    [
                        1041,
                        354
                    ],
                    [
                        1042,
                        355
                    ],
                    [
                        1042,
                        356
                    ],
                    [
                        1043,
                        356
                    ],
                    [
                        1044,
                        357
                    ],
                    [
                        1044,
                        358
                    ],
                    [
                        1045,
                        359
                    ],
                    [
                        1046,
                        359
                    ],
                    [
                        1047,
                        360
                    ],
                    [
                        1047,
                        361
                    ],
                    [
                        1049,
                        363
                    ],
                    [
                        1049,
                        364
                    ],
                    [
                        1050,
                        364
                    ],
                    [
                        1051,
                        365
                    ],
                    [
                        1051,
                        367
                    ],
                    [
                        1053,
                        369
                    ],
                    [
                        1054,
                        369
                    ],
                    [
                        1055,
                        370
                    ],
                    [
                        1055,
                        371
                    ],
                    [
                        1058,
                        371
                    ],
                    [
                        1059,
                        372
                    ],
                    [
                        1060,
                        372
                    ],
                    [
                        1061,
                        373
                    ],
                    [
                        1061,
                        374
                    ],
                    [
                        1241,
                        374
                    ],
                    [
                        1241,
                        192
                    ],
                    [
                        1238,
                        192
                    ],
                    [
                        1237,
                        191
                    ],
                    [
                        1229,
                        191
                    ],
                    [
                        1228,
                        190
                    ]
                ],
                "interior": []
            }
        },
        {
            "id": 159574359,
            "classId": 6551258,
            "objectId": null,
            "description": "",
            "geometryType": "rectangle",
            "labelerLogin": "inbox@datasetninja.com",
            "createdAt": "2024-03-12T15:50:19.957Z",
            "updatedAt": "2024-03-12T15:50:19.957Z",
            "tags": [
                {
                    "id": 122054207,
                    "tagId": 32511,
                    "name": "object id",
                    "value": 1005,
                    "labelerLogin": "inbox@datasetninja.com",
                    "createdAt": "2024-03-12T15:50:19.957Z",
                    "updatedAt": "2024-03-12T15:50:19.957Z"
                },
                {
                    "id": 122054208,
                    "tagId": 32513,
                    "name": "instance id",
                    "value": 5,
                    "labelerLogin": "inbox@datasetninja.com",
                    "createdAt": "2024-03-12T15:50:19.957Z",
                    "updatedAt": "2024-03-12T15:50:19.957Z"
                }
            ],
            "classTitle": "car",
            "points": {
                "exterior": [
                    [
                        1031,
                        190
                    ],
                    [
                        1241,
                        374
                    ]
                ],
                "interior": []
            }
        },
        {
            "id": 159574360,
            "classId": 6551258,
            "objectId": null,
            "description": "",
            "geometryType": "polygon",
            "labelerLogin": "inbox@datasetninja.com",
            "createdAt": "2024-03-12T15:50:19.961Z",
            "updatedAt": "2024-03-12T15:50:19.961Z",
            "tags": [
                {
                    "id": 122054209,
                    "tagId": 32511,
                    "name": "object id",
                    "value": 1053,
                    "labelerLogin": "inbox@datasetninja.com",
                    "createdAt": "2024-03-12T15:50:19.961Z",
                    "updatedAt": "2024-03-12T15:50:19.961Z"
                },
                {
                    "id": 122054210,
                    "tagId": 32513,
                    "name": "instance id",
                    "value": 53,
                    "labelerLogin": "inbox@datasetninja.com",
                    "createdAt": "2024-03-12T15:50:19.961Z",
                    "updatedAt": "2024-03-12T15:50:19.961Z"
                }
            ],
            "classTitle": "car",
            "points": {
                "exterior": [
                    [
                        85,
                        202
                    ],
                    [
                        85,
                        219
                    ],
                    [
                        92,
                        219
                    ],
                    [
                        94,
                        221
                    ],
                    [
                        94,
                        222
                    ],
                    [
                        98,
                        222
                    ],
                    [
                        99,
                        221
                    ],
                    [
                        100,
                        221
                    ],
                    [
                        101,
                        220
                    ],
                    [
                        101,
                        219
                    ],
                    [
                        105,
                        215
                    ],
                    [
                        107,
                        215
                    ],
                    [
                        108,
                        214
                    ],
                    [
                        109,
                        214
                    ],
                    [
                        110,
                        213
                    ],
                    [
                        110,
                        209
                    ],
                    [
                        109,
                        208
                    ],
                    [
                        109,
                        207
                    ],
                    [
                        108,
                        206
                    ],
                    [
                        107,
                        206
                    ],
                    [
                        106,
                        205
                    ],
                    [
                        105,
                        205
                    ],
                    [
                        104,
                        204
                    ],
                    [
                        98,
                        204
                    ],
                    [
                        97,
                        203
                    ],
                    [
                        89,
                        203
                    ],
                    [
                        88,
                        202
                    ]
                ],
                "interior": []
            }
        },
        {
            "id": 159574361,
            "classId": 6551258,
            "objectId": null,
            "description": "",
            "geometryType": "rectangle",
            "labelerLogin": "inbox@datasetninja.com",
            "createdAt": "2024-03-12T15:50:19.962Z",
            "updatedAt": "2024-03-12T15:50:19.962Z",
            "tags": [
                {
                    "id": 122054211,
                    "tagId": 32511,
                    "name": "object id",
                    "value": 1053,
                    "labelerLogin": "inbox@datasetninja.com",
                    "createdAt": "2024-03-12T15:50:19.962Z",
                    "updatedAt": "2024-03-12T15:50:19.962Z"
                },
                {
                    "id": 122054212,
                    "tagId": 32513,
                    "name": "instance id",
                    "value": 53,
                    "labelerLogin": "inbox@datasetninja.com",
                    "createdAt": "2024-03-12T15:50:19.962Z",
                    "updatedAt": "2024-03-12T15:50:19.962Z"
                }
            ],
            "classTitle": "car",
            "points": {
                "exterior": [
                    [
                        85,
                        202
                    ],
                    [
                        110,
                        222
                    ]
                ],
                "interior": []
            }
        },
        {
            "id": 159574362,
            "classId": 6551258,
            "objectId": null,
            "description": "",
            "geometryType": "polygon",
            "labelerLogin": "inbox@datasetninja.com",
            "createdAt": "2024-03-12T15:50:19.964Z",
            "updatedAt": "2024-03-12T15:50:19.964Z",
            "tags": [
                {
                    "id": 122054213,
                    "tagId": 32511,
                    "name": "object id",
                    "value": 1053,
                    "labelerLogin": "inbox@datasetninja.com",
                    "createdAt": "2024-03-12T15:50:19.964Z",
                    "updatedAt": "2024-03-12T15:50:19.964Z"
                },
                {
                    "id": 122054214,
                    "tagId": 32513,
                    "name": "instance id",
                    "value": 53,
                    "labelerLogin": "inbox@datasetninja.com",
                    "createdAt": "2024-03-12T15:50:19.964Z",
                    "updatedAt": "2024-03-12T15:50:19.964Z"
                }
            ],
            "classTitle": "car",
            "points": {
                "exterior": [
                    [
                        27,
                        193
                    ],
                    [
                        26,
                        194
                    ],
                    [
                        21,
                        194
                    ],
                    [
                        23,
                        196
                    ],
                    [
                        25,
                        196
                    ],
                    [
                        28,
                        199
                    ],
                    [
                        28,
                        201
                    ],
                    [
                        29,
                        202
                    ],
                    [
                        29,
                        203
                    ],
                    [
                        29,
                        193
                    ]
                ],
                "interior": []
            }
        },
        {
            "id": 159574363,
            "classId": 6551258,
            "objectId": null,
            "description": "",
            "geometryType": "rectangle",
            "labelerLogin": "inbox@datasetninja.com",
            "createdAt": "2024-03-12T15:50:19.966Z",
            "updatedAt": "2024-03-12T15:50:19.966Z",
            "tags": [
                {
                    "id": 122054215,
                    "tagId": 32511,
                    "name": "object id",
                    "value": 1053,
                    "labelerLogin": "inbox@datasetninja.com",
                    "createdAt": "2024-03-12T15:50:19.966Z",
                    "updatedAt": "2024-03-12T15:50:19.966Z"
                },
                {
                    "id": 122054216,
                    "tagId": 32513,
                    "name": "instance id",
                    "value": 53,
                    "labelerLogin": "inbox@datasetninja.com",
                    "createdAt": "2024-03-12T15:50:19.966Z",
                    "updatedAt": "2024-03-12T15:50:19.966Z"
                }
            ],
            "classTitle": "car",
            "points": {
                "exterior": [
                    [
                        21,
                        193
                    ],
                    [
                        29,
                        203
                    ]
                ],
                "interior": []
            }
        },
        {
            "id": 159574364,
            "classId": 6551258,
            "objectId": null,
            "description": "",
            "geometryType": "polygon",
            "labelerLogin": "inbox@datasetninja.com",
            "createdAt": "2024-03-12T15:50:19.968Z",
            "updatedAt": "2024-03-12T15:50:19.968Z",
            "tags": [
                {
                    "id": 122054217,
                    "tagId": 32511,
                    "name": "object id",
                    "value": 1053,
                    "labelerLogin": "inbox@datasetninja.com",
                    "createdAt": "2024-03-12T15:50:19.968Z",
                    "updatedAt": "2024-03-12T15:50:19.968Z"
                },
                {
                    "id": 122054218,
                    "tagId": 32513,
                    "name": "instance id",
                    "value": 53,
                    "labelerLogin": "inbox@datasetninja.com",
                    "createdAt": "2024-03-12T15:50:19.968Z",
                    "updatedAt": "2024-03-12T15:50:19.968Z"
                }
            ],
            "classTitle": "car",
            "points": {
                "exterior": [
                    [
                        41,
                        192
                    ],
                    [
                        40,
                        193
                    ],
                    [
                        34,
                        193
                    ],
                    [
                        34,
                        201
                    ],
                    [
                        35,
                        202
                    ],
                    [
                        35,
                        209
                    ],
                    [
                        37,
                        209
                    ],
                    [
                        38,
                        210
                    ],
                    [
                        41,
                        210
                    ],
                    [
                        43,
                        212
                    ],
                    [
                        43,
                        220
                    ],
                    [
                        57,
                        220
                    ],
                    [
                        58,
                        219
                    ],
                    [
                        71,
                        219
                    ],
                    [
                        72,
                        220
                    ],
                    [
                        72,
                        221
                    ],
                    [
                        74,
                        223
                    ],
                    [
                        77,
                        223
                    ],
                    [
                        78,
                        222
                    ],
                    [
                        79,
                        222
                    ],
                    [
                        81,
                        220
                    ],
                    [
                        81,
                        201
                    ],
                    [
                        80,
                        201
                    ],
                    [
                        79,
                        200
                    ],
                    [
                        78,
                        200
                    ],
                    [
                        75,
                        197
                    ],
                    [
                        74,
                        197
                    ],
                    [
                        71,
                        194
                    ],
                    [
                        69,
                        194
                    ],
                    [
                        68,
                        193
                    ],
                    [
                        63,
                        193
                    ],
                    [
                        62,
                        192
                    ]
                ],
                "interior": []
            }
        },
        {
            "id": 159574365,
            "classId": 6551258,
            "objectId": null,
            "description": "",
            "geometryType": "rectangle",
            "labelerLogin": "inbox@datasetninja.com",
            "createdAt": "2024-03-12T15:50:19.970Z",
            "updatedAt": "2024-03-12T15:50:19.970Z",
            "tags": [
                {
                    "id": 122054219,
                    "tagId": 32511,
                    "name": "object id",
                    "value": 1053,
                    "labelerLogin": "inbox@datasetninja.com",
                    "createdAt": "2024-03-12T15:50:19.969Z",
                    "updatedAt": "2024-03-12T15:50:19.969Z"
                },
                {
                    "id": 122054220,
                    "tagId": 32513,
                    "name": "instance id",
                    "value": 53,
                    "labelerLogin": "inbox@datasetninja.com",
                    "createdAt": "2024-03-12T15:50:19.969Z",
                    "updatedAt": "2024-03-12T15:50:19.969Z"
                }
            ],
            "classTitle": "car",
            "points": {
                "exterior": [
                    [
                        34,
                        192
                    ],
                    [
                        81,
                        223
                    ]
                ],
                "interior": []
            }
        },
        {
            "id": 159574366,
            "classId": 6551257,
            "objectId": null,
            "description": "",
            "geometryType": "polygon",
            "labelerLogin": "inbox@datasetninja.com",
            "createdAt": "2024-03-12T15:50:19.971Z",
            "updatedAt": "2024-03-12T15:50:19.971Z",
            "tags": [
                {
                    "id": 122054221,
                    "tagId": 32511,
                    "name": "object id",
                    "value": 2045,
                    "labelerLogin": "inbox@datasetninja.com",
                    "createdAt": "2024-03-12T15:50:19.971Z",
                    "updatedAt": "2024-03-12T15:50:19.971Z"
                },
                {
                    "id": 122054222,
                    "tagId": 32513,
                    "name": "instance id",
                    "value": 45,
                    "labelerLogin": "inbox@datasetninja.com",
                    "createdAt": "2024-03-12T15:50:19.971Z",
                    "updatedAt": "2024-03-12T15:50:19.971Z"
                }
            ],
            "classTitle": "pedestrian",
            "points": {
                "exterior": [
                    [
                        848,
                        171
                    ],
                    [
                        847,
                        172
                    ],
                    [
                        846,
                        172
                    ],
                    [
                        845,
                        173
                    ],
                    [
                        845,
                        174
                    ],
                    [
                        844,
                        175
                    ],
                    [
                        845,
                        176
                    ],
                    [
                        845,
                        179
                    ],
                    [
                        844,
                        180
                    ],
                    [
                        844,
                        181
                    ],
                    [
                        843,
                        182
                    ],
                    [
                        843,
                        183
                    ],
                    [
                        842,
                        184
                    ],
                    [
                        842,
                        185
                    ],
                    [
                        840,
                        187
                    ],
                    [
                        840,
                        190
                    ],
                    [
                        839,
                        191
                    ],
                    [
                        839,
                        194
                    ],
                    [
                        838,
                        195
                    ],
                    [
                        838,
                        199
                    ],
                    [
                        837,
                        200
                    ],
                    [
                        837,
                        202
                    ],
                    [
                        839,
                        202
                    ],
                    [
                        840,
                        201
                    ],
                    [
                        841,
                        201
                    ],
                    [
                        844,
                        204
                    ],
                    [
                        844,
                        205
                    ],
                    [
                        846,
                        207
                    ],
                    [
                        846,
                        208
                    ],
                    [
                        847,
                        209
                    ],
                    [
                        847,
                        213
                    ],
                    [
                        846,
                        214
                    ],
                    [
                        846,
                        217
                    ],
                    [
                        845,
                        218
                    ],
                    [
                        845,
                        222
                    ],
                    [
                        844,
                        223
                    ],
                    [
                        844,
                        224
                    ],
                    [
                        843,
                        225
                    ],
                    [
                        843,
                        230
                    ],
                    [
                        848,
                        230
                    ],
                    [
                        848,
                        226
                    ],
                    [
                        849,
                        225
                    ],
                    [
                        849,
                        223
                    ],
                    [
                        850,
                        222
                    ],
                    [
                        851,
                        222
                    ],
                    [
                        853,
                        224
                    ],
                    [
                        853,
                        227
                    ],
                    [
                        854,
                        228
                    ],
                    [
                        856,
                        228
                    ],
                    [
                        858,
                        226
                    ],
                    [
                        858,
                        223
                    ],
                    [
                        857,
                        222
                    ],
                    [
                        857,
                        220
                    ],
                    [
                        856,
                        219
                    ],
                    [
                        856,
                        216
                    ],
                    [
                        855,
                        215
                    ],
                    [
                        855,
                        207
                    ],
                    [
                        854,
                        206
                    ],
                    [
                        854,
                        204
                    ],
                    [
                        855,
                        203
                    ],
                    [
                        855,
                        201
                    ],
                    [
                        856,
                        200
                    ],
                    [
                        857,
                        200
                    ],
                    [
                        858,
                        201
                    ],
                    [
                        858,
                        203
                    ],
                    [
                        860,
                        205
                    ],
                    [
                        860,
                        203
                    ],
                    [
                        861,
                        202
                    ],
                    [
                        861,
                        201
                    ],
                    [
                        860,
                        200
                    ],
                    [
                        860,
                        198
                    ],
                    [
                        859,
                        197
                    ],
                    [
                        859,
                        195
                    ],
                    [
                        858,
                        194
                    ],
                    [
                        858,
                        193
                    ],
                    [
                        857,
                        192
                    ],
                    [
                        857,
                        190
                    ],
                    [
                        856,
                        189
                    ],
                    [
                        856,
                        185
                    ],
                    [
                        855,
                        184
                    ],
                    [
                        855,
                        183
                    ],
                    [
                        851,
                        179
                    ],
                    [
                        851,
                        178
                    ],
                    [
                        852,
                        177
                    ],
                    [
                        852,
                        173
                    ],
                    [
                        851,
                        172
                    ],
                    [
                        850,
                        172
                    ],
                    [
                        849,
                        171
                    ]
                ],
                "interior": []
            }
        },
        {
            "id": 159574367,
            "classId": 6551257,
            "objectId": null,
            "description": "",
            "geometryType": "rectangle",
            "labelerLogin": "inbox@datasetninja.com",
            "createdAt": "2024-03-12T15:50:19.972Z",
            "updatedAt": "2024-03-12T15:50:19.972Z",
            "tags": [
                {
                    "id": 122054223,
                    "tagId": 32511,
                    "name": "object id",
                    "value": 2045,
                    "labelerLogin": "inbox@datasetninja.com",
                    "createdAt": "2024-03-12T15:50:19.972Z",
                    "updatedAt": "2024-03-12T15:50:19.972Z"
                },
                {
                    "id": 122054224,
                    "tagId": 32513,
                    "name": "instance id",
                    "value": 45,
                    "labelerLogin": "inbox@datasetninja.com",
                    "createdAt": "2024-03-12T15:50:19.972Z",
                    "updatedAt": "2024-03-12T15:50:19.972Z"
                }
            ],
            "classTitle": "pedestrian",
            "points": {
                "exterior": [
                    [
                        837,
                        171
                    ],
                    [
                        861,
                        230
                    ]
                ],
                "interior": []
            }
        },
        {
            "id": 159574368,
            "classId": 6551257,
            "objectId": null,
            "description": "",
            "geometryType": "polygon",
            "labelerLogin": "inbox@datasetninja.com",
            "createdAt": "2024-03-12T15:50:19.974Z",
            "updatedAt": "2024-03-12T15:50:19.974Z",
            "tags": [
                {
                    "id": 122054225,
                    "tagId": 32511,
                    "name": "object id",
                    "value": 2046,
                    "labelerLogin": "inbox@datasetninja.com",
                    "createdAt": "2024-03-12T15:50:19.973Z",
                    "updatedAt": "2024-03-12T15:50:19.973Z"
                },
                {
                    "id": 122054226,
                    "tagId": 32513,
                    "name": "instance id",
                    "value": 46,
                    "labelerLogin": "inbox@datasetninja.com",
                    "createdAt": "2024-03-12T15:50:19.973Z",
                    "updatedAt": "2024-03-12T15:50:19.973Z"
                }
            ],
            "classTitle": "pedestrian",
            "points": {
                "exterior": [
                    [
                        960,
                        175
                    ],
                    [
                        959,
                        176
                    ],
                    [
                        958,
                        176
                    ],
                    [
                        958,
                        184
                    ],
                    [
                        955,
                        187
                    ],
                    [
                        955,
                        188
                    ],
                    [
                        956,
                        189
                    ],
                    [
                        956,
                        198
                    ],
                    [
                        957,
                        199
                    ],
                    [
                        957,
                        201
                    ],
                    [
                        958,
                        202
                    ],
                    [
                        958,
                        204
                    ],
                    [
                        960,
                        206
                    ],
                    [
                        960,
                        208
                    ],
                    [
                        962,
                        210
                    ],
                    [
                        969,
                        210
                    ],
                    [
                        969,
                        203
                    ],
                    [
                        970,
                        202
                    ],
                    [
                        970,
                        199
                    ],
                    [
                        971,
                        198
                    ],
                    [
                        971,
                        193
                    ],
                    [
                        970,
                        192
                    ],
                    [
                        970,
                        187
                    ],
                    [
                        969,
                        186
                    ],
                    [
                        969,
                        184
                    ],
                    [
                        964,
                        179
                    ],
                    [
                        964,
                        177
                    ],
                    [
                        962,
                        175
                    ]
                ],
                "interior": []
            }
        },
        {
            "id": 159574369,
            "classId": 6551257,
            "objectId": null,
            "description": "",
            "geometryType": "rectangle",
            "labelerLogin": "inbox@datasetninja.com",
            "createdAt": "2024-03-12T15:50:19.975Z",
            "updatedAt": "2024-03-12T15:50:19.975Z",
            "tags": [
                {
                    "id": 122054227,
                    "tagId": 32511,
                    "name": "object id",
                    "value": 2046,
                    "labelerLogin": "inbox@datasetninja.com",
                    "createdAt": "2024-03-12T15:50:19.975Z",
                    "updatedAt": "2024-03-12T15:50:19.975Z"
                },
                {
                    "id": 122054228,
                    "tagId": 32513,
                    "name": "instance id",
                    "value": 46,
                    "labelerLogin": "inbox@datasetninja.com",
                    "createdAt": "2024-03-12T15:50:19.975Z",
                    "updatedAt": "2024-03-12T15:50:19.975Z"
                }
            ],
            "classTitle": "pedestrian",
            "points": {
                "exterior": [
                    [
                        955,
                        175
                    ],
                    [
                        971,
                        210
                    ]
                ],
                "interior": []
            }
        },
        {
            "id": 159574370,
            "classId": 6551257,
            "objectId": null,
            "description": "",
            "geometryType": "polygon",
            "labelerLogin": "inbox@datasetninja.com",
            "createdAt": "2024-03-12T15:50:19.976Z",
            "updatedAt": "2024-03-12T15:50:19.976Z",
            "tags": [
                {
                    "id": 122054229,
                    "tagId": 32511,
                    "name": "object id",
                    "value": 2048,
                    "labelerLogin": "inbox@datasetninja.com",
                    "createdAt": "2024-03-12T15:50:19.976Z",
                    "updatedAt": "2024-03-12T15:50:19.976Z"
                },
                {
                    "id": 122054230,
                    "tagId": 32513,
                    "name": "instance id",
                    "value": 48,
                    "labelerLogin": "inbox@datasetninja.com",
                    "createdAt": "2024-03-12T15:50:19.976Z",
                    "updatedAt": "2024-03-12T15:50:19.976Z"
                }
            ],
            "classTitle": "pedestrian",
            "points": {
                "exterior": [
                    [
                        1082,
                        166
                    ],
                    [
                        1081,
                        167
                    ],
                    [
                        1081,
                        173
                    ],
                    [
                        1080,
                        174
                    ],
                    [
                        1080,
                        177
                    ],
                    [
                        1079,
                        178
                    ],
                    [
                        1079,
                        199
                    ],
                    [
                        1080,
                        200
                    ],
                    [
                        1080,
                        213
                    ],
                    [
                        1081,
                        214
                    ],
                    [
                        1081,
                        216
                    ],
                    [
                        1083,
                        218
                    ],
                    [
                        1083,
                        219
                    ],
                    [
                        1085,
                        219
                    ],
                    [
                        1085,
                        207
                    ],
                    [
                        1086,
                        206
                    ],
                    [
                        1087,
                        206
                    ],
                    [
                        1088,
                        207
                    ],
                    [
                        1088,
                        208
                    ],
                    [
                        1089,
                        209
                    ],
                    [
                        1089,
                        216
                    ],
                    [
                        1091,
                        214
                    ],
                    [
                        1091,
                        212
                    ],
                    [
                        1092,
                        211
                    ],
                    [
                        1092,
                        207
                    ],
                    [
                        1091,
                        206
                    ],
                    [
                        1091,
                        201
                    ],
                    [
                        1090,
                        200
                    ],
                    [
                        1090,
                        190
                    ],
                    [
                        1091,
                        189
                    ],
                    [
                        1091,
                        178
                    ],
                    [
                        1085,
                        172
                    ],
                    [
                        1085,
                        167
                    ],
                    [
                        1084,
                        166
                    ]
                ],
                "interior": []
            }
        },
        {
            "id": 159574371,
            "classId": 6551257,
            "objectId": null,
            "description": "",
            "geometryType": "rectangle",
            "labelerLogin": "inbox@datasetninja.com",
            "createdAt": "2024-03-12T15:50:19.977Z",
            "updatedAt": "2024-03-12T15:50:19.977Z",
            "tags": [
                {
                    "id": 122054231,
                    "tagId": 32511,
                    "name": "object id",
                    "value": 2048,
                    "labelerLogin": "inbox@datasetninja.com",
                    "createdAt": "2024-03-12T15:50:19.977Z",
                    "updatedAt": "2024-03-12T15:50:19.977Z"
                },
                {
                    "id": 122054232,
                    "tagId": 32513,
                    "name": "instance id",
                    "value": 48,
                    "labelerLogin": "inbox@datasetninja.com",
                    "createdAt": "2024-03-12T15:50:19.977Z",
                    "updatedAt": "2024-03-12T15:50:19.977Z"
                }
            ],
            "classTitle": "pedestrian",
            "points": {
                "exterior": [
                    [
                        1079,
                        166
                    ],
                    [
                        1092,
                        219
                    ]
                ],
                "interior": []
            }
        },
        {
            "id": 159574372,
            "classId": 6551257,
            "objectId": null,
            "description": "",
            "geometryType": "polygon",
            "labelerLogin": "inbox@datasetninja.com",
            "createdAt": "2024-03-12T15:50:19.978Z",
            "updatedAt": "2024-03-12T15:50:19.978Z",
            "tags": [
                {
                    "id": 122054233,
                    "tagId": 32511,
                    "name": "object id",
                    "value": 2049,
                    "labelerLogin": "inbox@datasetninja.com",
                    "createdAt": "2024-03-12T15:50:19.978Z",
                    "updatedAt": "2024-03-12T15:50:19.978Z"
                },
                {
                    "id": 122054234,
                    "tagId": 32513,
                    "name": "instance id",
                    "value": 49,
                    "labelerLogin": "inbox@datasetninja.com",
                    "createdAt": "2024-03-12T15:50:19.978Z",
                    "updatedAt": "2024-03-12T15:50:19.978Z"
                }
            ],
            "classTitle": "pedestrian",
            "points": {
                "exterior": [
                    [
                        1023,
                        173
                    ],
                    [
                        1022,
                        174
                    ],
                    [
                        1022,
                        178
                    ],
                    [
                        1021,
                        179
                    ],
                    [
                        1021,
                        193
                    ],
                    [
                        1022,
                        194
                    ],
                    [
                        1022,
                        198
                    ],
                    [
                        1023,
                        199
                    ],
                    [
                        1023,
                        206
                    ],
                    [
                        1024,
                        207
                    ],
                    [
                        1027,
                        207
                    ],
                    [
                        1028,
                        206
                    ],
                    [
                        1028,
                        192
                    ],
                    [
                        1029,
                        191
                    ],
                    [
                        1028,
                        190
                    ],
                    [
                        1028,
                        185
                    ],
                    [
                        1029,
                        184
                    ],
                    [
                        1028,
                        183
                    ],
                    [
                        1028,
                        179
                    ],
                    [
                        1026,
                        177
                    ],
                    [
                        1026,
                        174
                    ],
                    [
                        1025,
                        173
                    ]
                ],
                "interior": []
            }
        },
        {
            "id": 159574373,
            "classId": 6551257,
            "objectId": null,
            "description": "",
            "geometryType": "rectangle",
            "labelerLogin": "inbox@datasetninja.com",
            "createdAt": "2024-03-12T15:50:19.979Z",
            "updatedAt": "2024-03-12T15:50:19.979Z",
            "tags": [
                {
                    "id": 122054235,
                    "tagId": 32511,
                    "name": "object id",
                    "value": 2049,
                    "labelerLogin": "inbox@datasetninja.com",
                    "createdAt": "2024-03-12T15:50:19.979Z",
                    "updatedAt": "2024-03-12T15:50:19.979Z"
                },
                {
                    "id": 122054236,
                    "tagId": 32513,
                    "name": "instance id",
                    "value": 49,
                    "labelerLogin": "inbox@datasetninja.com",
                    "createdAt": "2024-03-12T15:50:19.979Z",
                    "updatedAt": "2024-03-12T15:50:19.979Z"
                }
            ],
            "classTitle": "pedestrian",
            "points": {
                "exterior": [
                    [
                        1021,
                        173
                    ],
                    [
                        1029,
                        207
                    ]
                ],
                "interior": []
            }
        },
        {
            "id": 159574374,
            "classId": 6551259,
            "objectId": null,
            "description": "",
            "geometryType": "polygon",
            "labelerLogin": "inbox@datasetninja.com",
            "createdAt": "2024-03-12T15:50:19.980Z",
            "updatedAt": "2024-03-12T15:50:19.980Z",
            "tags": [],
            "classTitle": "ignore region",
            "points": {
                "exterior": [
                    [
                        636,
                        173
                    ],
                    [
                        636,
                        179
                    ],
                    [
                        642,
                        179
                    ],
                    [
                        643,
                        178
                    ],
                    [
                        646,
                        178
                    ],
                    [
                        647,
                        179
                    ],
                    [
                        649,
                        179
                    ],
                    [
                        650,
                        180
                    ],
                    [
                        652,
                        180
                    ],
                    [
                        656,
                        184
                    ],
                    [
                        656,
                        186
                    ],
                    [
                        657,
                        187
                    ],
                    [
                        657,
                        173
                    ]
                ],
                "interior": []
            }
        },
        {
            "id": 159574375,
            "classId": 6551259,
            "objectId": null,
            "description": "",
            "geometryType": "rectangle",
            "labelerLogin": "inbox@datasetninja.com",
            "createdAt": "2024-03-12T15:50:19.980Z",
            "updatedAt": "2024-03-12T15:50:19.980Z",
            "tags": [],
            "classTitle": "ignore region",
            "points": {
                "exterior": [
                    [
                        636,
                        173
                    ],
                    [
                        657,
                        187
                    ]
                ],
                "interior": []
            }
        },
        {
            "id": 159574376,
            "classId": 6551259,
            "objectId": null,
            "description": "",
            "geometryType": "polygon",
            "labelerLogin": "inbox@datasetninja.com",
            "createdAt": "2024-03-12T15:50:19.981Z",
            "updatedAt": "2024-03-12T15:50:19.981Z",
            "tags": [],
            "classTitle": "ignore region",
            "points": {
                "exterior": [
                    [
                        471,
                        172
                    ],
                    [
                        471,
                        183
                    ],
                    [
                        470,
                        184
                    ],
                    [
                        449,
                        184
                    ],
                    [
                        449,
                        207
                    ],
                    [
                        470,
                        207
                    ],
                    [
                        471,
                        208
                    ],
                    [
                        471,
                        209
                    ],
                    [
                        519,
                        209
                    ],
                    [
                        519,
                        201
                    ],
                    [
                        520,
                        200
                    ],
                    [
                        527,
                        200
                    ],
                    [
                        527,
                        191
                    ],
                    [
                        528,
                        190
                    ],
                    [
                        563,
                        190
                    ],
                    [
                        563,
                        175
                    ],
                    [
                        524,
                        175
                    ],
                    [
                        524,
                        176
                    ],
                    [
                        523,
                        177
                    ],
                    [
                        520,
                        177
                    ],
                    [
                        519,
                        176
                    ],
                    [
                        519,
                        172
                    ]
                ],
                "interior": []
            }
        },
        {
            "id": 159574377,
            "classId": 6551259,
            "objectId": null,
            "description": "",
            "geometryType": "rectangle",
            "labelerLogin": "inbox@datasetninja.com",
            "createdAt": "2024-03-12T15:50:19.981Z",
            "updatedAt": "2024-03-12T15:50:19.981Z",
            "tags": [],
            "classTitle": "ignore region",
            "points": {
                "exterior": [
                    [
                        449,
                        172
                    ],
                    [
                        563,
                        209
                    ]
                ],
                "interior": []
            }
        }
    ]
}