{
    "description": "",
    "tags": [
        {
            "id": 21887233,
            "tagId": 32512,
            "name": "sequence",
            "value": "0011",
            "labelerLogin": "inbox@datasetninja.com",
            "createdAt": "2024-03-12T15:49:53.474Z",
            "updatedAt": "2024-03-12T15:49:53.474Z"
        }
    ],
    "size": {
        "height": 375,
        "width": 1242
    },
    "objects": [
        {
            "id": 159570064,
            "classId": 6551258,
            "objectId": null,
            "description": "",
            "geometryType": "polygon",
            "labelerLogin": "inbox@datasetninja.com",
            "createdAt": "2024-03-12T15:49:53.475Z",
            "updatedAt": "2024-03-12T15:49:53.475Z",
            "tags": [
                {
                    "id": 122048521,
                    "tagId": 32511,
                    "name": "object id",
                    "value": 1000,
                    "labelerLogin": "inbox@datasetninja.com",
                    "createdAt": "2024-03-12T15:49:53.474Z",
                    "updatedAt": "2024-03-12T15:49:53.474Z"
                },
                {
                    "id": 122048522,
                    "tagId": 32513,
                    "name": "instance id",
                    "value": 0,
                    "labelerLogin": "inbox@datasetninja.com",
                    "createdAt": "2024-03-12T15:49:53.474Z",
                    "updatedAt": "2024-03-12T15:49:53.474Z"
                }
            ],
            "classTitle": "car",
            "points": {
                "exterior": [
                    [
                        607,
                        179
                    ],
                    [
                        606,
                        180
                    ],
                    [
                        601,
                        180
                    ],
                    [
                        600,
                        181
                    ],
                    [
                        599,
                        181
                    ],
                    [
                        597,
                        183
                    ],
                    [
                        597,
                        184
                    ],
                    [
                        596,
                        185
                    ],
                    [
                        596,
                        186
                    ],
                    [
                        592,
                        190
                    ],
                    [
                        591,
                        190
                    ],
                    [
                        591,
                        194
                    ],
                    [
                        593,
                        196
                    ],
                    [
                        593,
                        199
                    ],
                    [
                        592,
                        200
                    ],
                    [
                        592,
                        217
                    ],
                    [
                        594,
                        219
                    ],
                    [
                        596,
                        219
                    ],
                    [
                        597,
                        218
                    ],
                    [
                        598,
                        218
                    ],
                    [
                        598,
                        217
                    ],
                    [
                        599,
                        216
                    ],
                    [
                        600,
                        216
                    ],
                    [
                        601,
                        215
                    ],
                    [
                        628,
                        215
                    ],
                    [
                        631,
                        218
                    ],
                    [
                        633,
                        218
                    ],
                    [
                        634,
                        217
                    ],
                    [
                        634,
                        210
                    ],
                    [
                        635,
                        209
                    ],
                    [
                        635,
                        197
                    ],
                    [
                        634,
                        196
                    ],
                    [
                        634,
                        189
                    ],
                    [
                        633,
                        188
                    ],
                    [
                        633,
                        187
                    ],
                    [
                        632,
                        186
                    ],
                    [
                        632,
                        185
                    ],
                    [
                        628,
                        181
                    ],
                    [
                        627,
                        181
                    ],
                    [
                        626,
                        180
                    ],
                    [
                        617,
                        180
                    ],
                    [
                        616,
                        179
                    ]
                ],
                "interior": []
            }
        },
        {
            "id": 159570065,
            "classId": 6551258,
            "objectId": null,
            "description": "",
            "geometryType": "rectangle",
            "labelerLogin": "inbox@datasetninja.com",
            "createdAt": "2024-03-12T15:49:53.475Z",
            "updatedAt": "2024-03-12T15:49:53.475Z",
            "tags": [
                {
                    "id": 122048523,
                    "tagId": 32511,
                    "name": "object id",
                    "value": 1000,
                    "labelerLogin": "inbox@datasetninja.com",
                    "createdAt": "2024-03-12T15:49:53.475Z",
                    "updatedAt": "2024-03-12T15:49:53.475Z"
                },
                {
                    "id": 122048524,
                    "tagId": 32513,
                    "name": "instance id",
                    "value": 0,
                    "labelerLogin": "inbox@datasetninja.com",
                    "createdAt": "2024-03-12T15:49:53.475Z",
                    "updatedAt": "2024-03-12T15:49:53.475Z"
                }
            ],
            "classTitle": "car",
            "points": {
                "exterior": [
                    [
                        591,
                        179
                    ],
                    [
                        635,
                        219
                    ]
                ],
                "interior": []
            }
        },
        {
            "id": 159570066,
            "classId": 6551258,
            "objectId": null,
            "description": "",
            "geometryType": "polygon",
            "labelerLogin": "inbox@datasetninja.com",
            "createdAt": "2024-03-12T15:49:53.476Z",
            "updatedAt": "2024-03-12T15:49:53.476Z",
            "tags": [
                {
                    "id": 122048525,
                    "tagId": 32511,
                    "name": "object id",
                    "value": 1010,
                    "labelerLogin": "inbox@datasetninja.com",
                    "createdAt": "2024-03-12T15:49:53.476Z",
                    "updatedAt": "2024-03-12T15:49:53.476Z"
                },
                {
                    "id": 122048526,
                    "tagId": 32513,
                    "name": "instance id",
                    "value": 10,
                    "labelerLogin": "inbox@datasetninja.com",
                    "createdAt": "2024-03-12T15:49:53.476Z",
                    "updatedAt": "2024-03-12T15:49:53.476Z"
                }
            ],
            "classTitle": "car",
            "points": {
                "exterior": [
                    [
                        238,
                        189
                    ],
                    [
                        237,
                        190
                    ],
                    [
                        224,
                        190
                    ],
                    [
                        223,
                        191
                    ],
                    [
                        216,
                        191
                    ],
                    [
                        215,
                        192
                    ],
                    [
                        210,
                        192
                    ],
                    [
                        209,
                        193
                    ],
                    [
                        204,
                        193
                    ],
                    [
                        203,
                        194
                    ],
                    [
                        202,
                        194
                    ],
                    [
                        201,
                        195
                    ],
                    [
                        198,
                        195
                    ],
                    [
                        197,
                        196
                    ],
                    [
                        196,
                        196
                    ],
                    [
                        194,
                        198
                    ],
                    [
                        193,
                        198
                    ],
                    [
                        191,
                        200
                    ],
                    [
                        190,
                        200
                    ],
                    [
                        188,
                        202
                    ],
                    [
                        187,
                        202
                    ],
                    [
                        184,
                        205
                    ],
                    [
                        183,
                        205
                    ],
                    [
                        181,
                        207
                    ],
                    [
                        179,
                        207
                    ],
                    [
                        177,
                        209
                    ],
                    [
                        176,
                        209
                    ],
                    [
                        173,
                        212
                    ],
                    [
                        172,
                        212
                    ],
                    [
                        170,
                        214
                    ],
                    [
                        169,
                        214
                    ],
                    [
                        165,
                        218
                    ],
                    [
                        165,
                        219
                    ],
                    [
                        163,
                        221
                    ],
                    [
                        163,
                        222
                    ],
                    [
                        162,
                        223
                    ],
                    [
                        162,
                        225
                    ],
                    [
                        161,
                        226
                    ],
                    [
                        161,
                        231
                    ],
                    [
                        160,
                        232
                    ],
                    [
                        160,
                        240
                    ],
                    [
                        162,
                        242
                    ],
                    [
                        162,
                        243
                    ],
                    [
                        163,
                        244
                    ],
                    [
                        163,
                        245
                    ],
                    [
                        164,
                        245
                    ],
                    [
                        167,
                        248
                    ],
                    [
                        168,
                        248
                    ],
                    [
                        169,
                        249
                    ],
                    [
                        174,
                        249
                    ],
                    [
                        175,
                        248
                    ],
                    [
                        176,
                        248
                    ],
                    [
                        179,
                        245
                    ],
                    [
                        180,
                        245
                    ],
                    [
                        181,
                        244
                    ],
                    [
                        187,
                        244
                    ],
                    [
                        188,
                        245
                    ],
                    [
                        214,
                        245
                    ],
                    [
                        215,
                        246
                    ],
                    [
                        217,
                        246
                    ],
                    [
                        218,
                        247
                    ],
                    [
                        227,
                        247
                    ],
                    [
                        228,
                        246
                    ],
                    [
                        229,
                        246
                    ],
                    [
                        230,
                        245
                    ],
                    [
                        232,
                        245
                    ],
                    [
                        234,
                        243
                    ],
                    [
                        235,
                        243
                    ],
                    [
                        236,
                        242
                    ],
                    [
                        236,
                        241
                    ],
                    [
                        237,
                        240
                    ],
                    [
                        238,
                        240
                    ],
                    [
                        239,
                        239
                    ],
                    [
                        242,
                        239
                    ],
                    [
                        243,
                        238
                    ],
                    [
                        249,
                        238
                    ],
                    [
                        250,
                        237
                    ],
                    [
                        252,
                        237
                    ],
                    [
                        253,
                        236
                    ],
                    [
                        256,
                        236
                    ],
                    [
                        257,
                        235
                    ],
                    [
                        264,
                        235
                    ],
                    [
                        266,
                        237
                    ],
                    [
                        266,
                        238
                    ],
                    [
                        267,
                        238
                    ],
                    [
                        268,
                        239
                    ],
                    [
                        269,
                        239
                    ],
                    [
                        270,
                        240
                    ],
                    [
                        273,
                        240
                    ],
                    [
                        274,
                        239
                    ],
                    [
                        276,
                        239
                    ],
                    [
                        278,
                        237
                    ],
                    [
                        279,
                        237
                    ],
                    [
                        279,
                        234
                    ],
                    [
                        280,
                        233
                    ],
                    [
                        280,
                        217
                    ],
                    [
                        279,
                        216
                    ],
                    [
                        279,
                        212
                    ],
                    [
                        278,
                        211
                    ],
                    [
                        278,
                        209
                    ],
                    [
                        275,
                        206
                    ],
                    [
                        275,
                        205
                    ],
                    [
                        274,
                        204
                    ],
                    [
                        274,
                        200
                    ],
                    [
                        273,
                        199
                    ],
                    [
                        273,
                        198
                    ],
                    [
                        270,
                        195
                    ],
                    [
                        270,
                        194
                    ],
                    [
                        267,
                        191
                    ],
                    [
                        263,
                        191
                    ],
                    [
                        262,
                        190
                    ],
                    [
                        257,
                        190
                    ],
                    [
                        256,
                        189
                    ]
                ],
                "interior": []
            }
        },
        {
            "id": 159570067,
            "classId": 6551258,
            "objectId": null,
            "description": "",
            "geometryType": "rectangle",
            "labelerLogin": "inbox@datasetninja.com",
            "createdAt": "2024-03-12T15:49:53.476Z",
            "updatedAt": "2024-03-12T15:49:53.476Z",
            "tags": [
                {
                    "id": 122048527,
                    "tagId": 32511,
                    "name": "object id",
                    "value": 1010,
                    "labelerLogin": "inbox@datasetninja.com",
                    "createdAt": "2024-03-12T15:49:53.476Z",
                    "updatedAt": "2024-03-12T15:49:53.476Z"
                },
                {
                    "id": 122048528,
                    "tagId": 32513,
                    "name": "instance id",
                    "value": 10,
                    "labelerLogin": "inbox@datasetninja.com",
                    "createdAt": "2024-03-12T15:49:53.476Z",
                    "updatedAt": "2024-03-12T15:49:53.476Z"
                }
            ],
            "classTitle": "car",
            "points": {
                "exterior": [
                    [
                        160,
                        189
                    ],
                    [
                        280,
                        249
                    ]
                ],
                "interior": []
            }
        },
        {
            "id": 159570068,
            "classId": 6551258,
            "objectId": null,
            "description": "",
            "geometryType": "polygon",
            "labelerLogin": "inbox@datasetninja.com",
            "createdAt": "2024-03-12T15:49:53.477Z",
            "updatedAt": "2024-03-12T15:49:53.477Z",
            "tags": [
                {
                    "id": 122048529,
                    "tagId": 32511,
                    "name": "object id",
                    "value": 1011,
                    "labelerLogin": "inbox@datasetninja.com",
                    "createdAt": "2024-03-12T15:49:53.477Z",
                    "updatedAt": "2024-03-12T15:49:53.477Z"
                },
                {
                    "id": 122048530,
                    "tagId": 32513,
                    "name": "instance id",
                    "value": 11,
                    "labelerLogin": "inbox@datasetninja.com",
                    "createdAt": "2024-03-12T15:49:53.477Z",
                    "updatedAt": "2024-03-12T15:49:53.477Z"
                }
            ],
            "classTitle": "car",
            "points": {
                "exterior": [
                    [
                        302,
                        182
                    ],
                    [
                        301,
                        183
                    ],
                    [
                        297,
                        183
                    ],
                    [
                        296,
                        184
                    ],
                    [
                        295,
                        184
                    ],
                    [
                        294,
                        185
                    ],
                    [
                        292,
                        185
                    ],
                    [
                        291,
                        186
                    ],
                    [
                        290,
                        186
                    ],
                    [
                        288,
                        188
                    ],
                    [
                        287,
                        188
                    ],
                    [
                        287,
                        189
                    ],
                    [
                        286,
                        190
                    ],
                    [
                        286,
                        191
                    ],
                    [
                        279,
                        198
                    ],
                    [
                        278,
                        198
                    ],
                    [
                        277,
                        199
                    ],
                    [
                        276,
                        199
                    ],
                    [
                        276,
                        200
                    ],
                    [
                        275,
                        201
                    ],
                    [
                        275,
                        204
                    ],
                    [
                        276,
                        205
                    ],
                    [
                        276,
                        206
                    ],
                    [
                        279,
                        209
                    ],
                    [
                        279,
                        211
                    ],
                    [
                        280,
                        212
                    ],
                    [
                        280,
                        216
                    ],
                    [
                        281,
                        217
                    ],
                    [
                        281,
                        221
                    ],
                    [
                        282,
                        222
                    ],
                    [
                        282,
                        227
                    ],
                    [
                        283,
                        228
                    ],
                    [
                        299,
                        228
                    ],
                    [
                        300,
                        227
                    ],
                    [
                        306,
                        227
                    ],
                    [
                        307,
                        228
                    ],
                    [
                        308,
                        228
                    ],
                    [
                        311,
                        231
                    ],
                    [
                        313,
                        231
                    ],
                    [
                        314,
                        232
                    ],
                    [
                        316,
                        232
                    ],
                    [
                        317,
                        231
                    ],
                    [
                        321,
                        231
                    ],
                    [
                        323,
                        229
                    ],
                    [
                        323,
                        227
                    ],
                    [
                        324,
                        226
                    ],
                    [
                        324,
                        225
                    ],
                    [
                        326,
                        223
                    ],
                    [
                        328,
                        223
                    ],
                    [
                        329,
                        222
                    ],
                    [
                        333,
                        222
                    ],
                    [
                        334,
                        221
                    ],
                    [
                        339,
                        221
                    ],
                    [
                        342,
                        224
                    ],
                    [
                        342,
                        225
                    ],
                    [
                        343,
                        226
                    ],
                    [
                        345,
                        226
                    ],
                    [
                        346,
                        227
                    ],
                    [
                        348,
                        227
                    ],
                    [
                        349,
                        226
                    ],
                    [
                        351,
                        226
                    ],
                    [
                        352,
                        225
                    ],
                    [
                        352,
                        224
                    ],
                    [
                        354,
                        222
                    ],
                    [
                        354,
                        218
                    ],
                    [
                        355,
                        217
                    ],
                    [
                        355,
                        215
                    ],
                    [
                        356,
                        214
                    ],
                    [
                        356,
                        196
                    ],
                    [
                        355,
                        195
                    ],
                    [
                        355,
                        193
                    ],
                    [
                        351,
                        189
                    ],
                    [
                        351,
                        188
                    ],
                    [
                        350,
                        188
                    ],
                    [
                        348,
                        186
                    ],
                    [
                        347,
                        186
                    ],
                    [
                        346,
                        185
                    ],
                    [
                        345,
                        185
                    ],
                    [
                        344,
                        184
                    ],
                    [
                        343,
                        184
                    ],
                    [
                        342,
                        183
                    ],
                    [
                        332,
                        183
                    ],
                    [
                        331,
                        182
                    ]
                ],
                "interior": []
            }
        },
        {
            "id": 159570069,
            "classId": 6551258,
            "objectId": null,
            "description": "",
            "geometryType": "rectangle",
            "labelerLogin": "inbox@datasetninja.com",
            "createdAt": "2024-03-12T15:49:53.477Z",
            "updatedAt": "2024-03-12T15:49:53.477Z",
            "tags": [
                {
                    "id": 122048531,
                    "tagId": 32511,
                    "name": "object id",
                    "value": 1011,
                    "labelerLogin": "inbox@datasetninja.com",
                    "createdAt": "2024-03-12T15:49:53.477Z",
                    "updatedAt": "2024-03-12T15:49:53.477Z"
                },
                {
                    "id": 122048532,
                    "tagId": 32513,
                    "name": "instance id",
                    "value": 11,
                    "labelerLogin": "inbox@datasetninja.com",
                    "createdAt": "2024-03-12T15:49:53.477Z",
                    "updatedAt": "2024-03-12T15:49:53.477Z"
                }
            ],
            "classTitle": "car",
            "points": {
                "exterior": [
                    [
                        275,
                        182
                    ],
                    [
                        356,
                        232
                    ]
                ],
                "interior": []
            }
        },
        {
            "id": 159570070,
            "classId": 6551258,
            "objectId": null,
            "description": "",
            "geometryType": "polygon",
            "labelerLogin": "inbox@datasetninja.com",
            "createdAt": "2024-03-12T15:49:53.478Z",
            "updatedAt": "2024-03-12T15:49:53.478Z",
            "tags": [
                {
                    "id": 122048533,
                    "tagId": 32511,
                    "name": "object id",
                    "value": 1012,
                    "labelerLogin": "inbox@datasetninja.com",
                    "createdAt": "2024-03-12T15:49:53.478Z",
                    "updatedAt": "2024-03-12T15:49:53.478Z"
                },
                {
                    "id": 122048534,
                    "tagId": 32513,
                    "name": "instance id",
                    "value": 12,
                    "labelerLogin": "inbox@datasetninja.com",
                    "createdAt": "2024-03-12T15:49:53.478Z",
                    "updatedAt": "2024-03-12T15:49:53.478Z"
                }
            ],
            "classTitle": "car",
            "points": {
                "exterior": [
                    [
                        755,
                        175
                    ],
                    [
                        754,
                        176
                    ],
                    [
                        746,
                        176
                    ],
                    [
                        745,
                        177
                    ],
                    [
                        741,
                        177
                    ],
                    [
                        742,
                        178
                    ],
                    [
                        741,
                        179
                    ],
                    [
                        739,
                        179
                    ],
                    [
                        738,
                        180
                    ],
                    [
                        735,
                        180
                    ],
                    [
                        734,
                        181
                    ],
                    [
                        732,
                        181
                    ],
                    [
                        731,
                        182
                    ],
                    [
                        727,
                        182
                    ],
                    [
                        726,
                        183
                    ],
                    [
                        725,
                        183
                    ],
                    [
                        724,
                        184
                    ],
                    [
                        722,
                        184
                    ],
                    [
                        716,
                        190
                    ],
                    [
                        716,
                        191
                    ],
                    [
                        714,
                        193
                    ],
                    [
                        714,
                        195
                    ],
                    [
                        713,
                        196
                    ],
                    [
                        713,
                        206
                    ],
                    [
                        712,
                        207
                    ],
                    [
                        712,
                        220
                    ],
                    [
                        713,
                        221
                    ],
                    [
                        713,
                        223
                    ],
                    [
                        714,
                        224
                    ],
                    [
                        714,
                        225
                    ],
                    [
                        715,
                        226
                    ],
                    [
                        716,
                        226
                    ],
                    [
                        717,
                        227
                    ],
                    [
                        718,
                        227
                    ],
                    [
                        719,
                        228
                    ],
                    [
                        724,
                        228
                    ],
                    [
                        725,
                        227
                    ],
                    [
                        726,
                        227
                    ],
                    [
                        727,
                        226
                    ],
                    [
                        727,
                        225
                    ],
                    [
                        728,
                        224
                    ],
                    [
                        728,
                        223
                    ],
                    [
                        729,
                        222
                    ],
                    [
                        741,
                        222
                    ],
                    [
                        742,
                        221
                    ],
                    [
                        752,
                        221
                    ],
                    [
                        753,
                        222
                    ],
                    [
                        753,
                        225
                    ],
                    [
                        757,
                        229
                    ],
                    [
                        765,
                        229
                    ],
                    [
                        769,
                        225
                    ],
                    [
                        769,
                        224
                    ],
                    [
                        770,
                        223
                    ],
                    [
                        770,
                        222
                    ],
                    [
                        771,
                        221
                    ],
                    [
                        774,
                        221
                    ],
                    [
                        775,
                        220
                    ],
                    [
                        782,
                        220
                    ],
                    [
                        783,
                        219
                    ],
                    [
                        790,
                        219
                    ],
                    [
                        791,
                        218
                    ],
                    [
                        798,
                        218
                    ],
                    [
                        799,
                        217
                    ],
                    [
                        802,
                        217
                    ],
                    [
                        803,
                        218
                    ],
                    [
                        803,
                        219
                    ],
                    [
                        804,
                        220
                    ],
                    [
                        804,
                        221
                    ],
                    [
                        805,
                        222
                    ],
                    [
                        807,
                        222
                    ],
                    [
                        808,
                        223
                    ],
                    [
                        810,
                        223
                    ],
                    [
                        812,
                        221
                    ],
                    [
                        813,
                        221
                    ],
                    [
                        816,
                        218
                    ],
                    [
                        816,
                        203
                    ],
                    [
                        815,
                        202
                    ],
                    [
                        815,
                        201
                    ],
                    [
                        814,
                        200
                    ],
                    [
                        814,
                        199
                    ],
                    [
                        813,
                        198
                    ],
                    [
                        813,
                        197
                    ],
                    [
                        812,
                        196
                    ],
                    [
                        812,
                        195
                    ],
                    [
                        811,
                        194
                    ],
                    [
                        810,
                        194
                    ],
                    [
                        809,
                        193
                    ],
                    [
                        806,
                        193
                    ],
                    [
                        805,
                        192
                    ],
                    [
                        804,
                        192
                    ],
                    [
                        803,
                        191
                    ],
                    [
                        803,
                        190
                    ],
                    [
                        799,
                        186
                    ],
                    [
                        798,
                        186
                    ],
                    [
                        793,
                        181
                    ],
                    [
                        792,
                        181
                    ],
                    [
                        790,
                        179
                    ],
                    [
                        789,
                        179
                    ],
                    [
                        788,
                        178
                    ],
                    [
                        786,
                        178
                    ],
                    [
                        785,
                        177
                    ],
                    [
                        782,
                        177
                    ],
                    [
                        781,
                        176
                    ],
                    [
                        779,
                        176
                    ],
                    [
                        778,
                        175
                    ]
                ],
                "interior": []
            }
        },
        {
            "id": 159570071,
            "classId": 6551258,
            "objectId": null,
            "description": "",
            "geometryType": "rectangle",
            "labelerLogin": "inbox@datasetninja.com",
            "createdAt": "2024-03-12T15:49:53.478Z",
            "updatedAt": "2024-03-12T15:49:53.478Z",
            "tags": [
                {
                    "id": 122048535,
                    "tagId": 32511,
                    "name": "object id",
                    "value": 1012,
                    "labelerLogin": "inbox@datasetninja.com",
                    "createdAt": "2024-03-12T15:49:53.478Z",
                    "updatedAt": "2024-03-12T15:49:53.478Z"
                },
                {
                    "id": 122048536,
                    "tagId": 32513,
                    "name": "instance id",
                    "value": 12,
                    "labelerLogin": "inbox@datasetninja.com",
                    "createdAt": "2024-03-12T15:49:53.478Z",
                    "updatedAt": "2024-03-12T15:49:53.478Z"
                }
            ],
            "classTitle": "car",
            "points": {
                "exterior": [
                    [
                        712,
                        175
                    ],
                    [
                        816,
                        229
                    ]
                ],
                "interior": []
            }
        },
        {
            "id": 159570072,
            "classId": 6551258,
            "objectId": null,
            "description": "",
            "geometryType": "polygon",
            "labelerLogin": "inbox@datasetninja.com",
            "createdAt": "2024-03-12T15:49:53.479Z",
            "updatedAt": "2024-03-12T15:49:53.479Z",
            "tags": [
                {
                    "id": 122048537,
                    "tagId": 32511,
                    "name": "object id",
                    "value": 1013,
                    "labelerLogin": "inbox@datasetninja.com",
                    "createdAt": "2024-03-12T15:49:53.479Z",
                    "updatedAt": "2024-03-12T15:49:53.479Z"
                },
                {
                    "id": 122048538,
                    "tagId": 32513,
                    "name": "instance id",
                    "value": 13,
                    "labelerLogin": "inbox@datasetninja.com",
                    "createdAt": "2024-03-12T15:49:53.479Z",
                    "updatedAt": "2024-03-12T15:49:53.479Z"
                }
            ],
            "classTitle": "car",
            "points": {
                "exterior": [
                    [
                        736,
                        177
                    ],
                    [
                        735,
                        178
                    ],
                    [
                        726,
                        178
                    ],
                    [
                        725,
                        179
                    ],
                    [
                        721,
                        179
                    ],
                    [
                        720,
                        180
                    ],
                    [
                        715,
                        180
                    ],
                    [
                        714,
                        181
                    ],
                    [
                        713,
                        181
                    ],
                    [
                        712,
                        182
                    ],
                    [
                        711,
                        182
                    ],
                    [
                        709,
                        184
                    ],
                    [
                        709,
                        185
                    ],
                    [
                        707,
                        187
                    ],
                    [
                        707,
                        188
                    ],
                    [
                        703,
                        192
                    ],
                    [
                        703,
                        195
                    ],
                    [
                        702,
                        196
                    ],
                    [
                        702,
                        198
                    ],
                    [
                        701,
                        199
                    ],
                    [
                        701,
                        201
                    ],
                    [
                        699,
                        203
                    ],
                    [
                        699,
                        213
                    ],
                    [
                        700,
                        214
                    ],
                    [
                        700,
                        215
                    ],
                    [
                        702,
                        217
                    ],
                    [
                        702,
                        219
                    ],
                    [
                        703,
                        220
                    ],
                    [
                        703,
                        221
                    ],
                    [
                        704,
                        222
                    ],
                    [
                        711,
                        222
                    ],
                    [
                        711,
                        207
                    ],
                    [
                        712,
                        206
                    ],
                    [
                        712,
                        196
                    ],
                    [
                        713,
                        195
                    ],
                    [
                        713,
                        193
                    ],
                    [
                        715,
                        191
                    ],
                    [
                        715,
                        190
                    ],
                    [
                        722,
                        183
                    ],
                    [
                        724,
                        183
                    ],
                    [
                        725,
                        182
                    ],
                    [
                        726,
                        182
                    ],
                    [
                        727,
                        181
                    ],
                    [
                        731,
                        181
                    ],
                    [
                        732,
                        180
                    ],
                    [
                        734,
                        180
                    ],
                    [
                        735,
                        179
                    ],
                    [
                        738,
                        179
                    ],
                    [
                        739,
                        178
                    ],
                    [
                        741,
                        178
                    ],
                    [
                        740,
                        177
                    ]
                ],
                "interior": []
            }
        },
        {
            "id": 159570073,
            "classId": 6551258,
            "objectId": null,
            "description": "",
            "geometryType": "rectangle",
            "labelerLogin": "inbox@datasetninja.com",
            "createdAt": "2024-03-12T15:49:53.479Z",
            "updatedAt": "2024-03-12T15:49:53.479Z",
            "tags": [
                {
                    "id": 122048539,
                    "tagId": 32511,
                    "name": "object id",
                    "value": 1013,
                    "labelerLogin": "inbox@datasetninja.com",
                    "createdAt": "2024-03-12T15:49:53.479Z",
                    "updatedAt": "2024-03-12T15:49:53.479Z"
                },
                {
                    "id": 122048540,
                    "tagId": 32513,
                    "name": "instance id",
                    "value": 13,
                    "labelerLogin": "inbox@datasetninja.com",
                    "createdAt": "2024-03-12T15:49:53.479Z",
                    "updatedAt": "2024-03-12T15:49:53.479Z"
                }
            ],
            "classTitle": "car",
            "points": {
                "exterior": [
                    [
                        699,
                        177
                    ],
                    [
                        741,
                        222
                    ]
                ],
                "interior": []
            }
        },
        {
            "id": 159570074,
            "classId": 6551258,
            "objectId": null,
            "description": "",
            "geometryType": "polygon",
            "labelerLogin": "inbox@datasetninja.com",
            "createdAt": "2024-03-12T15:49:53.480Z",
            "updatedAt": "2024-03-12T15:49:53.480Z",
            "tags": [
                {
                    "id": 122048541,
                    "tagId": 32511,
                    "name": "object id",
                    "value": 1014,
                    "labelerLogin": "inbox@datasetninja.com",
                    "createdAt": "2024-03-12T15:49:53.480Z",
                    "updatedAt": "2024-03-12T15:49:53.480Z"
                },
                {
                    "id": 122048542,
                    "tagId": 32513,
                    "name": "instance id",
                    "value": 14,
                    "labelerLogin": "inbox@datasetninja.com",
                    "createdAt": "2024-03-12T15:49:53.480Z",
                    "updatedAt": "2024-03-12T15:49:53.480Z"
                }
            ],
            "classTitle": "car",
            "points": {
                "exterior": [
                    [
                        701,
                        180
                    ],
                    [
                        700,
                        181
                    ],
                    [
                        695,
                        181
                    ],
                    [
                        694,
                        182
                    ],
                    [
                        690,
                        182
                    ],
                    [
                        689,
                        183
                    ],
                    [
                        688,
                        183
                    ],
                    [
                        688,
                        184
                    ],
                    [
                        687,
                        185
                    ],
                    [
                        686,
                        185
                    ],
                    [
                        679,
                        192
                    ],
                    [
                        679,
                        193
                    ],
                    [
                        676,
                        196
                    ],
                    [
                        676,
                        198
                    ],
                    [
                        675,
                        199
                    ],
                    [
                        675,
                        200
                    ],
                    [
                        676,
                        201
                    ],
                    [
                        676,
                        202
                    ],
                    [
                        675,
                        203
                    ],
                    [
                        675,
                        206
                    ],
                    [
                        676,
                        207
                    ],
                    [
                        676,
                        209
                    ],
                    [
                        679,
                        212
                    ],
                    [
                        679,
                        213
                    ],
                    [
                        682,
                        216
                    ],
                    [
                        682,
                        217
                    ],
                    [
                        683,
                        218
                    ],
                    [
                        689,
                        218
                    ],
                    [
                        693,
                        214
                    ],
                    [
                        697,
                        214
                    ],
                    [
                        698,
                        213
                    ],
                    [
                        698,
                        203
                    ],
                    [
                        700,
                        201
                    ],
                    [
                        700,
                        199
                    ],
                    [
                        701,
                        198
                    ],
                    [
                        701,
                        196
                    ],
                    [
                        702,
                        195
                    ],
                    [
                        702,
                        192
                    ],
                    [
                        706,
                        188
                    ],
                    [
                        706,
                        187
                    ],
                    [
                        708,
                        185
                    ],
                    [
                        708,
                        184
                    ],
                    [
                        711,
                        181
                    ],
                    [
                        711,
                        180
                    ]
                ],
                "interior": []
            }
        },
        {
            "id": 159570075,
            "classId": 6551258,
            "objectId": null,
            "description": "",
            "geometryType": "rectangle",
            "labelerLogin": "inbox@datasetninja.com",
            "createdAt": "2024-03-12T15:49:53.480Z",
            "updatedAt": "2024-03-12T15:49:53.480Z",
            "tags": [
                {
                    "id": 122048543,
                    "tagId": 32511,
                    "name": "object id",
                    "value": 1014,
                    "labelerLogin": "inbox@datasetninja.com",
                    "createdAt": "2024-03-12T15:49:53.480Z",
                    "updatedAt": "2024-03-12T15:49:53.480Z"
                },
                {
                    "id": 122048544,
                    "tagId": 32513,
                    "name": "instance id",
                    "value": 14,
                    "labelerLogin": "inbox@datasetninja.com",
                    "createdAt": "2024-03-12T15:49:53.480Z",
                    "updatedAt": "2024-03-12T15:49:53.480Z"
                }
            ],
            "classTitle": "car",
            "points": {
                "exterior": [
                    [
                        675,
                        180
                    ],
                    [
                        711,
                        218
                    ]
                ],
                "interior": []
            }
        },
        {
            "id": 159570076,
            "classId": 6551258,
            "objectId": null,
            "description": "",
            "geometryType": "polygon",
            "labelerLogin": "inbox@datasetninja.com",
            "createdAt": "2024-03-12T15:49:53.481Z",
            "updatedAt": "2024-03-12T15:49:53.481Z",
            "tags": [
                {
                    "id": 122048545,
                    "tagId": 32511,
                    "name": "object id",
                    "value": 1015,
                    "labelerLogin": "inbox@datasetninja.com",
                    "createdAt": "2024-03-12T15:49:53.481Z",
                    "updatedAt": "2024-03-12T15:49:53.481Z"
                },
                {
                    "id": 122048546,
                    "tagId": 32513,
                    "name": "instance id",
                    "value": 15,
                    "labelerLogin": "inbox@datasetninja.com",
                    "createdAt": "2024-03-12T15:49:53.481Z",
                    "updatedAt": "2024-03-12T15:49:53.481Z"
                }
            ],
            "classTitle": "car",
            "points": {
                "exterior": [
                    [
                        690,
                        176
                    ],
                    [
                        689,
                        177
                    ],
                    [
                        684,
                        177
                    ],
                    [
                        683,
                        178
                    ],
                    [
                        678,
                        178
                    ],
                    [
                        677,
                        179
                    ],
                    [
                        674,
                        179
                    ],
                    [
                        673,
                        180
                    ],
                    [
                        672,
                        180
                    ],
                    [
                        671,
                        181
                    ],
                    [
                        670,
                        181
                    ],
                    [
                        667,
                        184
                    ],
                    [
                        667,
                        185
                    ],
                    [
                        665,
                        187
                    ],
                    [
                        665,
                        188
                    ],
                    [
                        663,
                        190
                    ],
                    [
                        663,
                        191
                    ],
                    [
                        662,
                        192
                    ],
                    [
                        662,
                        197
                    ],
                    [
                        661,
                        198
                    ],
                    [
                        661,
                        202
                    ],
                    [
                        662,
                        203
                    ],
                    [
                        662,
                        206
                    ],
                    [
                        663,
                        206
                    ],
                    [
                        667,
                        210
                    ],
                    [
                        667,
                        211
                    ],
                    [
                        669,
                        213
                    ],
                    [
                        673,
                        213
                    ],
                    [
                        675,
                        211
                    ],
                    [
                        675,
                        207
                    ],
                    [
                        674,
                        206
                    ],
                    [
                        674,
                        203
                    ],
                    [
                        675,
                        202
                    ],
                    [
                        675,
                        201
                    ],
                    [
                        674,
                        200
                    ],
                    [
                        674,
                        199
                    ],
                    [
                        675,
                        198
                    ],
                    [
                        675,
                        196
                    ],
                    [
                        678,
                        193
                    ],
                    [
                        678,
                        192
                    ],
                    [
                        686,
                        184
                    ],
                    [
                        687,
                        184
                    ],
                    [
                        687,
                        183
                    ],
                    [
                        688,
                        182
                    ],
                    [
                        689,
                        182
                    ],
                    [
                        690,
                        181
                    ],
                    [
                        692,
                        181
                    ],
                    [
                        693,
                        180
                    ],
                    [
                        696,
                        180
                    ],
                    [
                        697,
                        179
                    ],
                    [
                        701,
                        179
                    ],
                    [
                        702,
                        178
                    ],
                    [
                        718,
                        178
                    ],
                    [
                        718,
                        177
                    ],
                    [
                        717,
                        177
                    ],
                    [
                        716,
                        176
                    ]
                ],
                "interior": []
            }
        },
        {
            "id": 159570077,
            "classId": 6551258,
            "objectId": null,
            "description": "",
            "geometryType": "rectangle",
            "labelerLogin": "inbox@datasetninja.com",
            "createdAt": "2024-03-12T15:49:53.482Z",
            "updatedAt": "2024-03-12T15:49:53.482Z",
            "tags": [
                {
                    "id": 122048547,
                    "tagId": 32511,
                    "name": "object id",
                    "value": 1015,
                    "labelerLogin": "inbox@datasetninja.com",
                    "createdAt": "2024-03-12T15:49:53.481Z",
                    "updatedAt": "2024-03-12T15:49:53.481Z"
                },
                {
                    "id": 122048548,
                    "tagId": 32513,
                    "name": "instance id",
                    "value": 15,
                    "labelerLogin": "inbox@datasetninja.com",
                    "createdAt": "2024-03-12T15:49:53.481Z",
                    "updatedAt": "2024-03-12T15:49:53.481Z"
                }
            ],
            "classTitle": "car",
            "points": {
                "exterior": [
                    [
                        661,
                        176
                    ],
                    [
                        718,
                        213
                    ]
                ],
                "interior": []
            }
        },
        {
            "id": 159570078,
            "classId": 6551259,
            "objectId": null,
            "description": "",
            "geometryType": "polygon",
            "labelerLogin": "inbox@datasetninja.com",
            "createdAt": "2024-03-12T15:49:53.482Z",
            "updatedAt": "2024-03-12T15:49:53.482Z",
            "tags": [],
            "classTitle": "ignore region",
            "points": {
                "exterior": [
                    [
                        855,
                        179
                    ],
                    [
                        855,
                        207
                    ],
                    [
                        873,
                        207
                    ],
                    [
                        873,
                        179
                    ]
                ],
                "interior": []
            }
        },
        {
            "id": 159570079,
            "classId": 6551259,
            "objectId": null,
            "description": "",
            "geometryType": "rectangle",
            "labelerLogin": "inbox@datasetninja.com",
            "createdAt": "2024-03-12T15:49:53.482Z",
            "updatedAt": "2024-03-12T15:49:53.482Z",
            "tags": [],
            "classTitle": "ignore region",
            "points": {
                "exterior": [
                    [
                        855,
                        179
                    ],
                    [
                        873,
                        207
                    ]
                ],
                "interior": []
            }
        },
        {
            "id": 159570080,
            "classId": 6551259,
            "objectId": null,
            "description": "",
            "geometryType": "polygon",
            "labelerLogin": "inbox@datasetninja.com",
            "createdAt": "2024-03-12T15:49:53.483Z",
            "updatedAt": "2024-03-12T15:49:53.483Z",
            "tags": [],
            "classTitle": "ignore region",
            "points": {
                "exterior": [
                    [
                        476,
                        177
                    ],
                    [
                        476,
                        195
                    ],
                    [
                        591,
                        195
                    ],
                    [
                        590,
                        194
                    ],
                    [
                        590,
                        190
                    ],
                    [
                        591,
                        189
                    ],
                    [
                        592,
                        189
                    ],
                    [
                        595,
                        186
                    ],
                    [
                        595,
                        185
                    ],
                    [
                        596,
                        184
                    ],
                    [
                        596,
                        183
                    ],
                    [
                        599,
                        180
                    ],
                    [
                        600,
                        180
                    ],
                    [
                        601,
                        179
                    ],
                    [
                        606,
                        179
                    ],
                    [
                        607,
                        178
                    ],
                    [
                        616,
                        178
                    ],
                    [
                        617,
                        179
                    ],
                    [
                        619,
                        179
                    ],
                    [
                        619,
                        177
                    ]
                ],
                "interior": []
            }
        },
        {
            "id": 159570081,
            "classId": 6551259,
            "objectId": null,
            "description": "",
            "geometryType": "rectangle",
            "labelerLogin": "inbox@datasetninja.com",
            "createdAt": "2024-03-12T15:49:53.483Z",
            "updatedAt": "2024-03-12T15:49:53.483Z",
            "tags": [],
            "classTitle": "ignore region",
            "points": {
                "exterior": [
                    [
                        476,
                        177
                    ],
                    [
                        619,
                        195
                    ]
                ],
                "interior": []
            }
        },
        {
            "id": 159570082,
            "classId": 6551259,
            "objectId": null,
            "description": "",
            "geometryType": "polygon",
            "labelerLogin": "inbox@datasetninja.com",
            "createdAt": "2024-03-12T15:49:53.483Z",
            "updatedAt": "2024-03-12T15:49:53.483Z",
            "tags": [],
            "classTitle": "ignore region",
            "points": {
                "exterior": [
                    [
                        632,
                        174
                    ],
                    [
                        632,
                        184
                    ],
                    [
                        633,
                        185
                    ],
                    [
                        633,
                        186
                    ],
                    [
                        634,
                        187
                    ],
                    [
                        634,
                        188
                    ],
                    [
                        635,
                        189
                    ],
                    [
                        635,
                        191
                    ],
                    [
                        646,
                        191
                    ],
                    [
                        647,
                        192
                    ],
                    [
                        647,
                        197
                    ],
                    [
                        661,
                        197
                    ],
                    [
                        661,
                        192
                    ],
                    [
                        662,
                        191
                    ],
                    [
                        662,
                        190
                    ],
                    [
                        664,
                        188
                    ],
                    [
                        664,
                        187
                    ],
                    [
                        666,
                        185
                    ],
                    [
                        666,
                        184
                    ],
                    [
                        670,
                        180
                    ],
                    [
                        671,
                        180
                    ],
                    [
                        672,
                        179
                    ],
                    [
                        672,
                        174
                    ]
                ],
                "interior": []
            }
        },
        {
            "id": 159570083,
            "classId": 6551259,
            "objectId": null,
            "description": "",
            "geometryType": "rectangle",
            "labelerLogin": "inbox@datasetninja.com",
            "createdAt": "2024-03-12T15:49:53.483Z",
            "updatedAt": "2024-03-12T15:49:53.483Z",
            "tags": [],
            "classTitle": "ignore region",
            "points": {
                "exterior": [
                    [
                        632,
                        174
                    ],
                    [
                        672,
                        197
                    ]
                ],
                "interior": []
            }
        },
        {
            "id": 159570084,
            "classId": 6551259,
            "objectId": null,
            "description": "",
            "geometryType": "polygon",
            "labelerLogin": "inbox@datasetninja.com",
            "createdAt": "2024-03-12T15:49:53.484Z",
            "updatedAt": "2024-03-12T15:49:53.484Z",
            "tags": [],
            "classTitle": "ignore region",
            "points": {
                "exterior": [
                    [
                        887,
                        165
                    ],
                    [
                        887,
                        187
                    ],
                    [
                        910,
                        187
                    ],
                    [
                        910,
                        165
                    ]
                ],
                "interior": []
            }
        },
        {
            "id": 159570085,
            "classId": 6551259,
            "objectId": null,
            "description": "",
            "geometryType": "rectangle",
            "labelerLogin": "inbox@datasetninja.com",
            "createdAt": "2024-03-12T15:49:53.484Z",
            "updatedAt": "2024-03-12T15:49:53.484Z",
            "tags": [],
            "classTitle": "ignore region",
            "points": {
                "exterior": [
                    [
                        887,
                        165
                    ],
                    [
                        910,
                        187
                    ]
                ],
                "interior": []
            }
        }
    ]
}