{
    "description": "",
    "tags": [
        {
            "id": 21887266,
            "tagId": 32512,
            "name": "sequence",
            "value": "0011",
            "labelerLogin": "inbox@datasetninja.com",
            "createdAt": "2024-03-12T15:50:00.285Z",
            "updatedAt": "2024-03-12T15:50:00.285Z"
        }
    ],
    "size": {
        "height": 375,
        "width": 1242
    },
    "objects": [
        {
            "id": 159570930,
            "classId": 6551258,
            "objectId": null,
            "description": "",
            "geometryType": "polygon",
            "labelerLogin": "inbox@datasetninja.com",
            "createdAt": "2024-03-12T15:50:00.288Z",
            "updatedAt": "2024-03-12T15:50:00.288Z",
            "tags": [
                {
                    "id": 122049817,
                    "tagId": 32511,
                    "name": "object id",
                    "value": 1000,
                    "labelerLogin": "inbox@datasetninja.com",
                    "createdAt": "2024-03-12T15:50:00.286Z",
                    "updatedAt": "2024-03-12T15:50:00.286Z"
                },
                {
                    "id": 122049818,
                    "tagId": 32513,
                    "name": "instance id",
                    "value": 0,
                    "labelerLogin": "inbox@datasetninja.com",
                    "createdAt": "2024-03-12T15:50:00.286Z",
                    "updatedAt": "2024-03-12T15:50:00.286Z"
                }
            ],
            "classTitle": "car",
            "points": {
                "exterior": [
                    [
                        594,
                        185
                    ],
                    [
                        593,
                        186
                    ],
                    [
                        588,
                        186
                    ],
                    [
                        587,
                        187
                    ],
                    [
                        586,
                        187
                    ],
                    [
                        585,
                        188
                    ],
                    [
                        584,
                        188
                    ],
                    [
                        583,
                        189
                    ],
                    [
                        582,
                        189
                    ],
                    [
                        581,
                        190
                    ],
                    [
                        581,
                        191
                    ],
                    [
                        580,
                        192
                    ],
                    [
                        580,
                        193
                    ],
                    [
                        579,
                        194
                    ],
                    [
                        579,
                        195
                    ],
                    [
                        578,
                        196
                    ],
                    [
                        578,
                        197
                    ],
                    [
                        577,
                        198
                    ],
                    [
                        577,
                        200
                    ],
                    [
                        576,
                        201
                    ],
                    [
                        576,
                        202
                    ],
                    [
                        574,
                        204
                    ],
                    [
                        570,
                        204
                    ],
                    [
                        569,
                        205
                    ],
                    [
                        568,
                        205
                    ],
                    [
                        567,
                        206
                    ],
                    [
                        567,
                        208
                    ],
                    [
                        566,
                        209
                    ],
                    [
                        567,
                        210
                    ],
                    [
                        567,
                        211
                    ],
                    [
                        568,
                        211
                    ],
                    [
                        569,
                        212
                    ],
                    [
                        570,
                        212
                    ],
                    [
                        572,
                        214
                    ],
                    [
                        572,
                        218
                    ],
                    [
                        571,
                        219
                    ],
                    [
                        571,
                        221
                    ],
                    [
                        570,
                        222
                    ],
                    [
                        570,
                        224
                    ],
                    [
                        569,
                        225
                    ],
                    [
                        569,
                        242
                    ],
                    [
                        568,
                        243
                    ],
                    [
                        568,
                        268
                    ],
                    [
                        570,
                        270
                    ],
                    [
                        571,
                        270
                    ],
                    [
                        572,
                        271
                    ],
                    [
                        577,
                        271
                    ],
                    [
                        578,
                        270
                    ],
                    [
                        579,
                        270
                    ],
                    [
                        580,
                        269
                    ],
                    [
                        580,
                        268
                    ],
                    [
                        581,
                        267
                    ],
                    [
                        581,
                        265
                    ],
                    [
                        584,
                        262
                    ],
                    [
                        591,
                        262
                    ],
                    [
                        592,
                        263
                    ],
                    [
                        605,
                        263
                    ],
                    [
                        606,
                        264
                    ],
                    [
                        612,
                        264
                    ],
                    [
                        613,
                        265
                    ],
                    [
                        628,
                        265
                    ],
                    [
                        629,
                        264
                    ],
                    [
                        639,
                        264
                    ],
                    [
                        640,
                        265
                    ],
                    [
                        642,
                        265
                    ],
                    [
                        646,
                        269
                    ],
                    [
                        649,
                        269
                    ],
                    [
                        650,
                        270
                    ],
                    [
                        653,
                        270
                    ],
                    [
                        654,
                        269
                    ],
                    [
                        656,
                        269
                    ],
                    [
                        656,
                        268
                    ],
                    [
                        657,
                        267
                    ],
                    [
                        657,
                        266
                    ],
                    [
                        658,
                        265
                    ],
                    [
                        658,
                        261
                    ],
                    [
                        659,
                        260
                    ],
                    [
                        659,
                        251
                    ],
                    [
                        660,
                        250
                    ],
                    [
                        660,
                        232
                    ],
                    [
                        659,
                        231
                    ],
                    [
                        659,
                        227
                    ],
                    [
                        658,
                        226
                    ],
                    [
                        658,
                        224
                    ],
                    [
                        657,
                        223
                    ],
                    [
                        657,
                        218
                    ],
                    [
                        656,
                        217
                    ],
                    [
                        656,
                        214
                    ],
                    [
                        657,
                        213
                    ],
                    [
                        657,
                        210
                    ],
                    [
                        656,
                        209
                    ],
                    [
                        656,
                        208
                    ],
                    [
                        652,
                        204
                    ],
                    [
                        652,
                        203
                    ],
                    [
                        651,
                        202
                    ],
                    [
                        651,
                        201
                    ],
                    [
                        650,
                        200
                    ],
                    [
                        650,
                        199
                    ],
                    [
                        649,
                        198
                    ],
                    [
                        649,
                        196
                    ],
                    [
                        647,
                        194
                    ],
                    [
                        647,
                        193
                    ],
                    [
                        646,
                        192
                    ],
                    [
                        646,
                        191
                    ],
                    [
                        645,
                        190
                    ],
                    [
                        645,
                        189
                    ],
                    [
                        644,
                        188
                    ],
                    [
                        643,
                        188
                    ],
                    [
                        642,
                        187
                    ],
                    [
                        641,
                        187
                    ],
                    [
                        640,
                        186
                    ],
                    [
                        638,
                        186
                    ],
                    [
                        637,
                        185
                    ]
                ],
                "interior": []
            }
        },
        {
            "id": 159570931,
            "classId": 6551258,
            "objectId": null,
            "description": "",
            "geometryType": "rectangle",
            "labelerLogin": "inbox@datasetninja.com",
            "createdAt": "2024-03-12T15:50:00.289Z",
            "updatedAt": "2024-03-12T15:50:00.289Z",
            "tags": [
                {
                    "id": 122049819,
                    "tagId": 32511,
                    "name": "object id",
                    "value": 1000,
                    "labelerLogin": "inbox@datasetninja.com",
                    "createdAt": "2024-03-12T15:50:00.289Z",
                    "updatedAt": "2024-03-12T15:50:00.289Z"
                },
                {
                    "id": 122049820,
                    "tagId": 32513,
                    "name": "instance id",
                    "value": 0,
                    "labelerLogin": "inbox@datasetninja.com",
                    "createdAt": "2024-03-12T15:50:00.289Z",
                    "updatedAt": "2024-03-12T15:50:00.289Z"
                }
            ],
            "classTitle": "car",
            "points": {
                "exterior": [
                    [
                        566,
                        185
                    ],
                    [
                        660,
                        271
                    ]
                ],
                "interior": []
            }
        },
        {
            "id": 159570932,
            "classId": 6551258,
            "objectId": null,
            "description": "",
            "geometryType": "polygon",
            "labelerLogin": "inbox@datasetninja.com",
            "createdAt": "2024-03-12T15:50:00.289Z",
            "updatedAt": "2024-03-12T15:50:00.289Z",
            "tags": [
                {
                    "id": 122049821,
                    "tagId": 32511,
                    "name": "object id",
                    "value": 1053,
                    "labelerLogin": "inbox@datasetninja.com",
                    "createdAt": "2024-03-12T15:50:00.289Z",
                    "updatedAt": "2024-03-12T15:50:00.289Z"
                },
                {
                    "id": 122049822,
                    "tagId": 32513,
                    "name": "instance id",
                    "value": 53,
                    "labelerLogin": "inbox@datasetninja.com",
                    "createdAt": "2024-03-12T15:50:00.289Z",
                    "updatedAt": "2024-03-12T15:50:00.289Z"
                }
            ],
            "classTitle": "car",
            "points": {
                "exterior": [
                    [
                        8,
                        203
                    ],
                    [
                        8,
                        228
                    ],
                    [
                        7,
                        229
                    ],
                    [
                        7,
                        230
                    ],
                    [
                        8,
                        231
                    ],
                    [
                        8,
                        235
                    ],
                    [
                        15,
                        235
                    ],
                    [
                        16,
                        236
                    ],
                    [
                        17,
                        236
                    ],
                    [
                        18,
                        235
                    ],
                    [
                        20,
                        235
                    ],
                    [
                        23,
                        232
                    ],
                    [
                        24,
                        232
                    ],
                    [
                        25,
                        231
                    ],
                    [
                        33,
                        231
                    ],
                    [
                        35,
                        233
                    ],
                    [
                        35,
                        234
                    ],
                    [
                        41,
                        234
                    ],
                    [
                        42,
                        233
                    ],
                    [
                        43,
                        233
                    ],
                    [
                        45,
                        231
                    ],
                    [
                        45,
                        230
                    ],
                    [
                        46,
                        229
                    ],
                    [
                        46,
                        228
                    ],
                    [
                        47,
                        227
                    ],
                    [
                        48,
                        227
                    ],
                    [
                        49,
                        226
                    ],
                    [
                        51,
                        226
                    ],
                    [
                        52,
                        225
                    ],
                    [
                        53,
                        225
                    ],
                    [
                        54,
                        224
                    ],
                    [
                        55,
                        224
                    ],
                    [
                        55,
                        221
                    ],
                    [
                        56,
                        220
                    ],
                    [
                        54,
                        218
                    ],
                    [
                        54,
                        217
                    ],
                    [
                        53,
                        216
                    ],
                    [
                        52,
                        216
                    ],
                    [
                        51,
                        215
                    ],
                    [
                        46,
                        215
                    ],
                    [
                        45,
                        214
                    ],
                    [
                        40,
                        214
                    ],
                    [
                        39,
                        213
                    ],
                    [
                        34,
                        213
                    ],
                    [
                        33,
                        212
                    ],
                    [
                        28,
                        212
                    ],
                    [
                        27,
                        211
                    ],
                    [
                        23,
                        211
                    ],
                    [
                        22,
                        210
                    ],
                    [
                        21,
                        210
                    ],
                    [
                        15,
                        204
                    ],
                    [
                        14,
                        204
                    ],
                    [
                        13,
                        203
                    ]
                ],
                "interior": []
            }
        },
        {
            "id": 159570933,
            "classId": 6551258,
            "objectId": null,
            "description": "",
            "geometryType": "rectangle",
            "labelerLogin": "inbox@datasetninja.com",
            "createdAt": "2024-03-12T15:50:00.290Z",
            "updatedAt": "2024-03-12T15:50:00.290Z",
            "tags": [
                {
                    "id": 122049823,
                    "tagId": 32511,
                    "name": "object id",
                    "value": 1053,
                    "labelerLogin": "inbox@datasetninja.com",
                    "createdAt": "2024-03-12T15:50:00.290Z",
                    "updatedAt": "2024-03-12T15:50:00.290Z"
                },
                {
                    "id": 122049824,
                    "tagId": 32513,
                    "name": "instance id",
                    "value": 53,
                    "labelerLogin": "inbox@datasetninja.com",
                    "createdAt": "2024-03-12T15:50:00.290Z",
                    "updatedAt": "2024-03-12T15:50:00.290Z"
                }
            ],
            "classTitle": "car",
            "points": {
                "exterior": [
                    [
                        7,
                        203
                    ],
                    [
                        56,
                        236
                    ]
                ],
                "interior": []
            }
        },
        {
            "id": 159570934,
            "classId": 6551258,
            "objectId": null,
            "description": "",
            "geometryType": "polygon",
            "labelerLogin": "inbox@datasetninja.com",
            "createdAt": "2024-03-12T15:50:00.290Z",
            "updatedAt": "2024-03-12T15:50:00.290Z",
            "tags": [
                {
                    "id": 122049825,
                    "tagId": 32511,
                    "name": "object id",
                    "value": 1053,
                    "labelerLogin": "inbox@datasetninja.com",
                    "createdAt": "2024-03-12T15:50:00.290Z",
                    "updatedAt": "2024-03-12T15:50:00.290Z"
                },
                {
                    "id": 122049826,
                    "tagId": 32513,
                    "name": "instance id",
                    "value": 53,
                    "labelerLogin": "inbox@datasetninja.com",
                    "createdAt": "2024-03-12T15:50:00.290Z",
                    "updatedAt": "2024-03-12T15:50:00.290Z"
                }
            ],
            "classTitle": "car",
            "points": {
                "exterior": [
                    [
                        0,
                        201
                    ],
                    [
                        0,
                        233
                    ],
                    [
                        2,
                        233
                    ],
                    [
                        3,
                        232
                    ],
                    [
                        3,
                        218
                    ],
                    [
                        2,
                        217
                    ],
                    [
                        2,
                        202
                    ],
                    [
                        1,
                        201
                    ]
                ],
                "interior": []
            }
        },
        {
            "id": 159570935,
            "classId": 6551258,
            "objectId": null,
            "description": "",
            "geometryType": "rectangle",
            "labelerLogin": "inbox@datasetninja.com",
            "createdAt": "2024-03-12T15:50:00.291Z",
            "updatedAt": "2024-03-12T15:50:00.291Z",
            "tags": [
                {
                    "id": 122049827,
                    "tagId": 32511,
                    "name": "object id",
                    "value": 1053,
                    "labelerLogin": "inbox@datasetninja.com",
                    "createdAt": "2024-03-12T15:50:00.291Z",
                    "updatedAt": "2024-03-12T15:50:00.291Z"
                },
                {
                    "id": 122049828,
                    "tagId": 32513,
                    "name": "instance id",
                    "value": 53,
                    "labelerLogin": "inbox@datasetninja.com",
                    "createdAt": "2024-03-12T15:50:00.291Z",
                    "updatedAt": "2024-03-12T15:50:00.291Z"
                }
            ],
            "classTitle": "car",
            "points": {
                "exterior": [
                    [
                        0,
                        201
                    ],
                    [
                        3,
                        233
                    ]
                ],
                "interior": []
            }
        },
        {
            "id": 159570936,
            "classId": 6551257,
            "objectId": null,
            "description": "",
            "geometryType": "polygon",
            "labelerLogin": "inbox@datasetninja.com",
            "createdAt": "2024-03-12T15:50:00.292Z",
            "updatedAt": "2024-03-12T15:50:00.292Z",
            "tags": [
                {
                    "id": 122049829,
                    "tagId": 32511,
                    "name": "object id",
                    "value": 2045,
                    "labelerLogin": "inbox@datasetninja.com",
                    "createdAt": "2024-03-12T15:50:00.292Z",
                    "updatedAt": "2024-03-12T15:50:00.292Z"
                },
                {
                    "id": 122049830,
                    "tagId": 32513,
                    "name": "instance id",
                    "value": 45,
                    "labelerLogin": "inbox@datasetninja.com",
                    "createdAt": "2024-03-12T15:50:00.292Z",
                    "updatedAt": "2024-03-12T15:50:00.292Z"
                }
            ],
            "classTitle": "pedestrian",
            "points": {
                "exterior": [
                    [
                        913,
                        173
                    ],
                    [
                        912,
                        174
                    ],
                    [
                        912,
                        183
                    ],
                    [
                        911,
                        184
                    ],
                    [
                        911,
                        185
                    ],
                    [
                        910,
                        186
                    ],
                    [
                        910,
                        188
                    ],
                    [
                        909,
                        189
                    ],
                    [
                        909,
                        207
                    ],
                    [
                        910,
                        208
                    ],
                    [
                        910,
                        210
                    ],
                    [
                        912,
                        212
                    ],
                    [
                        913,
                        212
                    ],
                    [
                        914,
                        213
                    ],
                    [
                        914,
                        214
                    ],
                    [
                        915,
                        215
                    ],
                    [
                        915,
                        216
                    ],
                    [
                        916,
                        217
                    ],
                    [
                        916,
                        221
                    ],
                    [
                        915,
                        222
                    ],
                    [
                        915,
                        224
                    ],
                    [
                        914,
                        225
                    ],
                    [
                        914,
                        227
                    ],
                    [
                        911,
                        230
                    ],
                    [
                        911,
                        231
                    ],
                    [
                        910,
                        232
                    ],
                    [
                        910,
                        236
                    ],
                    [
                        913,
                        239
                    ],
                    [
                        914,
                        239
                    ],
                    [
                        915,
                        240
                    ],
                    [
                        916,
                        240
                    ],
                    [
                        917,
                        241
                    ],
                    [
                        919,
                        241
                    ],
                    [
                        920,
                        240
                    ],
                    [
                        923,
                        240
                    ],
                    [
                        923,
                        238
                    ],
                    [
                        922,
                        237
                    ],
                    [
                        922,
                        226
                    ],
                    [
                        923,
                        225
                    ],
                    [
                        923,
                        220
                    ],
                    [
                        924,
                        219
                    ],
                    [
                        924,
                        213
                    ],
                    [
                        925,
                        212
                    ],
                    [
                        925,
                        207
                    ],
                    [
                        927,
                        205
                    ],
                    [
                        928,
                        206
                    ],
                    [
                        928,
                        207
                    ],
                    [
                        929,
                        208
                    ],
                    [
                        929,
                        209
                    ],
                    [
                        931,
                        209
                    ],
                    [
                        931,
                        204
                    ],
                    [
                        930,
                        203
                    ],
                    [
                        930,
                        201
                    ],
                    [
                        927,
                        198
                    ],
                    [
                        927,
                        197
                    ],
                    [
                        926,
                        196
                    ],
                    [
                        926,
                        193
                    ],
                    [
                        925,
                        192
                    ],
                    [
                        925,
                        190
                    ],
                    [
                        924,
                        189
                    ],
                    [
                        924,
                        188
                    ],
                    [
                        923,
                        187
                    ],
                    [
                        923,
                        186
                    ],
                    [
                        922,
                        185
                    ],
                    [
                        922,
                        184
                    ],
                    [
                        921,
                        183
                    ],
                    [
                        921,
                        174
                    ],
                    [
                        920,
                        174
                    ],
                    [
                        919,
                        173
                    ]
                ],
                "interior": []
            }
        },
        {
            "id": 159570937,
            "classId": 6551257,
            "objectId": null,
            "description": "",
            "geometryType": "rectangle",
            "labelerLogin": "inbox@datasetninja.com",
            "createdAt": "2024-03-12T15:50:00.293Z",
            "updatedAt": "2024-03-12T15:50:00.293Z",
            "tags": [
                {
                    "id": 122049831,
                    "tagId": 32511,
                    "name": "object id",
                    "value": 2045,
                    "labelerLogin": "inbox@datasetninja.com",
                    "createdAt": "2024-03-12T15:50:00.293Z",
                    "updatedAt": "2024-03-12T15:50:00.293Z"
                },
                {
                    "id": 122049832,
                    "tagId": 32513,
                    "name": "instance id",
                    "value": 45,
                    "labelerLogin": "inbox@datasetninja.com",
                    "createdAt": "2024-03-12T15:50:00.293Z",
                    "updatedAt": "2024-03-12T15:50:00.293Z"
                }
            ],
            "classTitle": "pedestrian",
            "points": {
                "exterior": [
                    [
                        909,
                        173
                    ],
                    [
                        931,
                        241
                    ]
                ],
                "interior": []
            }
        },
        {
            "id": 159570938,
            "classId": 6551257,
            "objectId": null,
            "description": "",
            "geometryType": "polygon",
            "labelerLogin": "inbox@datasetninja.com",
            "createdAt": "2024-03-12T15:50:00.294Z",
            "updatedAt": "2024-03-12T15:50:00.294Z",
            "tags": [
                {
                    "id": 122049833,
                    "tagId": 32511,
                    "name": "object id",
                    "value": 2046,
                    "labelerLogin": "inbox@datasetninja.com",
                    "createdAt": "2024-03-12T15:50:00.294Z",
                    "updatedAt": "2024-03-12T15:50:00.294Z"
                },
                {
                    "id": 122049834,
                    "tagId": 32513,
                    "name": "instance id",
                    "value": 46,
                    "labelerLogin": "inbox@datasetninja.com",
                    "createdAt": "2024-03-12T15:50:00.294Z",
                    "updatedAt": "2024-03-12T15:50:00.294Z"
                }
            ],
            "classTitle": "pedestrian",
            "points": {
                "exterior": [
                    [
                        986,
                        181
                    ],
                    [
                        985,
                        182
                    ],
                    [
                        984,
                        182
                    ],
                    [
                        983,
                        183
                    ],
                    [
                        983,
                        185
                    ],
                    [
                        984,
                        186
                    ],
                    [
                        984,
                        189
                    ],
                    [
                        982,
                        191
                    ],
                    [
                        981,
                        191
                    ],
                    [
                        979,
                        193
                    ],
                    [
                        978,
                        193
                    ],
                    [
                        978,
                        194
                    ],
                    [
                        977,
                        195
                    ],
                    [
                        975,
                        195
                    ],
                    [
                        972,
                        198
                    ],
                    [
                        971,
                        198
                    ],
                    [
                        971,
                        199
                    ],
                    [
                        974,
                        199
                    ],
                    [
                        976,
                        197
                    ],
                    [
                        977,
                        197
                    ],
                    [
                        977,
                        196
                    ],
                    [
                        978,
                        195
                    ],
                    [
                        979,
                        195
                    ],
                    [
                        980,
                        194
                    ],
                    [
                        982,
                        196
                    ],
                    [
                        982,
                        197
                    ],
                    [
                        983,
                        198
                    ],
                    [
                        983,
                        209
                    ],
                    [
                        984,
                        210
                    ],
                    [
                        984,
                        218
                    ],
                    [
                        985,
                        219
                    ],
                    [
                        985,
                        220
                    ],
                    [
                        986,
                        221
                    ],
                    [
                        986,
                        224
                    ],
                    [
                        987,
                        225
                    ],
                    [
                        987,
                        226
                    ],
                    [
                        986,
                        227
                    ],
                    [
                        986,
                        232
                    ],
                    [
                        987,
                        233
                    ],
                    [
                        991,
                        233
                    ],
                    [
                        992,
                        232
                    ],
                    [
                        993,
                        232
                    ],
                    [
                        993,
                        226
                    ],
                    [
                        992,
                        225
                    ],
                    [
                        992,
                        222
                    ],
                    [
                        991,
                        221
                    ],
                    [
                        991,
                        216
                    ],
                    [
                        992,
                        215
                    ],
                    [
                        995,
                        218
                    ],
                    [
                        995,
                        219
                    ],
                    [
                        999,
                        223
                    ],
                    [
                        1002,
                        223
                    ],
                    [
                        1002,
                        218
                    ],
                    [
                        1001,
                        217
                    ],
                    [
                        1001,
                        201
                    ],
                    [
                        1000,
                        200
                    ],
                    [
                        1000,
                        199
                    ],
                    [
                        999,
                        198
                    ],
                    [
                        999,
                        197
                    ],
                    [
                        998,
                        196
                    ],
                    [
                        998,
                        194
                    ],
                    [
                        996,
                        192
                    ],
                    [
                        996,
                        191
                    ],
                    [
                        995,
                        190
                    ],
                    [
                        995,
                        189
                    ],
                    [
                        994,
                        188
                    ],
                    [
                        993,
                        188
                    ],
                    [
                        992,
                        187
                    ],
                    [
                        992,
                        186
                    ],
                    [
                        991,
                        185
                    ],
                    [
                        991,
                        184
                    ],
                    [
                        988,
                        181
                    ]
                ],
                "interior": []
            }
        },
        {
            "id": 159570939,
            "classId": 6551257,
            "objectId": null,
            "description": "",
            "geometryType": "rectangle",
            "labelerLogin": "inbox@datasetninja.com",
            "createdAt": "2024-03-12T15:50:00.294Z",
            "updatedAt": "2024-03-12T15:50:00.294Z",
            "tags": [
                {
                    "id": 122049835,
                    "tagId": 32511,
                    "name": "object id",
                    "value": 2046,
                    "labelerLogin": "inbox@datasetninja.com",
                    "createdAt": "2024-03-12T15:50:00.294Z",
                    "updatedAt": "2024-03-12T15:50:00.294Z"
                },
                {
                    "id": 122049836,
                    "tagId": 32513,
                    "name": "instance id",
                    "value": 46,
                    "labelerLogin": "inbox@datasetninja.com",
                    "createdAt": "2024-03-12T15:50:00.294Z",
                    "updatedAt": "2024-03-12T15:50:00.294Z"
                }
            ],
            "classTitle": "pedestrian",
            "points": {
                "exterior": [
                    [
                        971,
                        181
                    ],
                    [
                        1002,
                        233
                    ]
                ],
                "interior": []
            }
        },
        {
            "id": 159570940,
            "classId": 6551257,
            "objectId": null,
            "description": "",
            "geometryType": "polygon",
            "labelerLogin": "inbox@datasetninja.com",
            "createdAt": "2024-03-12T15:50:00.295Z",
            "updatedAt": "2024-03-12T15:50:00.295Z",
            "tags": [
                {
                    "id": 122049837,
                    "tagId": 32511,
                    "name": "object id",
                    "value": 2048,
                    "labelerLogin": "inbox@datasetninja.com",
                    "createdAt": "2024-03-12T15:50:00.295Z",
                    "updatedAt": "2024-03-12T15:50:00.295Z"
                },
                {
                    "id": 122049838,
                    "tagId": 32513,
                    "name": "instance id",
                    "value": 48,
                    "labelerLogin": "inbox@datasetninja.com",
                    "createdAt": "2024-03-12T15:50:00.295Z",
                    "updatedAt": "2024-03-12T15:50:00.295Z"
                }
            ],
            "classTitle": "pedestrian",
            "points": {
                "exterior": [
                    [
                        1158,
                        168
                    ],
                    [
                        1157,
                        169
                    ],
                    [
                        1157,
                        170
                    ],
                    [
                        1156,
                        171
                    ],
                    [
                        1156,
                        174
                    ],
                    [
                        1155,
                        175
                    ],
                    [
                        1155,
                        178
                    ],
                    [
                        1154,
                        179
                    ],
                    [
                        1154,
                        199
                    ],
                    [
                        1155,
                        200
                    ],
                    [
                        1155,
                        206
                    ],
                    [
                        1156,
                        207
                    ],
                    [
                        1156,
                        210
                    ],
                    [
                        1157,
                        211
                    ],
                    [
                        1157,
                        215
                    ],
                    [
                        1158,
                        216
                    ],
                    [
                        1158,
                        219
                    ],
                    [
                        1159,
                        220
                    ],
                    [
                        1159,
                        228
                    ],
                    [
                        1160,
                        229
                    ],
                    [
                        1160,
                        230
                    ],
                    [
                        1161,
                        231
                    ],
                    [
                        1164,
                        231
                    ],
                    [
                        1164,
                        230
                    ],
                    [
                        1165,
                        229
                    ],
                    [
                        1164,
                        228
                    ],
                    [
                        1164,
                        219
                    ],
                    [
                        1163,
                        218
                    ],
                    [
                        1163,
                        213
                    ],
                    [
                        1162,
                        212
                    ],
                    [
                        1162,
                        211
                    ],
                    [
                        1161,
                        210
                    ],
                    [
                        1161,
                        209
                    ],
                    [
                        1160,
                        208
                    ],
                    [
                        1160,
                        206
                    ],
                    [
                        1159,
                        205
                    ],
                    [
                        1159,
                        196
                    ],
                    [
                        1160,
                        195
                    ],
                    [
                        1160,
                        194
                    ],
                    [
                        1162,
                        192
                    ],
                    [
                        1162,
                        183
                    ],
                    [
                        1161,
                        182
                    ],
                    [
                        1161,
                        179
                    ],
                    [
                        1160,
                        178
                    ],
                    [
                        1160,
                        174
                    ],
                    [
                        1159,
                        173
                    ],
                    [
                        1159,
                        168
                    ]
                ],
                "interior": []
            }
        },
        {
            "id": 159570941,
            "classId": 6551257,
            "objectId": null,
            "description": "",
            "geometryType": "rectangle",
            "labelerLogin": "inbox@datasetninja.com",
            "createdAt": "2024-03-12T15:50:00.295Z",
            "updatedAt": "2024-03-12T15:50:00.295Z",
            "tags": [
                {
                    "id": 122049839,
                    "tagId": 32511,
                    "name": "object id",
                    "value": 2048,
                    "labelerLogin": "inbox@datasetninja.com",
                    "createdAt": "2024-03-12T15:50:00.295Z",
                    "updatedAt": "2024-03-12T15:50:00.295Z"
                },
                {
                    "id": 122049840,
                    "tagId": 32513,
                    "name": "instance id",
                    "value": 48,
                    "labelerLogin": "inbox@datasetninja.com",
                    "createdAt": "2024-03-12T15:50:00.295Z",
                    "updatedAt": "2024-03-12T15:50:00.295Z"
                }
            ],
            "classTitle": "pedestrian",
            "points": {
                "exterior": [
                    [
                        1154,
                        168
                    ],
                    [
                        1165,
                        231
                    ]
                ],
                "interior": []
            }
        },
        {
            "id": 159570942,
            "classId": 6551257,
            "objectId": null,
            "description": "",
            "geometryType": "polygon",
            "labelerLogin": "inbox@datasetninja.com",
            "createdAt": "2024-03-12T15:50:00.295Z",
            "updatedAt": "2024-03-12T15:50:00.295Z",
            "tags": [
                {
                    "id": 122049841,
                    "tagId": 32511,
                    "name": "object id",
                    "value": 2049,
                    "labelerLogin": "inbox@datasetninja.com",
                    "createdAt": "2024-03-12T15:50:00.295Z",
                    "updatedAt": "2024-03-12T15:50:00.295Z"
                },
                {
                    "id": 122049842,
                    "tagId": 32513,
                    "name": "instance id",
                    "value": 49,
                    "labelerLogin": "inbox@datasetninja.com",
                    "createdAt": "2024-03-12T15:50:00.295Z",
                    "updatedAt": "2024-03-12T15:50:00.295Z"
                }
            ],
            "classTitle": "pedestrian",
            "points": {
                "exterior": [
                    [
                        1058,
                        177
                    ],
                    [
                        1057,
                        178
                    ],
                    [
                        1057,
                        181
                    ],
                    [
                        1056,
                        182
                    ],
                    [
                        1056,
                        183
                    ],
                    [
                        1055,
                        184
                    ],
                    [
                        1055,
                        185
                    ],
                    [
                        1054,
                        186
                    ],
                    [
                        1054,
                        187
                    ],
                    [
                        1053,
                        188
                    ],
                    [
                        1053,
                        192
                    ],
                    [
                        1054,
                        193
                    ],
                    [
                        1054,
                        196
                    ],
                    [
                        1055,
                        197
                    ],
                    [
                        1055,
                        201
                    ],
                    [
                        1056,
                        202
                    ],
                    [
                        1056,
                        208
                    ],
                    [
                        1057,
                        209
                    ],
                    [
                        1057,
                        212
                    ],
                    [
                        1058,
                        213
                    ],
                    [
                        1058,
                        214
                    ],
                    [
                        1063,
                        214
                    ],
                    [
                        1064,
                        215
                    ],
                    [
                        1067,
                        215
                    ],
                    [
                        1067,
                        214
                    ],
                    [
                        1068,
                        213
                    ],
                    [
                        1067,
                        212
                    ],
                    [
                        1067,
                        211
                    ],
                    [
                        1066,
                        210
                    ],
                    [
                        1066,
                        183
                    ],
                    [
                        1064,
                        181
                    ],
                    [
                        1063,
                        181
                    ],
                    [
                        1062,
                        180
                    ],
                    [
                        1062,
                        179
                    ],
                    [
                        1061,
                        178
                    ],
                    [
                        1061,
                        177
                    ]
                ],
                "interior": []
            }
        },
        {
            "id": 159570943,
            "classId": 6551257,
            "objectId": null,
            "description": "",
            "geometryType": "rectangle",
            "labelerLogin": "inbox@datasetninja.com",
            "createdAt": "2024-03-12T15:50:00.296Z",
            "updatedAt": "2024-03-12T15:50:00.296Z",
            "tags": [
                {
                    "id": 122049843,
                    "tagId": 32511,
                    "name": "object id",
                    "value": 2049,
                    "labelerLogin": "inbox@datasetninja.com",
                    "createdAt": "2024-03-12T15:50:00.296Z",
                    "updatedAt": "2024-03-12T15:50:00.296Z"
                },
                {
                    "id": 122049844,
                    "tagId": 32513,
                    "name": "instance id",
                    "value": 49,
                    "labelerLogin": "inbox@datasetninja.com",
                    "createdAt": "2024-03-12T15:50:00.296Z",
                    "updatedAt": "2024-03-12T15:50:00.296Z"
                }
            ],
            "classTitle": "pedestrian",
            "points": {
                "exterior": [
                    [
                        1053,
                        177
                    ],
                    [
                        1068,
                        215
                    ]
                ],
                "interior": []
            }
        },
        {
            "id": 159570944,
            "classId": 6551259,
            "objectId": null,
            "description": "",
            "geometryType": "polygon",
            "labelerLogin": "inbox@datasetninja.com",
            "createdAt": "2024-03-12T15:50:00.296Z",
            "updatedAt": "2024-03-12T15:50:00.296Z",
            "tags": [],
            "classTitle": "ignore region",
            "points": {
                "exterior": [
                    [
                        595,
                        177
                    ],
                    [
                        595,
                        184
                    ],
                    [
                        637,
                        184
                    ],
                    [
                        638,
                        185
                    ],
                    [
                        640,
                        185
                    ],
                    [
                        641,
                        186
                    ],
                    [
                        642,
                        186
                    ],
                    [
                        643,
                        187
                    ],
                    [
                        644,
                        187
                    ],
                    [
                        646,
                        189
                    ],
                    [
                        646,
                        190
                    ],
                    [
                        647,
                        191
                    ],
                    [
                        647,
                        192
                    ],
                    [
                        648,
                        193
                    ],
                    [
                        648,
                        194
                    ],
                    [
                        650,
                        196
                    ],
                    [
                        650,
                        198
                    ],
                    [
                        651,
                        199
                    ],
                    [
                        651,
                        200
                    ],
                    [
                        657,
                        200
                    ],
                    [
                        657,
                        177
                    ]
                ],
                "interior": []
            }
        },
        {
            "id": 159570945,
            "classId": 6551259,
            "objectId": null,
            "description": "",
            "geometryType": "rectangle",
            "labelerLogin": "inbox@datasetninja.com",
            "createdAt": "2024-03-12T15:50:00.296Z",
            "updatedAt": "2024-03-12T15:50:00.296Z",
            "tags": [],
            "classTitle": "ignore region",
            "points": {
                "exterior": [
                    [
                        595,
                        177
                    ],
                    [
                        657,
                        200
                    ]
                ],
                "interior": []
            }
        },
        {
            "id": 159570946,
            "classId": 6551259,
            "objectId": null,
            "description": "",
            "geometryType": "polygon",
            "labelerLogin": "inbox@datasetninja.com",
            "createdAt": "2024-03-12T15:50:00.296Z",
            "updatedAt": "2024-03-12T15:50:00.296Z",
            "tags": [],
            "classTitle": "ignore region",
            "points": {
                "exterior": [
                    [
                        419,
                        175
                    ],
                    [
                        419,
                        225
                    ],
                    [
                        490,
                        225
                    ],
                    [
                        490,
                        206
                    ],
                    [
                        491,
                        205
                    ],
                    [
                        524,
                        205
                    ],
                    [
                        524,
                        192
                    ],
                    [
                        525,
                        191
                    ],
                    [
                        571,
                        191
                    ],
                    [
                        571,
                        178
                    ],
                    [
                        514,
                        178
                    ],
                    [
                        514,
                        184
                    ],
                    [
                        513,
                        185
                    ],
                    [
                        491,
                        185
                    ],
                    [
                        490,
                        184
                    ],
                    [
                        490,
                        175
                    ]
                ],
                "interior": []
            }
        },
        {
            "id": 159570947,
            "classId": 6551259,
            "objectId": null,
            "description": "",
            "geometryType": "rectangle",
            "labelerLogin": "inbox@datasetninja.com",
            "createdAt": "2024-03-12T15:50:00.296Z",
            "updatedAt": "2024-03-12T15:50:00.296Z",
            "tags": [],
            "classTitle": "ignore region",
            "points": {
                "exterior": [
                    [
                        419,
                        175
                    ],
                    [
                        571,
                        225
                    ]
                ],
                "interior": []
            }
        }
    ]
}