{
    "description": "",
    "tags": [
        {
            "id": 21887392,
            "tagId": 32512,
            "name": "sequence",
            "value": "0012",
            "labelerLogin": "inbox@datasetninja.com",
            "createdAt": "2024-03-12T15:50:23.763Z",
            "updatedAt": "2024-03-12T15:50:23.763Z"
        }
    ],
    "size": {
        "height": 375,
        "width": 1242
    },
    "objects": [
        {
            "id": 159574862,
            "classId": 6551258,
            "objectId": null,
            "description": "",
            "geometryType": "polygon",
            "labelerLogin": "inbox@datasetninja.com",
            "createdAt": "2024-03-12T15:50:23.764Z",
            "updatedAt": "2024-03-12T15:50:23.764Z",
            "tags": [
                {
                    "id": 122054937,
                    "tagId": 32511,
                    "name": "object id",
                    "value": 1001,
                    "labelerLogin": "inbox@datasetninja.com",
                    "createdAt": "2024-03-12T15:50:23.763Z",
                    "updatedAt": "2024-03-12T15:50:23.763Z"
                },
                {
                    "id": 122054938,
                    "tagId": 32513,
                    "name": "instance id",
                    "value": 1,
                    "labelerLogin": "inbox@datasetninja.com",
                    "createdAt": "2024-03-12T15:50:23.763Z",
                    "updatedAt": "2024-03-12T15:50:23.763Z"
                }
            ],
            "classTitle": "car",
            "points": {
                "exterior": [
                    [
                        753,
                        186
                    ],
                    [
                        749,
                        190
                    ],
                    [
                        749,
                        192
                    ],
                    [
                        748,
                        193
                    ],
                    [
                        748,
                        198
                    ],
                    [
                        747,
                        199
                    ],
                    [
                        747,
                        201
                    ],
                    [
                        748,
                        202
                    ],
                    [
                        752,
                        202
                    ],
                    [
                        753,
                        201
                    ],
                    [
                        763,
                        201
                    ],
                    [
                        764,
                        202
                    ],
                    [
                        768,
                        202
                    ],
                    [
                        769,
                        201
                    ],
                    [
                        769,
                        193
                    ],
                    [
                        763,
                        187
                    ],
                    [
                        762,
                        187
                    ],
                    [
                        761,
                        186
                    ]
                ],
                "interior": []
            }
        },
        {
            "id": 159574863,
            "classId": 6551258,
            "objectId": null,
            "description": "",
            "geometryType": "rectangle",
            "labelerLogin": "inbox@datasetninja.com",
            "createdAt": "2024-03-12T15:50:23.764Z",
            "updatedAt": "2024-03-12T15:50:23.764Z",
            "tags": [
                {
                    "id": 122054939,
                    "tagId": 32511,
                    "name": "object id",
                    "value": 1001,
                    "labelerLogin": "inbox@datasetninja.com",
                    "createdAt": "2024-03-12T15:50:23.764Z",
                    "updatedAt": "2024-03-12T15:50:23.764Z"
                },
                {
                    "id": 122054940,
                    "tagId": 32513,
                    "name": "instance id",
                    "value": 1,
                    "labelerLogin": "inbox@datasetninja.com",
                    "createdAt": "2024-03-12T15:50:23.764Z",
                    "updatedAt": "2024-03-12T15:50:23.764Z"
                }
            ],
            "classTitle": "car",
            "points": {
                "exterior": [
                    [
                        747,
                        186
                    ],
                    [
                        769,
                        202
                    ]
                ],
                "interior": []
            }
        },
        {
            "id": 159574864,
            "classId": 6551258,
            "objectId": null,
            "description": "",
            "geometryType": "polygon",
            "labelerLogin": "inbox@datasetninja.com",
            "createdAt": "2024-03-12T15:50:23.765Z",
            "updatedAt": "2024-03-12T15:50:23.765Z",
            "tags": [
                {
                    "id": 122054941,
                    "tagId": 32511,
                    "name": "object id",
                    "value": 1003,
                    "labelerLogin": "inbox@datasetninja.com",
                    "createdAt": "2024-03-12T15:50:23.765Z",
                    "updatedAt": "2024-03-12T15:50:23.765Z"
                },
                {
                    "id": 122054942,
                    "tagId": 32513,
                    "name": "instance id",
                    "value": 3,
                    "labelerLogin": "inbox@datasetninja.com",
                    "createdAt": "2024-03-12T15:50:23.765Z",
                    "updatedAt": "2024-03-12T15:50:23.765Z"
                }
            ],
            "classTitle": "car",
            "points": {
                "exterior": [
                    [
                        668,
                        181
                    ],
                    [
                        667,
                        182
                    ],
                    [
                        665,
                        182
                    ],
                    [
                        660,
                        187
                    ],
                    [
                        660,
                        188
                    ],
                    [
                        658,
                        190
                    ],
                    [
                        658,
                        191
                    ],
                    [
                        657,
                        192
                    ],
                    [
                        657,
                        194
                    ],
                    [
                        656,
                        195
                    ],
                    [
                        656,
                        202
                    ],
                    [
                        657,
                        203
                    ],
                    [
                        657,
                        206
                    ],
                    [
                        658,
                        207
                    ],
                    [
                        661,
                        207
                    ],
                    [
                        662,
                        206
                    ],
                    [
                        666,
                        206
                    ],
                    [
                        668,
                        204
                    ],
                    [
                        678,
                        204
                    ],
                    [
                        679,
                        205
                    ],
                    [
                        688,
                        205
                    ],
                    [
                        689,
                        204
                    ],
                    [
                        689,
                        201
                    ],
                    [
                        690,
                        200
                    ],
                    [
                        690,
                        193
                    ],
                    [
                        689,
                        192
                    ],
                    [
                        689,
                        187
                    ],
                    [
                        688,
                        186
                    ],
                    [
                        688,
                        185
                    ],
                    [
                        684,
                        181
                    ]
                ],
                "interior": []
            }
        },
        {
            "id": 159574865,
            "classId": 6551258,
            "objectId": null,
            "description": "",
            "geometryType": "rectangle",
            "labelerLogin": "inbox@datasetninja.com",
            "createdAt": "2024-03-12T15:50:23.765Z",
            "updatedAt": "2024-03-12T15:50:23.765Z",
            "tags": [
                {
                    "id": 122054943,
                    "tagId": 32511,
                    "name": "object id",
                    "value": 1003,
                    "labelerLogin": "inbox@datasetninja.com",
                    "createdAt": "2024-03-12T15:50:23.765Z",
                    "updatedAt": "2024-03-12T15:50:23.765Z"
                },
                {
                    "id": 122054944,
                    "tagId": 32513,
                    "name": "instance id",
                    "value": 3,
                    "labelerLogin": "inbox@datasetninja.com",
                    "createdAt": "2024-03-12T15:50:23.765Z",
                    "updatedAt": "2024-03-12T15:50:23.765Z"
                }
            ],
            "classTitle": "car",
            "points": {
                "exterior": [
                    [
                        656,
                        181
                    ],
                    [
                        690,
                        207
                    ]
                ],
                "interior": []
            }
        },
        {
            "id": 159574866,
            "classId": 6551257,
            "objectId": null,
            "description": "",
            "geometryType": "polygon",
            "labelerLogin": "inbox@datasetninja.com",
            "createdAt": "2024-03-12T15:50:23.766Z",
            "updatedAt": "2024-03-12T15:50:23.766Z",
            "tags": [
                {
                    "id": 122054945,
                    "tagId": 32511,
                    "name": "object id",
                    "value": 2002,
                    "labelerLogin": "inbox@datasetninja.com",
                    "createdAt": "2024-03-12T15:50:23.766Z",
                    "updatedAt": "2024-03-12T15:50:23.766Z"
                },
                {
                    "id": 122054946,
                    "tagId": 32513,
                    "name": "instance id",
                    "value": 2,
                    "labelerLogin": "inbox@datasetninja.com",
                    "createdAt": "2024-03-12T15:50:23.766Z",
                    "updatedAt": "2024-03-12T15:50:23.766Z"
                }
            ],
            "classTitle": "pedestrian",
            "points": {
                "exterior": [
                    [
                        494,
                        182
                    ],
                    [
                        493,
                        183
                    ],
                    [
                        493,
                        184
                    ],
                    [
                        494,
                        185
                    ],
                    [
                        494,
                        187
                    ],
                    [
                        495,
                        188
                    ],
                    [
                        495,
                        201
                    ],
                    [
                        494,
                        202
                    ],
                    [
                        494,
                        208
                    ],
                    [
                        495,
                        209
                    ],
                    [
                        496,
                        208
                    ],
                    [
                        496,
                        201
                    ],
                    [
                        498,
                        199
                    ],
                    [
                        499,
                        199
                    ],
                    [
                        500,
                        200
                    ],
                    [
                        500,
                        201
                    ],
                    [
                        501,
                        202
                    ],
                    [
                        501,
                        203
                    ],
                    [
                        502,
                        204
                    ],
                    [
                        502,
                        205
                    ],
                    [
                        503,
                        206
                    ],
                    [
                        503,
                        207
                    ],
                    [
                        504,
                        208
                    ],
                    [
                        506,
                        208
                    ],
                    [
                        506,
                        207
                    ],
                    [
                        505,
                        206
                    ],
                    [
                        505,
                        205
                    ],
                    [
                        504,
                        204
                    ],
                    [
                        504,
                        202
                    ],
                    [
                        503,
                        201
                    ],
                    [
                        503,
                        199
                    ],
                    [
                        502,
                        198
                    ],
                    [
                        502,
                        195
                    ],
                    [
                        501,
                        194
                    ],
                    [
                        501,
                        191
                    ],
                    [
                        500,
                        190
                    ],
                    [
                        500,
                        189
                    ],
                    [
                        499,
                        188
                    ],
                    [
                        499,
                        187
                    ],
                    [
                        498,
                        186
                    ],
                    [
                        498,
                        185
                    ],
                    [
                        497,
                        184
                    ],
                    [
                        497,
                        183
                    ],
                    [
                        496,
                        182
                    ]
                ],
                "interior": []
            }
        },
        {
            "id": 159574867,
            "classId": 6551257,
            "objectId": null,
            "description": "",
            "geometryType": "rectangle",
            "labelerLogin": "inbox@datasetninja.com",
            "createdAt": "2024-03-12T15:50:23.766Z",
            "updatedAt": "2024-03-12T15:50:23.766Z",
            "tags": [
                {
                    "id": 122054947,
                    "tagId": 32511,
                    "name": "object id",
                    "value": 2002,
                    "labelerLogin": "inbox@datasetninja.com",
                    "createdAt": "2024-03-12T15:50:23.766Z",
                    "updatedAt": "2024-03-12T15:50:23.766Z"
                },
                {
                    "id": 122054948,
                    "tagId": 32513,
                    "name": "instance id",
                    "value": 2,
                    "labelerLogin": "inbox@datasetninja.com",
                    "createdAt": "2024-03-12T15:50:23.766Z",
                    "updatedAt": "2024-03-12T15:50:23.766Z"
                }
            ],
            "classTitle": "pedestrian",
            "points": {
                "exterior": [
                    [
                        493,
                        182
                    ],
                    [
                        506,
                        209
                    ]
                ],
                "interior": []
            }
        },
        {
            "id": 159574868,
            "classId": 6551259,
            "objectId": null,
            "description": "",
            "geometryType": "polygon",
            "labelerLogin": "inbox@datasetninja.com",
            "createdAt": "2024-03-12T15:50:23.767Z",
            "updatedAt": "2024-03-12T15:50:23.767Z",
            "tags": [],
            "classTitle": "ignore region",
            "points": {
                "exterior": [
                    [
                        689,
                        186
                    ],
                    [
                        690,
                        187
                    ],
                    [
                        690,
                        192
                    ],
                    [
                        691,
                        193
                    ],
                    [
                        691,
                        200
                    ],
                    [
                        690,
                        201
                    ],
                    [
                        690,
                        204
                    ],
                    [
                        689,
                        205
                    ],
                    [
                        730,
                        205
                    ],
                    [
                        730,
                        186
                    ]
                ],
                "interior": []
            }
        },
        {
            "id": 159574869,
            "classId": 6551259,
            "objectId": null,
            "description": "",
            "geometryType": "rectangle",
            "labelerLogin": "inbox@datasetninja.com",
            "createdAt": "2024-03-12T15:50:23.767Z",
            "updatedAt": "2024-03-12T15:50:23.767Z",
            "tags": [],
            "classTitle": "ignore region",
            "points": {
                "exterior": [
                    [
                        689,
                        186
                    ],
                    [
                        730,
                        205
                    ]
                ],
                "interior": []
            }
        },
        {
            "id": 159574870,
            "classId": 6551259,
            "objectId": null,
            "description": "",
            "geometryType": "polygon",
            "labelerLogin": "inbox@datasetninja.com",
            "createdAt": "2024-03-12T15:50:23.767Z",
            "updatedAt": "2024-03-12T15:50:23.767Z",
            "tags": [],
            "classTitle": "ignore region",
            "points": {
                "exterior": [
                    [
                        754,
                        183
                    ],
                    [
                        754,
                        185
                    ],
                    [
                        761,
                        185
                    ],
                    [
                        762,
                        186
                    ],
                    [
                        763,
                        186
                    ],
                    [
                        770,
                        193
                    ],
                    [
                        770,
                        201
                    ],
                    [
                        780,
                        201
                    ],
                    [
                        780,
                        183
                    ]
                ],
                "interior": []
            }
        },
        {
            "id": 159574871,
            "classId": 6551259,
            "objectId": null,
            "description": "",
            "geometryType": "rectangle",
            "labelerLogin": "inbox@datasetninja.com",
            "createdAt": "2024-03-12T15:50:23.767Z",
            "updatedAt": "2024-03-12T15:50:23.767Z",
            "tags": [],
            "classTitle": "ignore region",
            "points": {
                "exterior": [
                    [
                        754,
                        183
                    ],
                    [
                        780,
                        201
                    ]
                ],
                "interior": []
            }
        }
    ]
}