{
    "description": "",
    "tags": [
        {
            "id": 21887387,
            "tagId": 32512,
            "name": "sequence",
            "value": "0012",
            "labelerLogin": "inbox@datasetninja.com",
            "createdAt": "2024-03-12T15:50:23.757Z",
            "updatedAt": "2024-03-12T15:50:23.757Z"
        }
    ],
    "size": {
        "height": 375,
        "width": 1242
    },
    "objects": [
        {
            "id": 159574812,
            "classId": 6551258,
            "objectId": null,
            "description": "",
            "geometryType": "polygon",
            "labelerLogin": "inbox@datasetninja.com",
            "createdAt": "2024-03-12T15:50:23.757Z",
            "updatedAt": "2024-03-12T15:50:23.757Z",
            "tags": [
                {
                    "id": 122054877,
                    "tagId": 32511,
                    "name": "object id",
                    "value": 1001,
                    "labelerLogin": "inbox@datasetninja.com",
                    "createdAt": "2024-03-12T15:50:23.757Z",
                    "updatedAt": "2024-03-12T15:50:23.757Z"
                },
                {
                    "id": 122054878,
                    "tagId": 32513,
                    "name": "instance id",
                    "value": 1,
                    "labelerLogin": "inbox@datasetninja.com",
                    "createdAt": "2024-03-12T15:50:23.757Z",
                    "updatedAt": "2024-03-12T15:50:23.757Z"
                }
            ],
            "classTitle": "car",
            "points": {
                "exterior": [
                    [
                        739,
                        182
                    ],
                    [
                        738,
                        183
                    ],
                    [
                        736,
                        183
                    ],
                    [
                        735,
                        184
                    ],
                    [
                        734,
                        184
                    ],
                    [
                        733,
                        185
                    ],
                    [
                        732,
                        185
                    ],
                    [
                        725,
                        192
                    ],
                    [
                        725,
                        195
                    ],
                    [
                        724,
                        196
                    ],
                    [
                        724,
                        199
                    ],
                    [
                        725,
                        200
                    ],
                    [
                        725,
                        205
                    ],
                    [
                        727,
                        207
                    ],
                    [
                        730,
                        207
                    ],
                    [
                        733,
                        204
                    ],
                    [
                        735,
                        204
                    ],
                    [
                        736,
                        205
                    ],
                    [
                        737,
                        205
                    ],
                    [
                        739,
                        207
                    ],
                    [
                        742,
                        207
                    ],
                    [
                        744,
                        205
                    ],
                    [
                        750,
                        205
                    ],
                    [
                        751,
                        206
                    ],
                    [
                        752,
                        206
                    ],
                    [
                        753,
                        207
                    ],
                    [
                        758,
                        207
                    ],
                    [
                        759,
                        206
                    ],
                    [
                        760,
                        206
                    ],
                    [
                        761,
                        205
                    ],
                    [
                        763,
                        205
                    ],
                    [
                        764,
                        206
                    ],
                    [
                        768,
                        206
                    ],
                    [
                        769,
                        205
                    ],
                    [
                        769,
                        195
                    ],
                    [
                        768,
                        194
                    ],
                    [
                        768,
                        193
                    ],
                    [
                        765,
                        190
                    ],
                    [
                        764,
                        190
                    ],
                    [
                        762,
                        188
                    ],
                    [
                        761,
                        188
                    ],
                    [
                        760,
                        187
                    ],
                    [
                        760,
                        186
                    ],
                    [
                        759,
                        185
                    ],
                    [
                        758,
                        185
                    ],
                    [
                        757,
                        184
                    ],
                    [
                        756,
                        184
                    ],
                    [
                        755,
                        183
                    ],
                    [
                        754,
                        183
                    ],
                    [
                        753,
                        182
                    ]
                ],
                "interior": []
            }
        },
        {
            "id": 159574813,
            "classId": 6551258,
            "objectId": null,
            "description": "",
            "geometryType": "rectangle",
            "labelerLogin": "inbox@datasetninja.com",
            "createdAt": "2024-03-12T15:50:23.758Z",
            "updatedAt": "2024-03-12T15:50:23.758Z",
            "tags": [
                {
                    "id": 122054879,
                    "tagId": 32511,
                    "name": "object id",
                    "value": 1001,
                    "labelerLogin": "inbox@datasetninja.com",
                    "createdAt": "2024-03-12T15:50:23.758Z",
                    "updatedAt": "2024-03-12T15:50:23.758Z"
                },
                {
                    "id": 122054880,
                    "tagId": 32513,
                    "name": "instance id",
                    "value": 1,
                    "labelerLogin": "inbox@datasetninja.com",
                    "createdAt": "2024-03-12T15:50:23.758Z",
                    "updatedAt": "2024-03-12T15:50:23.758Z"
                }
            ],
            "classTitle": "car",
            "points": {
                "exterior": [
                    [
                        724,
                        182
                    ],
                    [
                        769,
                        207
                    ]
                ],
                "interior": []
            }
        },
        {
            "id": 159574814,
            "classId": 6551258,
            "objectId": null,
            "description": "",
            "geometryType": "polygon",
            "labelerLogin": "inbox@datasetninja.com",
            "createdAt": "2024-03-12T15:50:23.759Z",
            "updatedAt": "2024-03-12T15:50:23.759Z",
            "tags": [
                {
                    "id": 122054881,
                    "tagId": 32511,
                    "name": "object id",
                    "value": 1003,
                    "labelerLogin": "inbox@datasetninja.com",
                    "createdAt": "2024-03-12T15:50:23.759Z",
                    "updatedAt": "2024-03-12T15:50:23.759Z"
                },
                {
                    "id": 122054882,
                    "tagId": 32513,
                    "name": "instance id",
                    "value": 3,
                    "labelerLogin": "inbox@datasetninja.com",
                    "createdAt": "2024-03-12T15:50:23.759Z",
                    "updatedAt": "2024-03-12T15:50:23.759Z"
                }
            ],
            "classTitle": "car",
            "points": {
                "exterior": [
                    [
                        668,
                        181
                    ],
                    [
                        667,
                        182
                    ],
                    [
                        665,
                        182
                    ],
                    [
                        660,
                        187
                    ],
                    [
                        660,
                        188
                    ],
                    [
                        658,
                        190
                    ],
                    [
                        658,
                        192
                    ],
                    [
                        657,
                        193
                    ],
                    [
                        657,
                        195
                    ],
                    [
                        656,
                        196
                    ],
                    [
                        656,
                        201
                    ],
                    [
                        657,
                        202
                    ],
                    [
                        657,
                        206
                    ],
                    [
                        658,
                        207
                    ],
                    [
                        661,
                        207
                    ],
                    [
                        662,
                        206
                    ],
                    [
                        663,
                        207
                    ],
                    [
                        664,
                        206
                    ],
                    [
                        666,
                        206
                    ],
                    [
                        668,
                        204
                    ],
                    [
                        678,
                        204
                    ],
                    [
                        679,
                        205
                    ],
                    [
                        688,
                        205
                    ],
                    [
                        689,
                        204
                    ],
                    [
                        689,
                        203
                    ],
                    [
                        690,
                        202
                    ],
                    [
                        690,
                        190
                    ],
                    [
                        689,
                        189
                    ],
                    [
                        689,
                        187
                    ],
                    [
                        688,
                        186
                    ],
                    [
                        688,
                        184
                    ],
                    [
                        685,
                        181
                    ]
                ],
                "interior": []
            }
        },
        {
            "id": 159574815,
            "classId": 6551258,
            "objectId": null,
            "description": "",
            "geometryType": "rectangle",
            "labelerLogin": "inbox@datasetninja.com",
            "createdAt": "2024-03-12T15:50:23.759Z",
            "updatedAt": "2024-03-12T15:50:23.759Z",
            "tags": [
                {
                    "id": 122054883,
                    "tagId": 32511,
                    "name": "object id",
                    "value": 1003,
                    "labelerLogin": "inbox@datasetninja.com",
                    "createdAt": "2024-03-12T15:50:23.759Z",
                    "updatedAt": "2024-03-12T15:50:23.759Z"
                },
                {
                    "id": 122054884,
                    "tagId": 32513,
                    "name": "instance id",
                    "value": 3,
                    "labelerLogin": "inbox@datasetninja.com",
                    "createdAt": "2024-03-12T15:50:23.759Z",
                    "updatedAt": "2024-03-12T15:50:23.759Z"
                }
            ],
            "classTitle": "car",
            "points": {
                "exterior": [
                    [
                        656,
                        181
                    ],
                    [
                        690,
                        207
                    ]
                ],
                "interior": []
            }
        },
        {
            "id": 159574816,
            "classId": 6551257,
            "objectId": null,
            "description": "",
            "geometryType": "polygon",
            "labelerLogin": "inbox@datasetninja.com",
            "createdAt": "2024-03-12T15:50:23.760Z",
            "updatedAt": "2024-03-12T15:50:23.760Z",
            "tags": [
                {
                    "id": 122054885,
                    "tagId": 32511,
                    "name": "object id",
                    "value": 2002,
                    "labelerLogin": "inbox@datasetninja.com",
                    "createdAt": "2024-03-12T15:50:23.760Z",
                    "updatedAt": "2024-03-12T15:50:23.760Z"
                },
                {
                    "id": 122054886,
                    "tagId": 32513,
                    "name": "instance id",
                    "value": 2,
                    "labelerLogin": "inbox@datasetninja.com",
                    "createdAt": "2024-03-12T15:50:23.760Z",
                    "updatedAt": "2024-03-12T15:50:23.760Z"
                }
            ],
            "classTitle": "pedestrian",
            "points": {
                "exterior": [
                    [
                        568,
                        183
                    ],
                    [
                        568,
                        187
                    ],
                    [
                        567,
                        188
                    ],
                    [
                        567,
                        191
                    ],
                    [
                        568,
                        192
                    ],
                    [
                        567,
                        193
                    ],
                    [
                        567,
                        207
                    ],
                    [
                        568,
                        208
                    ],
                    [
                        568,
                        209
                    ],
                    [
                        569,
                        208
                    ],
                    [
                        569,
                        203
                    ],
                    [
                        570,
                        202
                    ],
                    [
                        570,
                        200
                    ],
                    [
                        571,
                        199
                    ],
                    [
                        572,
                        199
                    ],
                    [
                        573,
                        200
                    ],
                    [
                        574,
                        200
                    ],
                    [
                        574,
                        198
                    ],
                    [
                        573,
                        197
                    ],
                    [
                        573,
                        193
                    ],
                    [
                        572,
                        192
                    ],
                    [
                        572,
                        189
                    ],
                    [
                        571,
                        188
                    ],
                    [
                        571,
                        187
                    ],
                    [
                        569,
                        185
                    ],
                    [
                        569,
                        184
                    ]
                ],
                "interior": []
            }
        },
        {
            "id": 159574817,
            "classId": 6551257,
            "objectId": null,
            "description": "",
            "geometryType": "rectangle",
            "labelerLogin": "inbox@datasetninja.com",
            "createdAt": "2024-03-12T15:50:23.761Z",
            "updatedAt": "2024-03-12T15:50:23.761Z",
            "tags": [
                {
                    "id": 122054887,
                    "tagId": 32511,
                    "name": "object id",
                    "value": 2002,
                    "labelerLogin": "inbox@datasetninja.com",
                    "createdAt": "2024-03-12T15:50:23.761Z",
                    "updatedAt": "2024-03-12T15:50:23.761Z"
                },
                {
                    "id": 122054888,
                    "tagId": 32513,
                    "name": "instance id",
                    "value": 2,
                    "labelerLogin": "inbox@datasetninja.com",
                    "createdAt": "2024-03-12T15:50:23.761Z",
                    "updatedAt": "2024-03-12T15:50:23.761Z"
                }
            ],
            "classTitle": "pedestrian",
            "points": {
                "exterior": [
                    [
                        567,
                        183
                    ],
                    [
                        574,
                        209
                    ]
                ],
                "interior": []
            }
        },
        {
            "id": 159574818,
            "classId": 6551259,
            "objectId": null,
            "description": "",
            "geometryType": "polygon",
            "labelerLogin": "inbox@datasetninja.com",
            "createdAt": "2024-03-12T15:50:23.761Z",
            "updatedAt": "2024-03-12T15:50:23.761Z",
            "tags": [],
            "classTitle": "ignore region",
            "points": {
                "exterior": [
                    [
                        703,
                        183
                    ],
                    [
                        703,
                        199
                    ],
                    [
                        723,
                        199
                    ],
                    [
                        723,
                        196
                    ],
                    [
                        724,
                        195
                    ],
                    [
                        724,
                        192
                    ],
                    [
                        732,
                        184
                    ],
                    [
                        733,
                        184
                    ],
                    [
                        734,
                        183
                    ],
                    [
                        735,
                        183
                    ]
                ],
                "interior": []
            }
        },
        {
            "id": 159574819,
            "classId": 6551259,
            "objectId": null,
            "description": "",
            "geometryType": "rectangle",
            "labelerLogin": "inbox@datasetninja.com",
            "createdAt": "2024-03-12T15:50:23.761Z",
            "updatedAt": "2024-03-12T15:50:23.761Z",
            "tags": [],
            "classTitle": "ignore region",
            "points": {
                "exterior": [
                    [
                        703,
                        183
                    ],
                    [
                        735,
                        199
                    ]
                ],
                "interior": []
            }
        },
        {
            "id": 159574820,
            "classId": 6551259,
            "objectId": null,
            "description": "",
            "geometryType": "polygon",
            "labelerLogin": "inbox@datasetninja.com",
            "createdAt": "2024-03-12T15:50:23.762Z",
            "updatedAt": "2024-03-12T15:50:23.762Z",
            "tags": [],
            "classTitle": "ignore region",
            "points": {
                "exterior": [
                    [
                        1002,
                        161
                    ],
                    [
                        1002,
                        253
                    ],
                    [
                        1113,
                        253
                    ],
                    [
                        1113,
                        161
                    ]
                ],
                "interior": []
            }
        },
        {
            "id": 159574821,
            "classId": 6551259,
            "objectId": null,
            "description": "",
            "geometryType": "rectangle",
            "labelerLogin": "inbox@datasetninja.com",
            "createdAt": "2024-03-12T15:50:23.762Z",
            "updatedAt": "2024-03-12T15:50:23.762Z",
            "tags": [],
            "classTitle": "ignore region",
            "points": {
                "exterior": [
                    [
                        1002,
                        161
                    ],
                    [
                        1113,
                        253
                    ]
                ],
                "interior": []
            }
        }
    ]
}