{
    "description": "",
    "tags": [
        {
            "id": 21887732,
            "tagId": 32512,
            "name": "sequence",
            "value": "0015",
            "labelerLogin": "inbox@datasetninja.com",
            "createdAt": "2024-03-12T15:51:12.236Z",
            "updatedAt": "2024-03-12T15:51:12.236Z"
        }
    ],
    "size": {
        "height": 370,
        "width": 1224
    },
    "objects": [
        {
            "id": 159584760,
            "classId": 6551258,
            "objectId": null,
            "description": "",
            "geometryType": "polygon",
            "labelerLogin": "inbox@datasetninja.com",
            "createdAt": "2024-03-12T15:51:12.237Z",
            "updatedAt": "2024-03-12T15:51:12.237Z",
            "tags": [
                {
                    "id": 122065237,
                    "tagId": 32511,
                    "name": "object id",
                    "value": 1002,
                    "labelerLogin": "inbox@datasetninja.com",
                    "createdAt": "2024-03-12T15:51:12.237Z",
                    "updatedAt": "2024-03-12T15:51:12.237Z"
                },
                {
                    "id": 122065238,
                    "tagId": 32513,
                    "name": "instance id",
                    "value": 2,
                    "labelerLogin": "inbox@datasetninja.com",
                    "createdAt": "2024-03-12T15:51:12.237Z",
                    "updatedAt": "2024-03-12T15:51:12.237Z"
                }
            ],
            "classTitle": "car",
            "points": {
                "exterior": [
                    [
                        0,
                        230
                    ],
                    [
                        0,
                        369
                    ],
                    [
                        278,
                        369
                    ],
                    [
                        278,
                        368
                    ],
                    [
                        279,
                        367
                    ],
                    [
                        279,
                        364
                    ],
                    [
                        280,
                        363
                    ],
                    [
                        280,
                        359
                    ],
                    [
                        281,
                        358
                    ],
                    [
                        281,
                        356
                    ],
                    [
                        282,
                        355
                    ],
                    [
                        282,
                        353
                    ],
                    [
                        283,
                        352
                    ],
                    [
                        283,
                        351
                    ],
                    [
                        284,
                        350
                    ],
                    [
                        284,
                        349
                    ],
                    [
                        285,
                        348
                    ],
                    [
                        285,
                        342
                    ],
                    [
                        286,
                        341
                    ],
                    [
                        286,
                        331
                    ],
                    [
                        287,
                        330
                    ],
                    [
                        287,
                        324
                    ],
                    [
                        286,
                        323
                    ],
                    [
                        286,
                        320
                    ],
                    [
                        285,
                        319
                    ],
                    [
                        285,
                        316
                    ],
                    [
                        284,
                        315
                    ],
                    [
                        284,
                        314
                    ],
                    [
                        283,
                        313
                    ],
                    [
                        283,
                        309
                    ],
                    [
                        282,
                        308
                    ],
                    [
                        282,
                        306
                    ],
                    [
                        281,
                        305
                    ],
                    [
                        281,
                        304
                    ],
                    [
                        280,
                        303
                    ],
                    [
                        280,
                        302
                    ],
                    [
                        278,
                        300
                    ],
                    [
                        278,
                        299
                    ],
                    [
                        277,
                        298
                    ],
                    [
                        276,
                        298
                    ],
                    [
                        274,
                        296
                    ],
                    [
                        274,
                        295
                    ],
                    [
                        273,
                        295
                    ],
                    [
                        272,
                        294
                    ],
                    [
                        271,
                        294
                    ],
                    [
                        270,
                        293
                    ],
                    [
                        268,
                        293
                    ],
                    [
                        267,
                        292
                    ],
                    [
                        266,
                        292
                    ],
                    [
                        265,
                        291
                    ],
                    [
                        261,
                        291
                    ],
                    [
                        260,
                        290
                    ],
                    [
                        254,
                        290
                    ],
                    [
                        253,
                        289
                    ],
                    [
                        240,
                        289
                    ],
                    [
                        239,
                        288
                    ],
                    [
                        229,
                        288
                    ],
                    [
                        228,
                        287
                    ],
                    [
                        197,
                        287
                    ],
                    [
                        196,
                        286
                    ],
                    [
                        195,
                        286
                    ],
                    [
                        194,
                        285
                    ],
                    [
                        193,
                        285
                    ],
                    [
                        191,
                        283
                    ],
                    [
                        190,
                        283
                    ],
                    [
                        189,
                        282
                    ],
                    [
                        188,
                        282
                    ],
                    [
                        185,
                        279
                    ],
                    [
                        184,
                        279
                    ],
                    [
                        181,
                        276
                    ],
                    [
                        180,
                        276
                    ],
                    [
                        179,
                        275
                    ],
                    [
                        179,
                        274
                    ],
                    [
                        178,
                        274
                    ],
                    [
                        177,
                        273
                    ],
                    [
                        176,
                        273
                    ],
                    [
                        175,
                        272
                    ],
                    [
                        174,
                        272
                    ],
                    [
                        173,
                        271
                    ],
                    [
                        173,
                        270
                    ],
                    [
                        172,
                        270
                    ],
                    [
                        170,
                        268
                    ],
                    [
                        169,
                        268
                    ],
                    [
                        167,
                        266
                    ],
                    [
                        166,
                        266
                    ],
                    [
                        165,
                        265
                    ],
                    [
                        164,
                        265
                    ],
                    [
                        163,
                        264
                    ],
                    [
                        162,
                        264
                    ],
                    [
                        159,
                        261
                    ],
                    [
                        157,
                        261
                    ],
                    [
                        156,
                        260
                    ],
                    [
                        155,
                        260
                    ],
                    [
                        154,
                        259
                    ],
                    [
                        153,
                        259
                    ],
                    [
                        152,
                        258
                    ],
                    [
                        151,
                        258
                    ],
                    [
                        150,
                        257
                    ],
                    [
                        149,
                        257
                    ],
                    [
                        148,
                        256
                    ],
                    [
                        147,
                        256
                    ],
                    [
                        145,
                        254
                    ],
                    [
                        143,
                        254
                    ],
                    [
                        142,
                        253
                    ],
                    [
                        140,
                        253
                    ],
                    [
                        139,
                        252
                    ],
                    [
                        138,
                        252
                    ],
                    [
                        136,
                        250
                    ],
                    [
                        135,
                        250
                    ],
                    [
                        134,
                        249
                    ],
                    [
                        132,
                        249
                    ],
                    [
                        131,
                        248
                    ],
                    [
                        130,
                        248
                    ],
                    [
                        128,
                        246
                    ],
                    [
                        126,
                        246
                    ],
                    [
                        125,
                        245
                    ],
                    [
                        123,
                        245
                    ],
                    [
                        122,
                        244
                    ],
                    [
                        120,
                        244
                    ],
                    [
                        119,
                        243
                    ],
                    [
                        117,
                        243
                    ],
                    [
                        116,
                        242
                    ],
                    [
                        115,
                        242
                    ],
                    [
                        114,
                        241
                    ],
                    [
                        112,
                        241
                    ],
                    [
                        111,
                        240
                    ],
                    [
                        107,
                        240
                    ],
                    [
                        106,
                        239
                    ],
                    [
                        103,
                        239
                    ],
                    [
                        102,
                        238
                    ],
                    [
                        101,
                        238
                    ],
                    [
                        100,
                        237
                    ],
                    [
                        95,
                        237
                    ],
                    [
                        94,
                        236
                    ],
                    [
                        89,
                        236
                    ],
                    [
                        88,
                        235
                    ],
                    [
                        77,
                        235
                    ],
                    [
                        76,
                        234
                    ],
                    [
                        72,
                        234
                    ],
                    [
                        71,
                        233
                    ],
                    [
                        62,
                        233
                    ],
                    [
                        61,
                        232
                    ],
                    [
                        47,
                        232
                    ],
                    [
                        46,
                        231
                    ],
                    [
                        28,
                        231
                    ],
                    [
                        27,
                        230
                    ]
                ],
                "interior": []
            }
        },
        {
            "id": 159584761,
            "classId": 6551258,
            "objectId": null,
            "description": "",
            "geometryType": "rectangle",
            "labelerLogin": "inbox@datasetninja.com",
            "createdAt": "2024-03-12T15:51:12.238Z",
            "updatedAt": "2024-03-12T15:51:12.238Z",
            "tags": [
                {
                    "id": 122065239,
                    "tagId": 32511,
                    "name": "object id",
                    "value": 1002,
                    "labelerLogin": "inbox@datasetninja.com",
                    "createdAt": "2024-03-12T15:51:12.238Z",
                    "updatedAt": "2024-03-12T15:51:12.238Z"
                },
                {
                    "id": 122065240,
                    "tagId": 32513,
                    "name": "instance id",
                    "value": 2,
                    "labelerLogin": "inbox@datasetninja.com",
                    "createdAt": "2024-03-12T15:51:12.238Z",
                    "updatedAt": "2024-03-12T15:51:12.238Z"
                }
            ],
            "classTitle": "car",
            "points": {
                "exterior": [
                    [
                        0,
                        230
                    ],
                    [
                        287,
                        369
                    ]
                ],
                "interior": []
            }
        },
        {
            "id": 159584762,
            "classId": 6551258,
            "objectId": null,
            "description": "",
            "geometryType": "polygon",
            "labelerLogin": "inbox@datasetninja.com",
            "createdAt": "2024-03-12T15:51:12.239Z",
            "updatedAt": "2024-03-12T15:51:12.239Z",
            "tags": [
                {
                    "id": 122065241,
                    "tagId": 32511,
                    "name": "object id",
                    "value": 1020,
                    "labelerLogin": "inbox@datasetninja.com",
                    "createdAt": "2024-03-12T15:51:12.239Z",
                    "updatedAt": "2024-03-12T15:51:12.239Z"
                },
                {
                    "id": 122065242,
                    "tagId": 32513,
                    "name": "instance id",
                    "value": 20,
                    "labelerLogin": "inbox@datasetninja.com",
                    "createdAt": "2024-03-12T15:51:12.239Z",
                    "updatedAt": "2024-03-12T15:51:12.239Z"
                }
            ],
            "classTitle": "car",
            "points": {
                "exterior": [
                    [
                        452,
                        175
                    ],
                    [
                        451,
                        176
                    ],
                    [
                        445,
                        176
                    ],
                    [
                        444,
                        177
                    ],
                    [
                        442,
                        177
                    ],
                    [
                        437,
                        182
                    ],
                    [
                        437,
                        183
                    ],
                    [
                        436,
                        184
                    ],
                    [
                        436,
                        198
                    ],
                    [
                        437,
                        199
                    ],
                    [
                        437,
                        200
                    ],
                    [
                        440,
                        200
                    ],
                    [
                        441,
                        199
                    ],
                    [
                        443,
                        199
                    ],
                    [
                        444,
                        198
                    ],
                    [
                        445,
                        198
                    ],
                    [
                        446,
                        197
                    ],
                    [
                        459,
                        197
                    ],
                    [
                        460,
                        198
                    ],
                    [
                        465,
                        198
                    ],
                    [
                        466,
                        197
                    ],
                    [
                        468,
                        197
                    ],
                    [
                        469,
                        196
                    ],
                    [
                        469,
                        185
                    ],
                    [
                        468,
                        184
                    ],
                    [
                        468,
                        182
                    ],
                    [
                        463,
                        177
                    ],
                    [
                        462,
                        177
                    ],
                    [
                        461,
                        176
                    ],
                    [
                        460,
                        176
                    ],
                    [
                        459,
                        175
                    ]
                ],
                "interior": []
            }
        },
        {
            "id": 159584763,
            "classId": 6551258,
            "objectId": null,
            "description": "",
            "geometryType": "rectangle",
            "labelerLogin": "inbox@datasetninja.com",
            "createdAt": "2024-03-12T15:51:12.240Z",
            "updatedAt": "2024-03-12T15:51:12.240Z",
            "tags": [
                {
                    "id": 122065243,
                    "tagId": 32511,
                    "name": "object id",
                    "value": 1020,
                    "labelerLogin": "inbox@datasetninja.com",
                    "createdAt": "2024-03-12T15:51:12.240Z",
                    "updatedAt": "2024-03-12T15:51:12.240Z"
                },
                {
                    "id": 122065244,
                    "tagId": 32513,
                    "name": "instance id",
                    "value": 20,
                    "labelerLogin": "inbox@datasetninja.com",
                    "createdAt": "2024-03-12T15:51:12.240Z",
                    "updatedAt": "2024-03-12T15:51:12.240Z"
                }
            ],
            "classTitle": "car",
            "points": {
                "exterior": [
                    [
                        436,
                        175
                    ],
                    [
                        469,
                        200
                    ]
                ],
                "interior": []
            }
        },
        {
            "id": 159584764,
            "classId": 6551259,
            "objectId": null,
            "description": "",
            "geometryType": "polygon",
            "labelerLogin": "inbox@datasetninja.com",
            "createdAt": "2024-03-12T15:51:12.240Z",
            "updatedAt": "2024-03-12T15:51:12.240Z",
            "tags": [],
            "classTitle": "ignore region",
            "points": {
                "exterior": [
                    [
                        414,
                        174
                    ],
                    [
                        414,
                        198
                    ],
                    [
                        435,
                        198
                    ],
                    [
                        435,
                        184
                    ],
                    [
                        436,
                        183
                    ],
                    [
                        436,
                        182
                    ],
                    [
                        442,
                        176
                    ],
                    [
                        444,
                        176
                    ],
                    [
                        445,
                        175
                    ],
                    [
                        451,
                        175
                    ],
                    [
                        452,
                        174
                    ],
                    [
                        456,
                        174
                    ]
                ],
                "interior": []
            }
        },
        {
            "id": 159584765,
            "classId": 6551259,
            "objectId": null,
            "description": "",
            "geometryType": "rectangle",
            "labelerLogin": "inbox@datasetninja.com",
            "createdAt": "2024-03-12T15:51:12.241Z",
            "updatedAt": "2024-03-12T15:51:12.241Z",
            "tags": [],
            "classTitle": "ignore region",
            "points": {
                "exterior": [
                    [
                        414,
                        174
                    ],
                    [
                        456,
                        198
                    ]
                ],
                "interior": []
            }
        },
        {
            "id": 159584766,
            "classId": 6551259,
            "objectId": null,
            "description": "",
            "geometryType": "polygon",
            "labelerLogin": "inbox@datasetninja.com",
            "createdAt": "2024-03-12T15:51:12.241Z",
            "updatedAt": "2024-03-12T15:51:12.241Z",
            "tags": [],
            "classTitle": "ignore region",
            "points": {
                "exterior": [
                    [
                        511,
                        166
                    ],
                    [
                        511,
                        186
                    ],
                    [
                        545,
                        186
                    ],
                    [
                        545,
                        166
                    ]
                ],
                "interior": []
            }
        },
        {
            "id": 159584767,
            "classId": 6551259,
            "objectId": null,
            "description": "",
            "geometryType": "rectangle",
            "labelerLogin": "inbox@datasetninja.com",
            "createdAt": "2024-03-12T15:51:12.241Z",
            "updatedAt": "2024-03-12T15:51:12.241Z",
            "tags": [],
            "classTitle": "ignore region",
            "points": {
                "exterior": [
                    [
                        511,
                        166
                    ],
                    [
                        545,
                        186
                    ]
                ],
                "interior": []
            }
        },
        {
            "id": 159584768,
            "classId": 6551259,
            "objectId": null,
            "description": "",
            "geometryType": "polygon",
            "labelerLogin": "inbox@datasetninja.com",
            "createdAt": "2024-03-12T15:51:12.242Z",
            "updatedAt": "2024-03-12T15:51:12.242Z",
            "tags": [],
            "classTitle": "ignore region",
            "points": {
                "exterior": [
                    [
                        622,
                        162
                    ],
                    [
                        622,
                        175
                    ],
                    [
                        637,
                        175
                    ],
                    [
                        637,
                        162
                    ]
                ],
                "interior": []
            }
        },
        {
            "id": 159584769,
            "classId": 6551259,
            "objectId": null,
            "description": "",
            "geometryType": "rectangle",
            "labelerLogin": "inbox@datasetninja.com",
            "createdAt": "2024-03-12T15:51:12.242Z",
            "updatedAt": "2024-03-12T15:51:12.242Z",
            "tags": [],
            "classTitle": "ignore region",
            "points": {
                "exterior": [
                    [
                        622,
                        162
                    ],
                    [
                        637,
                        175
                    ]
                ],
                "interior": []
            }
        },
        {
            "id": 159584770,
            "classId": 6551259,
            "objectId": null,
            "description": "",
            "geometryType": "polygon",
            "labelerLogin": "inbox@datasetninja.com",
            "createdAt": "2024-03-12T15:51:12.243Z",
            "updatedAt": "2024-03-12T15:51:12.243Z",
            "tags": [],
            "classTitle": "ignore region",
            "points": {
                "exterior": [
                    [
                        873,
                        153
                    ],
                    [
                        873,
                        193
                    ],
                    [
                        916,
                        193
                    ],
                    [
                        916,
                        153
                    ]
                ],
                "interior": []
            }
        },
        {
            "id": 159584771,
            "classId": 6551259,
            "objectId": null,
            "description": "",
            "geometryType": "rectangle",
            "labelerLogin": "inbox@datasetninja.com",
            "createdAt": "2024-03-12T15:51:12.244Z",
            "updatedAt": "2024-03-12T15:51:12.244Z",
            "tags": [],
            "classTitle": "ignore region",
            "points": {
                "exterior": [
                    [
                        873,
                        153
                    ],
                    [
                        916,
                        193
                    ]
                ],
                "interior": []
            }
        },
        {
            "id": 159584772,
            "classId": 6551259,
            "objectId": null,
            "description": "",
            "geometryType": "polygon",
            "labelerLogin": "inbox@datasetninja.com",
            "createdAt": "2024-03-12T15:51:12.244Z",
            "updatedAt": "2024-03-12T15:51:12.244Z",
            "tags": [],
            "classTitle": "ignore region",
            "points": {
                "exterior": [
                    [
                        992,
                        147
                    ],
                    [
                        992,
                        216
                    ],
                    [
                        1029,
                        216
                    ],
                    [
                        1029,
                        147
                    ]
                ],
                "interior": []
            }
        },
        {
            "id": 159584773,
            "classId": 6551259,
            "objectId": null,
            "description": "",
            "geometryType": "rectangle",
            "labelerLogin": "inbox@datasetninja.com",
            "createdAt": "2024-03-12T15:51:12.245Z",
            "updatedAt": "2024-03-12T15:51:12.245Z",
            "tags": [],
            "classTitle": "ignore region",
            "points": {
                "exterior": [
                    [
                        992,
                        147
                    ],
                    [
                        1029,
                        216
                    ]
                ],
                "interior": []
            }
        }
    ]
}