{
    "description": "",
    "tags": [
        {
            "id": 21887741,
            "tagId": 32512,
            "name": "sequence",
            "value": "0015",
            "labelerLogin": "inbox@datasetninja.com",
            "createdAt": "2024-03-12T15:51:12.256Z",
            "updatedAt": "2024-03-12T15:51:12.256Z"
        }
    ],
    "size": {
        "height": 370,
        "width": 1224
    },
    "objects": [
        {
            "id": 159584942,
            "classId": 6551258,
            "objectId": null,
            "description": "",
            "geometryType": "polygon",
            "labelerLogin": "inbox@datasetninja.com",
            "createdAt": "2024-03-12T15:51:12.257Z",
            "updatedAt": "2024-03-12T15:51:12.257Z",
            "tags": [
                {
                    "id": 122065409,
                    "tagId": 32511,
                    "name": "object id",
                    "value": 1002,
                    "labelerLogin": "inbox@datasetninja.com",
                    "createdAt": "2024-03-12T15:51:12.257Z",
                    "updatedAt": "2024-03-12T15:51:12.257Z"
                },
                {
                    "id": 122065410,
                    "tagId": 32513,
                    "name": "instance id",
                    "value": 2,
                    "labelerLogin": "inbox@datasetninja.com",
                    "createdAt": "2024-03-12T15:51:12.257Z",
                    "updatedAt": "2024-03-12T15:51:12.257Z"
                }
            ],
            "classTitle": "car",
            "points": {
                "exterior": [
                    [
                        0,
                        230
                    ],
                    [
                        0,
                        369
                    ],
                    [
                        278,
                        369
                    ],
                    [
                        278,
                        368
                    ],
                    [
                        279,
                        367
                    ],
                    [
                        279,
                        364
                    ],
                    [
                        280,
                        363
                    ],
                    [
                        280,
                        359
                    ],
                    [
                        281,
                        358
                    ],
                    [
                        281,
                        356
                    ],
                    [
                        282,
                        355
                    ],
                    [
                        282,
                        353
                    ],
                    [
                        283,
                        352
                    ],
                    [
                        283,
                        350
                    ],
                    [
                        284,
                        349
                    ],
                    [
                        284,
                        348
                    ],
                    [
                        285,
                        347
                    ],
                    [
                        285,
                        346
                    ],
                    [
                        286,
                        345
                    ],
                    [
                        286,
                        338
                    ],
                    [
                        287,
                        337
                    ],
                    [
                        287,
                        325
                    ],
                    [
                        286,
                        324
                    ],
                    [
                        286,
                        318
                    ],
                    [
                        284,
                        316
                    ],
                    [
                        284,
                        314
                    ],
                    [
                        283,
                        313
                    ],
                    [
                        283,
                        310
                    ],
                    [
                        282,
                        309
                    ],
                    [
                        282,
                        307
                    ],
                    [
                        281,
                        306
                    ],
                    [
                        281,
                        305
                    ],
                    [
                        280,
                        304
                    ],
                    [
                        280,
                        302
                    ],
                    [
                        277,
                        299
                    ],
                    [
                        277,
                        298
                    ],
                    [
                        276,
                        298
                    ],
                    [
                        275,
                        297
                    ],
                    [
                        275,
                        296
                    ],
                    [
                        273,
                        294
                    ],
                    [
                        272,
                        294
                    ],
                    [
                        271,
                        293
                    ],
                    [
                        269,
                        293
                    ],
                    [
                        268,
                        292
                    ],
                    [
                        265,
                        292
                    ],
                    [
                        264,
                        291
                    ],
                    [
                        262,
                        291
                    ],
                    [
                        261,
                        290
                    ],
                    [
                        254,
                        290
                    ],
                    [
                        253,
                        289
                    ],
                    [
                        243,
                        289
                    ],
                    [
                        242,
                        288
                    ],
                    [
                        226,
                        288
                    ],
                    [
                        225,
                        287
                    ],
                    [
                        220,
                        287
                    ],
                    [
                        219,
                        286
                    ],
                    [
                        210,
                        286
                    ],
                    [
                        209,
                        287
                    ],
                    [
                        199,
                        287
                    ],
                    [
                        198,
                        286
                    ],
                    [
                        195,
                        286
                    ],
                    [
                        194,
                        285
                    ],
                    [
                        192,
                        285
                    ],
                    [
                        189,
                        282
                    ],
                    [
                        188,
                        282
                    ],
                    [
                        184,
                        278
                    ],
                    [
                        183,
                        278
                    ],
                    [
                        181,
                        276
                    ],
                    [
                        180,
                        276
                    ],
                    [
                        178,
                        274
                    ],
                    [
                        177,
                        274
                    ],
                    [
                        176,
                        273
                    ],
                    [
                        176,
                        272
                    ],
                    [
                        175,
                        272
                    ],
                    [
                        173,
                        270
                    ],
                    [
                        172,
                        270
                    ],
                    [
                        170,
                        268
                    ],
                    [
                        169,
                        268
                    ],
                    [
                        167,
                        266
                    ],
                    [
                        166,
                        266
                    ],
                    [
                        165,
                        265
                    ],
                    [
                        164,
                        265
                    ],
                    [
                        163,
                        264
                    ],
                    [
                        162,
                        264
                    ],
                    [
                        160,
                        262
                    ],
                    [
                        159,
                        262
                    ],
                    [
                        158,
                        261
                    ],
                    [
                        156,
                        261
                    ],
                    [
                        153,
                        258
                    ],
                    [
                        151,
                        258
                    ],
                    [
                        150,
                        257
                    ],
                    [
                        149,
                        257
                    ],
                    [
                        148,
                        256
                    ],
                    [
                        147,
                        256
                    ],
                    [
                        146,
                        255
                    ],
                    [
                        145,
                        255
                    ],
                    [
                        143,
                        253
                    ],
                    [
                        141,
                        253
                    ],
                    [
                        140,
                        252
                    ],
                    [
                        138,
                        252
                    ],
                    [
                        137,
                        251
                    ],
                    [
                        136,
                        251
                    ],
                    [
                        135,
                        250
                    ],
                    [
                        134,
                        250
                    ],
                    [
                        133,
                        249
                    ],
                    [
                        132,
                        249
                    ],
                    [
                        131,
                        248
                    ],
                    [
                        130,
                        248
                    ],
                    [
                        128,
                        246
                    ],
                    [
                        126,
                        246
                    ],
                    [
                        125,
                        245
                    ],
                    [
                        123,
                        245
                    ],
                    [
                        122,
                        244
                    ],
                    [
                        120,
                        244
                    ],
                    [
                        118,
                        242
                    ],
                    [
                        115,
                        242
                    ],
                    [
                        114,
                        241
                    ],
                    [
                        111,
                        241
                    ],
                    [
                        110,
                        240
                    ],
                    [
                        107,
                        240
                    ],
                    [
                        106,
                        239
                    ],
                    [
                        105,
                        239
                    ],
                    [
                        104,
                        238
                    ],
                    [
                        100,
                        238
                    ],
                    [
                        99,
                        237
                    ],
                    [
                        95,
                        237
                    ],
                    [
                        94,
                        236
                    ],
                    [
                        88,
                        236
                    ],
                    [
                        87,
                        235
                    ],
                    [
                        83,
                        235
                    ],
                    [
                        82,
                        234
                    ],
                    [
                        71,
                        234
                    ],
                    [
                        70,
                        233
                    ],
                    [
                        61,
                        233
                    ],
                    [
                        60,
                        232
                    ],
                    [
                        45,
                        232
                    ],
                    [
                        44,
                        231
                    ],
                    [
                        37,
                        231
                    ],
                    [
                        36,
                        230
                    ]
                ],
                "interior": []
            }
        },
        {
            "id": 159584943,
            "classId": 6551258,
            "objectId": null,
            "description": "",
            "geometryType": "rectangle",
            "labelerLogin": "inbox@datasetninja.com",
            "createdAt": "2024-03-12T15:51:12.258Z",
            "updatedAt": "2024-03-12T15:51:12.258Z",
            "tags": [
                {
                    "id": 122065411,
                    "tagId": 32511,
                    "name": "object id",
                    "value": 1002,
                    "labelerLogin": "inbox@datasetninja.com",
                    "createdAt": "2024-03-12T15:51:12.258Z",
                    "updatedAt": "2024-03-12T15:51:12.258Z"
                },
                {
                    "id": 122065412,
                    "tagId": 32513,
                    "name": "instance id",
                    "value": 2,
                    "labelerLogin": "inbox@datasetninja.com",
                    "createdAt": "2024-03-12T15:51:12.258Z",
                    "updatedAt": "2024-03-12T15:51:12.258Z"
                }
            ],
            "classTitle": "car",
            "points": {
                "exterior": [
                    [
                        0,
                        230
                    ],
                    [
                        287,
                        369
                    ]
                ],
                "interior": []
            }
        },
        {
            "id": 159584944,
            "classId": 6551258,
            "objectId": null,
            "description": "",
            "geometryType": "polygon",
            "labelerLogin": "inbox@datasetninja.com",
            "createdAt": "2024-03-12T15:51:12.259Z",
            "updatedAt": "2024-03-12T15:51:12.259Z",
            "tags": [
                {
                    "id": 122065413,
                    "tagId": 32511,
                    "name": "object id",
                    "value": 1018,
                    "labelerLogin": "inbox@datasetninja.com",
                    "createdAt": "2024-03-12T15:51:12.259Z",
                    "updatedAt": "2024-03-12T15:51:12.259Z"
                },
                {
                    "id": 122065414,
                    "tagId": 32513,
                    "name": "instance id",
                    "value": 18,
                    "labelerLogin": "inbox@datasetninja.com",
                    "createdAt": "2024-03-12T15:51:12.259Z",
                    "updatedAt": "2024-03-12T15:51:12.259Z"
                }
            ],
            "classTitle": "car",
            "points": {
                "exterior": [
                    [
                        459,
                        174
                    ],
                    [
                        458,
                        175
                    ],
                    [
                        452,
                        175
                    ],
                    [
                        451,
                        176
                    ],
                    [
                        449,
                        176
                    ],
                    [
                        445,
                        180
                    ],
                    [
                        445,
                        181
                    ],
                    [
                        443,
                        183
                    ],
                    [
                        443,
                        186
                    ],
                    [
                        442,
                        187
                    ],
                    [
                        442,
                        200
                    ],
                    [
                        443,
                        201
                    ],
                    [
                        443,
                        202
                    ],
                    [
                        446,
                        202
                    ],
                    [
                        447,
                        201
                    ],
                    [
                        448,
                        201
                    ],
                    [
                        450,
                        199
                    ],
                    [
                        457,
                        199
                    ],
                    [
                        458,
                        198
                    ],
                    [
                        471,
                        198
                    ],
                    [
                        473,
                        200
                    ],
                    [
                        476,
                        200
                    ],
                    [
                        477,
                        199
                    ],
                    [
                        477,
                        186
                    ],
                    [
                        476,
                        185
                    ],
                    [
                        476,
                        181
                    ],
                    [
                        475,
                        180
                    ],
                    [
                        474,
                        180
                    ],
                    [
                        471,
                        177
                    ],
                    [
                        471,
                        176
                    ],
                    [
                        470,
                        176
                    ],
                    [
                        469,
                        175
                    ],
                    [
                        468,
                        175
                    ],
                    [
                        467,
                        174
                    ]
                ],
                "interior": []
            }
        },
        {
            "id": 159584945,
            "classId": 6551258,
            "objectId": null,
            "description": "",
            "geometryType": "rectangle",
            "labelerLogin": "inbox@datasetninja.com",
            "createdAt": "2024-03-12T15:51:12.260Z",
            "updatedAt": "2024-03-12T15:51:12.260Z",
            "tags": [
                {
                    "id": 122065415,
                    "tagId": 32511,
                    "name": "object id",
                    "value": 1018,
                    "labelerLogin": "inbox@datasetninja.com",
                    "createdAt": "2024-03-12T15:51:12.260Z",
                    "updatedAt": "2024-03-12T15:51:12.260Z"
                },
                {
                    "id": 122065416,
                    "tagId": 32513,
                    "name": "instance id",
                    "value": 18,
                    "labelerLogin": "inbox@datasetninja.com",
                    "createdAt": "2024-03-12T15:51:12.260Z",
                    "updatedAt": "2024-03-12T15:51:12.260Z"
                }
            ],
            "classTitle": "car",
            "points": {
                "exterior": [
                    [
                        442,
                        174
                    ],
                    [
                        477,
                        202
                    ]
                ],
                "interior": []
            }
        },
        {
            "id": 159584946,
            "classId": 6551257,
            "objectId": null,
            "description": "",
            "geometryType": "polygon",
            "labelerLogin": "inbox@datasetninja.com",
            "createdAt": "2024-03-12T15:51:12.261Z",
            "updatedAt": "2024-03-12T15:51:12.261Z",
            "tags": [
                {
                    "id": 122065417,
                    "tagId": 32511,
                    "name": "object id",
                    "value": 2010,
                    "labelerLogin": "inbox@datasetninja.com",
                    "createdAt": "2024-03-12T15:51:12.261Z",
                    "updatedAt": "2024-03-12T15:51:12.261Z"
                },
                {
                    "id": 122065418,
                    "tagId": 32513,
                    "name": "instance id",
                    "value": 10,
                    "labelerLogin": "inbox@datasetninja.com",
                    "createdAt": "2024-03-12T15:51:12.261Z",
                    "updatedAt": "2024-03-12T15:51:12.261Z"
                }
            ],
            "classTitle": "pedestrian",
            "points": {
                "exterior": [
                    [
                        829,
                        238
                    ],
                    [
                        828,
                        239
                    ],
                    [
                        827,
                        239
                    ],
                    [
                        824,
                        242
                    ],
                    [
                        823,
                        242
                    ],
                    [
                        822,
                        243
                    ],
                    [
                        821,
                        243
                    ],
                    [
                        819,
                        245
                    ],
                    [
                        818,
                        245
                    ],
                    [
                        815,
                        248
                    ],
                    [
                        814,
                        248
                    ],
                    [
                        812,
                        250
                    ],
                    [
                        812,
                        251
                    ],
                    [
                        813,
                        252
                    ],
                    [
                        813,
                        254
                    ],
                    [
                        814,
                        255
                    ],
                    [
                        814,
                        256
                    ],
                    [
                        815,
                        257
                    ],
                    [
                        815,
                        258
                    ],
                    [
                        816,
                        259
                    ],
                    [
                        816,
                        260
                    ],
                    [
                        817,
                        261
                    ],
                    [
                        817,
                        262
                    ],
                    [
                        818,
                        263
                    ],
                    [
                        820,
                        263
                    ],
                    [
                        820,
                        262
                    ],
                    [
                        819,
                        261
                    ],
                    [
                        819,
                        258
                    ],
                    [
                        820,
                        257
                    ],
                    [
                        820,
                        256
                    ],
                    [
                        821,
                        255
                    ],
                    [
                        821,
                        253
                    ],
                    [
                        822,
                        252
                    ],
                    [
                        823,
                        252
                    ],
                    [
                        824,
                        251
                    ],
                    [
                        825,
                        251
                    ],
                    [
                        825,
                        250
                    ],
                    [
                        826,
                        249
                    ],
                    [
                        826,
                        248
                    ],
                    [
                        827,
                        247
                    ],
                    [
                        827,
                        244
                    ],
                    [
                        828,
                        243
                    ],
                    [
                        828,
                        241
                    ],
                    [
                        829,
                        240
                    ]
                ],
                "interior": []
            }
        },
        {
            "id": 159584947,
            "classId": 6551257,
            "objectId": null,
            "description": "",
            "geometryType": "rectangle",
            "labelerLogin": "inbox@datasetninja.com",
            "createdAt": "2024-03-12T15:51:12.262Z",
            "updatedAt": "2024-03-12T15:51:12.262Z",
            "tags": [
                {
                    "id": 122065419,
                    "tagId": 32511,
                    "name": "object id",
                    "value": 2010,
                    "labelerLogin": "inbox@datasetninja.com",
                    "createdAt": "2024-03-12T15:51:12.261Z",
                    "updatedAt": "2024-03-12T15:51:12.261Z"
                },
                {
                    "id": 122065420,
                    "tagId": 32513,
                    "name": "instance id",
                    "value": 10,
                    "labelerLogin": "inbox@datasetninja.com",
                    "createdAt": "2024-03-12T15:51:12.261Z",
                    "updatedAt": "2024-03-12T15:51:12.261Z"
                }
            ],
            "classTitle": "pedestrian",
            "points": {
                "exterior": [
                    [
                        812,
                        238
                    ],
                    [
                        829,
                        263
                    ]
                ],
                "interior": []
            }
        },
        {
            "id": 159584948,
            "classId": 6551257,
            "objectId": null,
            "description": "",
            "geometryType": "polygon",
            "labelerLogin": "inbox@datasetninja.com",
            "createdAt": "2024-03-12T15:51:12.263Z",
            "updatedAt": "2024-03-12T15:51:12.263Z",
            "tags": [
                {
                    "id": 122065421,
                    "tagId": 32511,
                    "name": "object id",
                    "value": 2010,
                    "labelerLogin": "inbox@datasetninja.com",
                    "createdAt": "2024-03-12T15:51:12.263Z",
                    "updatedAt": "2024-03-12T15:51:12.263Z"
                },
                {
                    "id": 122065422,
                    "tagId": 32513,
                    "name": "instance id",
                    "value": 10,
                    "labelerLogin": "inbox@datasetninja.com",
                    "createdAt": "2024-03-12T15:51:12.263Z",
                    "updatedAt": "2024-03-12T15:51:12.263Z"
                }
            ],
            "classTitle": "pedestrian",
            "points": {
                "exterior": [
                    [
                        824,
                        220
                    ],
                    [
                        825,
                        221
                    ],
                    [
                        825,
                        222
                    ],
                    [
                        826,
                        223
                    ],
                    [
                        826,
                        224
                    ],
                    [
                        827,
                        225
                    ],
                    [
                        827,
                        226
                    ],
                    [
                        831,
                        230
                    ],
                    [
                        831,
                        229
                    ],
                    [
                        830,
                        228
                    ],
                    [
                        830,
                        226
                    ],
                    [
                        831,
                        225
                    ],
                    [
                        831,
                        223
                    ],
                    [
                        830,
                        222
                    ],
                    [
                        830,
                        221
                    ],
                    [
                        829,
                        220
                    ]
                ],
                "interior": []
            }
        },
        {
            "id": 159584949,
            "classId": 6551257,
            "objectId": null,
            "description": "",
            "geometryType": "rectangle",
            "labelerLogin": "inbox@datasetninja.com",
            "createdAt": "2024-03-12T15:51:12.264Z",
            "updatedAt": "2024-03-12T15:51:12.264Z",
            "tags": [
                {
                    "id": 122065423,
                    "tagId": 32511,
                    "name": "object id",
                    "value": 2010,
                    "labelerLogin": "inbox@datasetninja.com",
                    "createdAt": "2024-03-12T15:51:12.264Z",
                    "updatedAt": "2024-03-12T15:51:12.264Z"
                },
                {
                    "id": 122065424,
                    "tagId": 32513,
                    "name": "instance id",
                    "value": 10,
                    "labelerLogin": "inbox@datasetninja.com",
                    "createdAt": "2024-03-12T15:51:12.264Z",
                    "updatedAt": "2024-03-12T15:51:12.264Z"
                }
            ],
            "classTitle": "pedestrian",
            "points": {
                "exterior": [
                    [
                        824,
                        220
                    ],
                    [
                        831,
                        230
                    ]
                ],
                "interior": []
            }
        },
        {
            "id": 159584950,
            "classId": 6551257,
            "objectId": null,
            "description": "",
            "geometryType": "polygon",
            "labelerLogin": "inbox@datasetninja.com",
            "createdAt": "2024-03-12T15:51:12.265Z",
            "updatedAt": "2024-03-12T15:51:12.265Z",
            "tags": [
                {
                    "id": 122065425,
                    "tagId": 32511,
                    "name": "object id",
                    "value": 2010,
                    "labelerLogin": "inbox@datasetninja.com",
                    "createdAt": "2024-03-12T15:51:12.265Z",
                    "updatedAt": "2024-03-12T15:51:12.265Z"
                },
                {
                    "id": 122065426,
                    "tagId": 32513,
                    "name": "instance id",
                    "value": 10,
                    "labelerLogin": "inbox@datasetninja.com",
                    "createdAt": "2024-03-12T15:51:12.265Z",
                    "updatedAt": "2024-03-12T15:51:12.265Z"
                }
            ],
            "classTitle": "pedestrian",
            "points": {
                "exterior": [
                    [
                        833,
                        167
                    ],
                    [
                        832,
                        168
                    ],
                    [
                        830,
                        168
                    ],
                    [
                        829,
                        169
                    ],
                    [
                        828,
                        169
                    ],
                    [
                        827,
                        170
                    ],
                    [
                        827,
                        172
                    ],
                    [
                        826,
                        173
                    ],
                    [
                        826,
                        176
                    ],
                    [
                        827,
                        177
                    ],
                    [
                        827,
                        180
                    ],
                    [
                        825,
                        182
                    ],
                    [
                        825,
                        183
                    ],
                    [
                        824,
                        184
                    ],
                    [
                        824,
                        185
                    ],
                    [
                        823,
                        186
                    ],
                    [
                        823,
                        187
                    ],
                    [
                        822,
                        188
                    ],
                    [
                        822,
                        189
                    ],
                    [
                        826,
                        185
                    ],
                    [
                        827,
                        185
                    ],
                    [
                        828,
                        184
                    ],
                    [
                        829,
                        184
                    ],
                    [
                        830,
                        183
                    ],
                    [
                        831,
                        183
                    ],
                    [
                        832,
                        182
                    ],
                    [
                        832,
                        177
                    ],
                    [
                        833,
                        176
                    ],
                    [
                        833,
                        174
                    ],
                    [
                        836,
                        171
                    ],
                    [
                        837,
                        171
                    ],
                    [
                        838,
                        170
                    ],
                    [
                        838,
                        169
                    ],
                    [
                        837,
                        168
                    ],
                    [
                        836,
                        168
                    ],
                    [
                        835,
                        167
                    ]
                ],
                "interior": []
            }
        },
        {
            "id": 159584951,
            "classId": 6551257,
            "objectId": null,
            "description": "",
            "geometryType": "rectangle",
            "labelerLogin": "inbox@datasetninja.com",
            "createdAt": "2024-03-12T15:51:12.266Z",
            "updatedAt": "2024-03-12T15:51:12.266Z",
            "tags": [
                {
                    "id": 122065427,
                    "tagId": 32511,
                    "name": "object id",
                    "value": 2010,
                    "labelerLogin": "inbox@datasetninja.com",
                    "createdAt": "2024-03-12T15:51:12.266Z",
                    "updatedAt": "2024-03-12T15:51:12.266Z"
                },
                {
                    "id": 122065428,
                    "tagId": 32513,
                    "name": "instance id",
                    "value": 10,
                    "labelerLogin": "inbox@datasetninja.com",
                    "createdAt": "2024-03-12T15:51:12.266Z",
                    "updatedAt": "2024-03-12T15:51:12.266Z"
                }
            ],
            "classTitle": "pedestrian",
            "points": {
                "exterior": [
                    [
                        822,
                        167
                    ],
                    [
                        838,
                        189
                    ]
                ],
                "interior": []
            }
        },
        {
            "id": 159584952,
            "classId": 6551257,
            "objectId": null,
            "description": "",
            "geometryType": "polygon",
            "labelerLogin": "inbox@datasetninja.com",
            "createdAt": "2024-03-12T15:51:12.267Z",
            "updatedAt": "2024-03-12T15:51:12.267Z",
            "tags": [
                {
                    "id": 122065429,
                    "tagId": 32511,
                    "name": "object id",
                    "value": 2011,
                    "labelerLogin": "inbox@datasetninja.com",
                    "createdAt": "2024-03-12T15:51:12.267Z",
                    "updatedAt": "2024-03-12T15:51:12.267Z"
                },
                {
                    "id": 122065430,
                    "tagId": 32513,
                    "name": "instance id",
                    "value": 11,
                    "labelerLogin": "inbox@datasetninja.com",
                    "createdAt": "2024-03-12T15:51:12.267Z",
                    "updatedAt": "2024-03-12T15:51:12.267Z"
                }
            ],
            "classTitle": "pedestrian",
            "points": {
                "exterior": [
                    [
                        839,
                        172
                    ],
                    [
                        836,
                        175
                    ],
                    [
                        836,
                        179
                    ],
                    [
                        835,
                        180
                    ],
                    [
                        835,
                        182
                    ],
                    [
                        834,
                        183
                    ],
                    [
                        834,
                        186
                    ],
                    [
                        831,
                        189
                    ],
                    [
                        831,
                        190
                    ],
                    [
                        829,
                        192
                    ],
                    [
                        829,
                        194
                    ],
                    [
                        828,
                        195
                    ],
                    [
                        828,
                        199
                    ],
                    [
                        829,
                        200
                    ],
                    [
                        829,
                        202
                    ],
                    [
                        831,
                        204
                    ],
                    [
                        831,
                        205
                    ],
                    [
                        832,
                        206
                    ],
                    [
                        832,
                        212
                    ],
                    [
                        831,
                        213
                    ],
                    [
                        831,
                        216
                    ],
                    [
                        830,
                        217
                    ],
                    [
                        830,
                        220
                    ],
                    [
                        831,
                        221
                    ],
                    [
                        831,
                        222
                    ],
                    [
                        832,
                        223
                    ],
                    [
                        832,
                        225
                    ],
                    [
                        831,
                        226
                    ],
                    [
                        831,
                        228
                    ],
                    [
                        832,
                        229
                    ],
                    [
                        832,
                        237
                    ],
                    [
                        831,
                        238
                    ],
                    [
                        831,
                        239
                    ],
                    [
                        829,
                        241
                    ],
                    [
                        829,
                        243
                    ],
                    [
                        828,
                        244
                    ],
                    [
                        828,
                        247
                    ],
                    [
                        827,
                        248
                    ],
                    [
                        827,
                        249
                    ],
                    [
                        826,
                        250
                    ],
                    [
                        826,
                        253
                    ],
                    [
                        825,
                        254
                    ],
                    [
                        825,
                        262
                    ],
                    [
                        824,
                        263
                    ],
                    [
                        824,
                        264
                    ],
                    [
                        823,
                        265
                    ],
                    [
                        823,
                        269
                    ],
                    [
                        824,
                        270
                    ],
                    [
                        830,
                        270
                    ],
                    [
                        831,
                        271
                    ],
                    [
                        832,
                        271
                    ],
                    [
                        833,
                        270
                    ],
                    [
                        834,
                        270
                    ],
                    [
                        834,
                        268
                    ],
                    [
                        833,
                        267
                    ],
                    [
                        833,
                        259
                    ],
                    [
                        834,
                        258
                    ],
                    [
                        834,
                        255
                    ],
                    [
                        835,
                        254
                    ],
                    [
                        835,
                        248
                    ],
                    [
                        836,
                        247
                    ],
                    [
                        836,
                        243
                    ],
                    [
                        838,
                        241
                    ],
                    [
                        838,
                        240
                    ],
                    [
                        840,
                        238
                    ],
                    [
                        841,
                        238
                    ],
                    [
                        842,
                        237
                    ],
                    [
                        843,
                        237
                    ],
                    [
                        845,
                        235
                    ],
                    [
                        845,
                        234
                    ],
                    [
                        848,
                        231
                    ],
                    [
                        849,
                        231
                    ],
                    [
                        849,
                        230
                    ],
                    [
                        850,
                        229
                    ],
                    [
                        850,
                        216
                    ],
                    [
                        849,
                        215
                    ],
                    [
                        849,
                        213
                    ],
                    [
                        848,
                        212
                    ],
                    [
                        848,
                        206
                    ],
                    [
                        847,
                        205
                    ],
                    [
                        847,
                        203
                    ],
                    [
                        848,
                        202
                    ],
                    [
                        848,
                        194
                    ],
                    [
                        847,
                        193
                    ],
                    [
                        847,
                        183
                    ],
                    [
                        848,
                        182
                    ],
                    [
                        848,
                        180
                    ],
                    [
                        847,
                        179
                    ],
                    [
                        847,
                        175
                    ],
                    [
                        845,
                        173
                    ],
                    [
                        843,
                        173
                    ],
                    [
                        842,
                        172
                    ]
                ],
                "interior": []
            }
        },
        {
            "id": 159584953,
            "classId": 6551257,
            "objectId": null,
            "description": "",
            "geometryType": "rectangle",
            "labelerLogin": "inbox@datasetninja.com",
            "createdAt": "2024-03-12T15:51:12.268Z",
            "updatedAt": "2024-03-12T15:51:12.268Z",
            "tags": [
                {
                    "id": 122065431,
                    "tagId": 32511,
                    "name": "object id",
                    "value": 2011,
                    "labelerLogin": "inbox@datasetninja.com",
                    "createdAt": "2024-03-12T15:51:12.268Z",
                    "updatedAt": "2024-03-12T15:51:12.268Z"
                },
                {
                    "id": 122065432,
                    "tagId": 32513,
                    "name": "instance id",
                    "value": 11,
                    "labelerLogin": "inbox@datasetninja.com",
                    "createdAt": "2024-03-12T15:51:12.268Z",
                    "updatedAt": "2024-03-12T15:51:12.268Z"
                }
            ],
            "classTitle": "pedestrian",
            "points": {
                "exterior": [
                    [
                        823,
                        172
                    ],
                    [
                        850,
                        271
                    ]
                ],
                "interior": []
            }
        },
        {
            "id": 159584954,
            "classId": 6551259,
            "objectId": null,
            "description": "",
            "geometryType": "polygon",
            "labelerLogin": "inbox@datasetninja.com",
            "createdAt": "2024-03-12T15:51:12.268Z",
            "updatedAt": "2024-03-12T15:51:12.268Z",
            "tags": [],
            "classTitle": "ignore region",
            "points": {
                "exterior": [
                    [
                        574,
                        167
                    ],
                    [
                        574,
                        179
                    ],
                    [
                        587,
                        179
                    ],
                    [
                        587,
                        167
                    ]
                ],
                "interior": []
            }
        },
        {
            "id": 159584955,
            "classId": 6551259,
            "objectId": null,
            "description": "",
            "geometryType": "rectangle",
            "labelerLogin": "inbox@datasetninja.com",
            "createdAt": "2024-03-12T15:51:12.269Z",
            "updatedAt": "2024-03-12T15:51:12.269Z",
            "tags": [],
            "classTitle": "ignore region",
            "points": {
                "exterior": [
                    [
                        574,
                        167
                    ],
                    [
                        587,
                        179
                    ]
                ],
                "interior": []
            }
        },
        {
            "id": 159584956,
            "classId": 6551259,
            "objectId": null,
            "description": "",
            "geometryType": "polygon",
            "labelerLogin": "inbox@datasetninja.com",
            "createdAt": "2024-03-12T15:51:12.269Z",
            "updatedAt": "2024-03-12T15:51:12.269Z",
            "tags": [],
            "classTitle": "ignore region",
            "points": {
                "exterior": [
                    [
                        619,
                        162
                    ],
                    [
                        619,
                        186
                    ],
                    [
                        675,
                        186
                    ],
                    [
                        675,
                        162
                    ]
                ],
                "interior": []
            }
        },
        {
            "id": 159584957,
            "classId": 6551259,
            "objectId": null,
            "description": "",
            "geometryType": "rectangle",
            "labelerLogin": "inbox@datasetninja.com",
            "createdAt": "2024-03-12T15:51:12.269Z",
            "updatedAt": "2024-03-12T15:51:12.269Z",
            "tags": [],
            "classTitle": "ignore region",
            "points": {
                "exterior": [
                    [
                        619,
                        162
                    ],
                    [
                        675,
                        186
                    ]
                ],
                "interior": []
            }
        },
        {
            "id": 159584958,
            "classId": 6551259,
            "objectId": null,
            "description": "",
            "geometryType": "polygon",
            "labelerLogin": "inbox@datasetninja.com",
            "createdAt": "2024-03-12T15:51:12.270Z",
            "updatedAt": "2024-03-12T15:51:12.270Z",
            "tags": [],
            "classTitle": "ignore region",
            "points": {
                "exterior": [
                    [
                        723,
                        160
                    ],
                    [
                        723,
                        180
                    ],
                    [
                        744,
                        180
                    ],
                    [
                        744,
                        160
                    ]
                ],
                "interior": []
            }
        },
        {
            "id": 159584959,
            "classId": 6551259,
            "objectId": null,
            "description": "",
            "geometryType": "rectangle",
            "labelerLogin": "inbox@datasetninja.com",
            "createdAt": "2024-03-12T15:51:12.271Z",
            "updatedAt": "2024-03-12T15:51:12.271Z",
            "tags": [],
            "classTitle": "ignore region",
            "points": {
                "exterior": [
                    [
                        723,
                        160
                    ],
                    [
                        744,
                        180
                    ]
                ],
                "interior": []
            }
        },
        {
            "id": 159584960,
            "classId": 6551259,
            "objectId": null,
            "description": "",
            "geometryType": "polygon",
            "labelerLogin": "inbox@datasetninja.com",
            "createdAt": "2024-03-12T15:51:12.271Z",
            "updatedAt": "2024-03-12T15:51:12.271Z",
            "tags": [],
            "classTitle": "ignore region",
            "points": {
                "exterior": [
                    [
                        872,
                        154
                    ],
                    [
                        872,
                        194
                    ],
                    [
                        914,
                        194
                    ],
                    [
                        914,
                        154
                    ]
                ],
                "interior": []
            }
        },
        {
            "id": 159584961,
            "classId": 6551259,
            "objectId": null,
            "description": "",
            "geometryType": "rectangle",
            "labelerLogin": "inbox@datasetninja.com",
            "createdAt": "2024-03-12T15:51:12.272Z",
            "updatedAt": "2024-03-12T15:51:12.272Z",
            "tags": [],
            "classTitle": "ignore region",
            "points": {
                "exterior": [
                    [
                        872,
                        154
                    ],
                    [
                        914,
                        194
                    ]
                ],
                "interior": []
            }
        },
        {
            "id": 159584962,
            "classId": 6551259,
            "objectId": null,
            "description": "",
            "geometryType": "polygon",
            "labelerLogin": "inbox@datasetninja.com",
            "createdAt": "2024-03-12T15:51:12.273Z",
            "updatedAt": "2024-03-12T15:51:12.273Z",
            "tags": [],
            "classTitle": "ignore region",
            "points": {
                "exterior": [
                    [
                        992,
                        147
                    ],
                    [
                        992,
                        215
                    ],
                    [
                        1028,
                        215
                    ],
                    [
                        1028,
                        147
                    ]
                ],
                "interior": []
            }
        },
        {
            "id": 159584963,
            "classId": 6551259,
            "objectId": null,
            "description": "",
            "geometryType": "rectangle",
            "labelerLogin": "inbox@datasetninja.com",
            "createdAt": "2024-03-12T15:51:12.273Z",
            "updatedAt": "2024-03-12T15:51:12.273Z",
            "tags": [],
            "classTitle": "ignore region",
            "points": {
                "exterior": [
                    [
                        992,
                        147
                    ],
                    [
                        1028,
                        215
                    ]
                ],
                "interior": []
            }
        }
    ]
}