{
    "description": "",
    "tags": [
        {
            "id": 21887897,
            "tagId": 32512,
            "name": "sequence",
            "value": "0015",
            "labelerLogin": "inbox@datasetninja.com",
            "createdAt": "2024-03-12T15:51:35.797Z",
            "updatedAt": "2024-03-12T15:51:35.797Z"
        }
    ],
    "size": {
        "height": 370,
        "width": 1224
    },
    "objects": [
        {
            "id": 159589408,
            "classId": 6551258,
            "objectId": null,
            "description": "",
            "geometryType": "polygon",
            "labelerLogin": "inbox@datasetninja.com",
            "createdAt": "2024-03-12T15:51:35.798Z",
            "updatedAt": "2024-03-12T15:51:35.798Z",
            "tags": [
                {
                    "id": 122069985,
                    "tagId": 32511,
                    "name": "object id",
                    "value": 1002,
                    "labelerLogin": "inbox@datasetninja.com",
                    "createdAt": "2024-03-12T15:51:35.798Z",
                    "updatedAt": "2024-03-12T15:51:35.798Z"
                },
                {
                    "id": 122069986,
                    "tagId": 32513,
                    "name": "instance id",
                    "value": 2,
                    "labelerLogin": "inbox@datasetninja.com",
                    "createdAt": "2024-03-12T15:51:35.798Z",
                    "updatedAt": "2024-03-12T15:51:35.798Z"
                }
            ],
            "classTitle": "car",
            "points": {
                "exterior": [
                    [
                        0,
                        230
                    ],
                    [
                        0,
                        369
                    ],
                    [
                        278,
                        369
                    ],
                    [
                        278,
                        368
                    ],
                    [
                        279,
                        367
                    ],
                    [
                        279,
                        365
                    ],
                    [
                        280,
                        364
                    ],
                    [
                        280,
                        359
                    ],
                    [
                        281,
                        358
                    ],
                    [
                        281,
                        356
                    ],
                    [
                        282,
                        355
                    ],
                    [
                        282,
                        353
                    ],
                    [
                        283,
                        352
                    ],
                    [
                        283,
                        350
                    ],
                    [
                        284,
                        349
                    ],
                    [
                        284,
                        348
                    ],
                    [
                        285,
                        347
                    ],
                    [
                        285,
                        345
                    ],
                    [
                        286,
                        344
                    ],
                    [
                        286,
                        337
                    ],
                    [
                        287,
                        336
                    ],
                    [
                        287,
                        324
                    ],
                    [
                        286,
                        323
                    ],
                    [
                        286,
                        318
                    ],
                    [
                        284,
                        316
                    ],
                    [
                        284,
                        314
                    ],
                    [
                        283,
                        313
                    ],
                    [
                        283,
                        310
                    ],
                    [
                        282,
                        309
                    ],
                    [
                        282,
                        307
                    ],
                    [
                        281,
                        306
                    ],
                    [
                        281,
                        305
                    ],
                    [
                        280,
                        304
                    ],
                    [
                        280,
                        302
                    ],
                    [
                        277,
                        299
                    ],
                    [
                        277,
                        298
                    ],
                    [
                        276,
                        298
                    ],
                    [
                        275,
                        297
                    ],
                    [
                        275,
                        296
                    ],
                    [
                        273,
                        294
                    ],
                    [
                        272,
                        294
                    ],
                    [
                        271,
                        293
                    ],
                    [
                        269,
                        293
                    ],
                    [
                        268,
                        292
                    ],
                    [
                        265,
                        292
                    ],
                    [
                        264,
                        291
                    ],
                    [
                        262,
                        291
                    ],
                    [
                        261,
                        290
                    ],
                    [
                        254,
                        290
                    ],
                    [
                        253,
                        289
                    ],
                    [
                        243,
                        289
                    ],
                    [
                        242,
                        288
                    ],
                    [
                        225,
                        288
                    ],
                    [
                        224,
                        287
                    ],
                    [
                        219,
                        287
                    ],
                    [
                        218,
                        286
                    ],
                    [
                        211,
                        286
                    ],
                    [
                        210,
                        287
                    ],
                    [
                        206,
                        287
                    ],
                    [
                        205,
                        288
                    ],
                    [
                        202,
                        288
                    ],
                    [
                        201,
                        287
                    ],
                    [
                        199,
                        287
                    ],
                    [
                        198,
                        286
                    ],
                    [
                        195,
                        286
                    ],
                    [
                        194,
                        285
                    ],
                    [
                        192,
                        285
                    ],
                    [
                        189,
                        282
                    ],
                    [
                        188,
                        282
                    ],
                    [
                        186,
                        280
                    ],
                    [
                        185,
                        280
                    ],
                    [
                        184,
                        279
                    ],
                    [
                        184,
                        278
                    ],
                    [
                        183,
                        278
                    ],
                    [
                        181,
                        276
                    ],
                    [
                        180,
                        276
                    ],
                    [
                        178,
                        274
                    ],
                    [
                        177,
                        274
                    ],
                    [
                        176,
                        273
                    ],
                    [
                        176,
                        272
                    ],
                    [
                        175,
                        272
                    ],
                    [
                        173,
                        270
                    ],
                    [
                        172,
                        270
                    ],
                    [
                        170,
                        268
                    ],
                    [
                        169,
                        268
                    ],
                    [
                        167,
                        266
                    ],
                    [
                        166,
                        266
                    ],
                    [
                        165,
                        265
                    ],
                    [
                        164,
                        265
                    ],
                    [
                        163,
                        264
                    ],
                    [
                        162,
                        264
                    ],
                    [
                        160,
                        262
                    ],
                    [
                        159,
                        262
                    ],
                    [
                        158,
                        261
                    ],
                    [
                        156,
                        261
                    ],
                    [
                        153,
                        258
                    ],
                    [
                        151,
                        258
                    ],
                    [
                        150,
                        257
                    ],
                    [
                        149,
                        257
                    ],
                    [
                        148,
                        256
                    ],
                    [
                        147,
                        256
                    ],
                    [
                        145,
                        254
                    ],
                    [
                        144,
                        254
                    ],
                    [
                        143,
                        253
                    ],
                    [
                        141,
                        253
                    ],
                    [
                        140,
                        252
                    ],
                    [
                        138,
                        252
                    ],
                    [
                        137,
                        251
                    ],
                    [
                        136,
                        251
                    ],
                    [
                        135,
                        250
                    ],
                    [
                        134,
                        250
                    ],
                    [
                        133,
                        249
                    ],
                    [
                        132,
                        249
                    ],
                    [
                        131,
                        248
                    ],
                    [
                        130,
                        248
                    ],
                    [
                        128,
                        246
                    ],
                    [
                        126,
                        246
                    ],
                    [
                        125,
                        245
                    ],
                    [
                        123,
                        245
                    ],
                    [
                        122,
                        244
                    ],
                    [
                        120,
                        244
                    ],
                    [
                        118,
                        242
                    ],
                    [
                        115,
                        242
                    ],
                    [
                        114,
                        241
                    ],
                    [
                        111,
                        241
                    ],
                    [
                        110,
                        240
                    ],
                    [
                        107,
                        240
                    ],
                    [
                        106,
                        239
                    ],
                    [
                        105,
                        239
                    ],
                    [
                        104,
                        238
                    ],
                    [
                        100,
                        238
                    ],
                    [
                        99,
                        237
                    ],
                    [
                        95,
                        237
                    ],
                    [
                        94,
                        236
                    ],
                    [
                        88,
                        236
                    ],
                    [
                        87,
                        235
                    ],
                    [
                        82,
                        235
                    ],
                    [
                        81,
                        234
                    ],
                    [
                        71,
                        234
                    ],
                    [
                        70,
                        233
                    ],
                    [
                        61,
                        233
                    ],
                    [
                        60,
                        232
                    ],
                    [
                        45,
                        232
                    ],
                    [
                        44,
                        231
                    ],
                    [
                        38,
                        231
                    ],
                    [
                        37,
                        230
                    ]
                ],
                "interior": []
            }
        },
        {
            "id": 159589409,
            "classId": 6551258,
            "objectId": null,
            "description": "",
            "geometryType": "rectangle",
            "labelerLogin": "inbox@datasetninja.com",
            "createdAt": "2024-03-12T15:51:35.798Z",
            "updatedAt": "2024-03-12T15:51:35.798Z",
            "tags": [
                {
                    "id": 122069987,
                    "tagId": 32511,
                    "name": "object id",
                    "value": 1002,
                    "labelerLogin": "inbox@datasetninja.com",
                    "createdAt": "2024-03-12T15:51:35.798Z",
                    "updatedAt": "2024-03-12T15:51:35.798Z"
                },
                {
                    "id": 122069988,
                    "tagId": 32513,
                    "name": "instance id",
                    "value": 2,
                    "labelerLogin": "inbox@datasetninja.com",
                    "createdAt": "2024-03-12T15:51:35.798Z",
                    "updatedAt": "2024-03-12T15:51:35.798Z"
                }
            ],
            "classTitle": "car",
            "points": {
                "exterior": [
                    [
                        0,
                        230
                    ],
                    [
                        287,
                        369
                    ]
                ],
                "interior": []
            }
        },
        {
            "id": 159589410,
            "classId": 6551258,
            "objectId": null,
            "description": "",
            "geometryType": "polygon",
            "labelerLogin": "inbox@datasetninja.com",
            "createdAt": "2024-03-12T15:51:35.801Z",
            "updatedAt": "2024-03-12T15:51:35.801Z",
            "tags": [
                {
                    "id": 122069989,
                    "tagId": 32511,
                    "name": "object id",
                    "value": 1018,
                    "labelerLogin": "inbox@datasetninja.com",
                    "createdAt": "2024-03-12T15:51:35.801Z",
                    "updatedAt": "2024-03-12T15:51:35.801Z"
                },
                {
                    "id": 122069990,
                    "tagId": 32513,
                    "name": "instance id",
                    "value": 18,
                    "labelerLogin": "inbox@datasetninja.com",
                    "createdAt": "2024-03-12T15:51:35.801Z",
                    "updatedAt": "2024-03-12T15:51:35.801Z"
                }
            ],
            "classTitle": "car",
            "points": {
                "exterior": [
                    [
                        866,
                        166
                    ],
                    [
                        865,
                        167
                    ],
                    [
                        858,
                        167
                    ],
                    [
                        857,
                        168
                    ],
                    [
                        855,
                        168
                    ],
                    [
                        854,
                        169
                    ],
                    [
                        852,
                        169
                    ],
                    [
                        851,
                        170
                    ],
                    [
                        850,
                        170
                    ],
                    [
                        849,
                        171
                    ],
                    [
                        847,
                        171
                    ],
                    [
                        846,
                        172
                    ],
                    [
                        844,
                        172
                    ],
                    [
                        842,
                        174
                    ],
                    [
                        841,
                        174
                    ],
                    [
                        839,
                        176
                    ],
                    [
                        837,
                        176
                    ],
                    [
                        836,
                        177
                    ],
                    [
                        834,
                        177
                    ],
                    [
                        833,
                        178
                    ],
                    [
                        825,
                        178
                    ],
                    [
                        824,
                        179
                    ],
                    [
                        820,
                        179
                    ],
                    [
                        819,
                        180
                    ],
                    [
                        818,
                        180
                    ],
                    [
                        816,
                        182
                    ],
                    [
                        816,
                        185
                    ],
                    [
                        815,
                        186
                    ],
                    [
                        815,
                        187
                    ],
                    [
                        814,
                        188
                    ],
                    [
                        814,
                        198
                    ],
                    [
                        816,
                        200
                    ],
                    [
                        816,
                        201
                    ],
                    [
                        818,
                        203
                    ],
                    [
                        819,
                        203
                    ],
                    [
                        820,
                        204
                    ],
                    [
                        823,
                        204
                    ],
                    [
                        824,
                        205
                    ],
                    [
                        827,
                        205
                    ],
                    [
                        828,
                        206
                    ],
                    [
                        830,
                        206
                    ],
                    [
                        831,
                        207
                    ],
                    [
                        832,
                        207
                    ],
                    [
                        834,
                        209
                    ],
                    [
                        835,
                        209
                    ],
                    [
                        836,
                        210
                    ],
                    [
                        837,
                        210
                    ],
                    [
                        838,
                        211
                    ],
                    [
                        842,
                        211
                    ],
                    [
                        843,
                        212
                    ],
                    [
                        845,
                        212
                    ],
                    [
                        846,
                        213
                    ],
                    [
                        856,
                        213
                    ],
                    [
                        858,
                        211
                    ],
                    [
                        861,
                        211
                    ],
                    [
                        863,
                        209
                    ],
                    [
                        863,
                        208
                    ],
                    [
                        864,
                        207
                    ],
                    [
                        865,
                        207
                    ],
                    [
                        866,
                        206
                    ],
                    [
                        911,
                        206
                    ],
                    [
                        912,
                        207
                    ],
                    [
                        914,
                        207
                    ],
                    [
                        915,
                        208
                    ],
                    [
                        928,
                        208
                    ],
                    [
                        929,
                        207
                    ],
                    [
                        930,
                        208
                    ],
                    [
                        931,
                        208
                    ],
                    [
                        932,
                        209
                    ],
                    [
                        934,
                        209
                    ],
                    [
                        935,
                        210
                    ],
                    [
                        936,
                        210
                    ],
                    [
                        937,
                        211
                    ],
                    [
                        942,
                        211
                    ],
                    [
                        943,
                        210
                    ],
                    [
                        945,
                        210
                    ],
                    [
                        946,
                        209
                    ],
                    [
                        947,
                        209
                    ],
                    [
                        950,
                        206
                    ],
                    [
                        951,
                        206
                    ],
                    [
                        952,
                        205
                    ],
                    [
                        954,
                        205
                    ],
                    [
                        955,
                        204
                    ],
                    [
                        958,
                        204
                    ],
                    [
                        960,
                        202
                    ],
                    [
                        960,
                        199
                    ],
                    [
                        961,
                        198
                    ],
                    [
                        961,
                        195
                    ],
                    [
                        960,
                        194
                    ],
                    [
                        960,
                        191
                    ],
                    [
                        958,
                        189
                    ],
                    [
                        958,
                        188
                    ],
                    [
                        957,
                        188
                    ],
                    [
                        956,
                        187
                    ],
                    [
                        956,
                        186
                    ],
                    [
                        955,
                        186
                    ],
                    [
                        954,
                        185
                    ],
                    [
                        953,
                        185
                    ],
                    [
                        952,
                        184
                    ],
                    [
                        951,
                        184
                    ],
                    [
                        950,
                        183
                    ],
                    [
                        944,
                        183
                    ],
                    [
                        943,
                        182
                    ],
                    [
                        939,
                        182
                    ],
                    [
                        938,
                        181
                    ],
                    [
                        933,
                        181
                    ],
                    [
                        932,
                        180
                    ],
                    [
                        929,
                        180
                    ],
                    [
                        928,
                        179
                    ],
                    [
                        925,
                        179
                    ],
                    [
                        924,
                        178
                    ],
                    [
                        923,
                        178
                    ],
                    [
                        922,
                        177
                    ],
                    [
                        921,
                        177
                    ],
                    [
                        920,
                        176
                    ],
                    [
                        919,
                        176
                    ],
                    [
                        918,
                        175
                    ],
                    [
                        918,
                        174
                    ],
                    [
                        916,
                        174
                    ],
                    [
                        914,
                        172
                    ],
                    [
                        912,
                        172
                    ],
                    [
                        911,
                        171
                    ],
                    [
                        909,
                        171
                    ],
                    [
                        908,
                        170
                    ],
                    [
                        907,
                        170
                    ],
                    [
                        906,
                        169
                    ],
                    [
                        904,
                        169
                    ],
                    [
                        903,
                        168
                    ],
                    [
                        901,
                        168
                    ],
                    [
                        900,
                        167
                    ],
                    [
                        894,
                        167
                    ],
                    [
                        893,
                        166
                    ]
                ],
                "interior": []
            }
        },
        {
            "id": 159589411,
            "classId": 6551258,
            "objectId": null,
            "description": "",
            "geometryType": "rectangle",
            "labelerLogin": "inbox@datasetninja.com",
            "createdAt": "2024-03-12T15:51:35.801Z",
            "updatedAt": "2024-03-12T15:51:35.801Z",
            "tags": [
                {
                    "id": 122069991,
                    "tagId": 32511,
                    "name": "object id",
                    "value": 1018,
                    "labelerLogin": "inbox@datasetninja.com",
                    "createdAt": "2024-03-12T15:51:35.801Z",
                    "updatedAt": "2024-03-12T15:51:35.801Z"
                },
                {
                    "id": 122069992,
                    "tagId": 32513,
                    "name": "instance id",
                    "value": 18,
                    "labelerLogin": "inbox@datasetninja.com",
                    "createdAt": "2024-03-12T15:51:35.801Z",
                    "updatedAt": "2024-03-12T15:51:35.801Z"
                }
            ],
            "classTitle": "car",
            "points": {
                "exterior": [
                    [
                        814,
                        166
                    ],
                    [
                        961,
                        213
                    ]
                ],
                "interior": []
            }
        },
        {
            "id": 159589412,
            "classId": 6551257,
            "objectId": null,
            "description": "",
            "geometryType": "polygon",
            "labelerLogin": "inbox@datasetninja.com",
            "createdAt": "2024-03-12T15:51:35.802Z",
            "updatedAt": "2024-03-12T15:51:35.802Z",
            "tags": [
                {
                    "id": 122069993,
                    "tagId": 32511,
                    "name": "object id",
                    "value": 2010,
                    "labelerLogin": "inbox@datasetninja.com",
                    "createdAt": "2024-03-12T15:51:35.802Z",
                    "updatedAt": "2024-03-12T15:51:35.802Z"
                },
                {
                    "id": 122069994,
                    "tagId": 32513,
                    "name": "instance id",
                    "value": 10,
                    "labelerLogin": "inbox@datasetninja.com",
                    "createdAt": "2024-03-12T15:51:35.802Z",
                    "updatedAt": "2024-03-12T15:51:35.802Z"
                }
            ],
            "classTitle": "pedestrian",
            "points": {
                "exterior": [
                    [
                        1223,
                        213
                    ],
                    [
                        1221,
                        215
                    ],
                    [
                        1221,
                        216
                    ],
                    [
                        1219,
                        218
                    ],
                    [
                        1219,
                        220
                    ],
                    [
                        1218,
                        221
                    ],
                    [
                        1218,
                        223
                    ],
                    [
                        1219,
                        224
                    ],
                    [
                        1219,
                        225
                    ],
                    [
                        1221,
                        227
                    ],
                    [
                        1221,
                        228
                    ],
                    [
                        1222,
                        229
                    ],
                    [
                        1223,
                        228
                    ]
                ],
                "interior": []
            }
        },
        {
            "id": 159589413,
            "classId": 6551257,
            "objectId": null,
            "description": "",
            "geometryType": "rectangle",
            "labelerLogin": "inbox@datasetninja.com",
            "createdAt": "2024-03-12T15:51:35.803Z",
            "updatedAt": "2024-03-12T15:51:35.803Z",
            "tags": [
                {
                    "id": 122069995,
                    "tagId": 32511,
                    "name": "object id",
                    "value": 2010,
                    "labelerLogin": "inbox@datasetninja.com",
                    "createdAt": "2024-03-12T15:51:35.802Z",
                    "updatedAt": "2024-03-12T15:51:35.802Z"
                },
                {
                    "id": 122069996,
                    "tagId": 32513,
                    "name": "instance id",
                    "value": 10,
                    "labelerLogin": "inbox@datasetninja.com",
                    "createdAt": "2024-03-12T15:51:35.802Z",
                    "updatedAt": "2024-03-12T15:51:35.802Z"
                }
            ],
            "classTitle": "pedestrian",
            "points": {
                "exterior": [
                    [
                        1218,
                        213
                    ],
                    [
                        1223,
                        229
                    ]
                ],
                "interior": []
            }
        },
        {
            "id": 159589414,
            "classId": 6551259,
            "objectId": null,
            "description": "",
            "geometryType": "polygon",
            "labelerLogin": "inbox@datasetninja.com",
            "createdAt": "2024-03-12T15:51:35.803Z",
            "updatedAt": "2024-03-12T15:51:35.803Z",
            "tags": [],
            "classTitle": "ignore region",
            "points": {
                "exterior": [
                    [
                        558,
                        168
                    ],
                    [
                        558,
                        183
                    ],
                    [
                        599,
                        183
                    ],
                    [
                        599,
                        168
                    ]
                ],
                "interior": []
            }
        },
        {
            "id": 159589415,
            "classId": 6551259,
            "objectId": null,
            "description": "",
            "geometryType": "rectangle",
            "labelerLogin": "inbox@datasetninja.com",
            "createdAt": "2024-03-12T15:51:35.803Z",
            "updatedAt": "2024-03-12T15:51:35.803Z",
            "tags": [],
            "classTitle": "ignore region",
            "points": {
                "exterior": [
                    [
                        558,
                        168
                    ],
                    [
                        599,
                        183
                    ]
                ],
                "interior": []
            }
        },
        {
            "id": 159589416,
            "classId": 6551259,
            "objectId": null,
            "description": "",
            "geometryType": "polygon",
            "labelerLogin": "inbox@datasetninja.com",
            "createdAt": "2024-03-12T15:51:35.804Z",
            "updatedAt": "2024-03-12T15:51:35.804Z",
            "tags": [],
            "classTitle": "ignore region",
            "points": {
                "exterior": [
                    [
                        654,
                        164
                    ],
                    [
                        654,
                        180
                    ],
                    [
                        682,
                        180
                    ],
                    [
                        682,
                        164
                    ]
                ],
                "interior": []
            }
        },
        {
            "id": 159589417,
            "classId": 6551259,
            "objectId": null,
            "description": "",
            "geometryType": "rectangle",
            "labelerLogin": "inbox@datasetninja.com",
            "createdAt": "2024-03-12T15:51:35.804Z",
            "updatedAt": "2024-03-12T15:51:35.804Z",
            "tags": [],
            "classTitle": "ignore region",
            "points": {
                "exterior": [
                    [
                        654,
                        164
                    ],
                    [
                        682,
                        180
                    ]
                ],
                "interior": []
            }
        },
        {
            "id": 159589418,
            "classId": 6551259,
            "objectId": null,
            "description": "",
            "geometryType": "polygon",
            "labelerLogin": "inbox@datasetninja.com",
            "createdAt": "2024-03-12T15:51:35.804Z",
            "updatedAt": "2024-03-12T15:51:35.804Z",
            "tags": [],
            "classTitle": "ignore region",
            "points": {
                "exterior": [
                    [
                        706,
                        162
                    ],
                    [
                        706,
                        181
                    ],
                    [
                        725,
                        181
                    ],
                    [
                        725,
                        162
                    ]
                ],
                "interior": []
            }
        },
        {
            "id": 159589419,
            "classId": 6551259,
            "objectId": null,
            "description": "",
            "geometryType": "rectangle",
            "labelerLogin": "inbox@datasetninja.com",
            "createdAt": "2024-03-12T15:51:35.805Z",
            "updatedAt": "2024-03-12T15:51:35.805Z",
            "tags": [],
            "classTitle": "ignore region",
            "points": {
                "exterior": [
                    [
                        706,
                        162
                    ],
                    [
                        725,
                        181
                    ]
                ],
                "interior": []
            }
        },
        {
            "id": 159589420,
            "classId": 6551259,
            "objectId": null,
            "description": "",
            "geometryType": "polygon",
            "labelerLogin": "inbox@datasetninja.com",
            "createdAt": "2024-03-12T15:51:35.805Z",
            "updatedAt": "2024-03-12T15:51:35.805Z",
            "tags": [],
            "classTitle": "ignore region",
            "points": {
                "exterior": [
                    [
                        622,
                        162
                    ],
                    [
                        622,
                        175
                    ],
                    [
                        637,
                        175
                    ],
                    [
                        637,
                        162
                    ]
                ],
                "interior": []
            }
        },
        {
            "id": 159589421,
            "classId": 6551259,
            "objectId": null,
            "description": "",
            "geometryType": "rectangle",
            "labelerLogin": "inbox@datasetninja.com",
            "createdAt": "2024-03-12T15:51:35.805Z",
            "updatedAt": "2024-03-12T15:51:35.805Z",
            "tags": [],
            "classTitle": "ignore region",
            "points": {
                "exterior": [
                    [
                        622,
                        162
                    ],
                    [
                        637,
                        175
                    ]
                ],
                "interior": []
            }
        },
        {
            "id": 159589422,
            "classId": 6551259,
            "objectId": null,
            "description": "",
            "geometryType": "polygon",
            "labelerLogin": "inbox@datasetninja.com",
            "createdAt": "2024-03-12T15:51:35.805Z",
            "updatedAt": "2024-03-12T15:51:35.805Z",
            "tags": [],
            "classTitle": "ignore region",
            "points": {
                "exterior": [
                    [
                        873,
                        154
                    ],
                    [
                        873,
                        165
                    ],
                    [
                        893,
                        165
                    ],
                    [
                        894,
                        166
                    ],
                    [
                        900,
                        166
                    ],
                    [
                        901,
                        167
                    ],
                    [
                        903,
                        167
                    ],
                    [
                        904,
                        168
                    ],
                    [
                        906,
                        168
                    ],
                    [
                        907,
                        169
                    ],
                    [
                        908,
                        169
                    ],
                    [
                        909,
                        170
                    ],
                    [
                        911,
                        170
                    ],
                    [
                        912,
                        171
                    ],
                    [
                        914,
                        171
                    ],
                    [
                        915,
                        172
                    ],
                    [
                        915,
                        154
                    ]
                ],
                "interior": []
            }
        },
        {
            "id": 159589423,
            "classId": 6551259,
            "objectId": null,
            "description": "",
            "geometryType": "rectangle",
            "labelerLogin": "inbox@datasetninja.com",
            "createdAt": "2024-03-12T15:51:35.805Z",
            "updatedAt": "2024-03-12T15:51:35.805Z",
            "tags": [],
            "classTitle": "ignore region",
            "points": {
                "exterior": [
                    [
                        873,
                        154
                    ],
                    [
                        915,
                        172
                    ]
                ],
                "interior": []
            }
        },
        {
            "id": 159589424,
            "classId": 6551259,
            "objectId": null,
            "description": "",
            "geometryType": "polygon",
            "labelerLogin": "inbox@datasetninja.com",
            "createdAt": "2024-03-12T15:51:35.806Z",
            "updatedAt": "2024-03-12T15:51:35.806Z",
            "tags": [],
            "classTitle": "ignore region",
            "points": {
                "exterior": [
                    [
                        992,
                        147
                    ],
                    [
                        992,
                        216
                    ],
                    [
                        1028,
                        216
                    ],
                    [
                        1028,
                        147
                    ]
                ],
                "interior": []
            }
        },
        {
            "id": 159589425,
            "classId": 6551259,
            "objectId": null,
            "description": "",
            "geometryType": "rectangle",
            "labelerLogin": "inbox@datasetninja.com",
            "createdAt": "2024-03-12T15:51:35.806Z",
            "updatedAt": "2024-03-12T15:51:35.806Z",
            "tags": [],
            "classTitle": "ignore region",
            "points": {
                "exterior": [
                    [
                        992,
                        147
                    ],
                    [
                        1028,
                        216
                    ]
                ],
                "interior": []
            }
        }
    ]
}