{
    "description": "",
    "tags": [
        {
            "id": 21887662,
            "tagId": 32512,
            "name": "sequence",
            "value": "0015",
            "labelerLogin": "inbox@datasetninja.com",
            "createdAt": "2024-03-12T15:51:06.345Z",
            "updatedAt": "2024-03-12T15:51:06.345Z"
        }
    ],
    "size": {
        "height": 370,
        "width": 1224
    },
    "objects": [
        {
            "id": 159582253,
            "classId": 6551258,
            "objectId": null,
            "description": "",
            "geometryType": "polygon",
            "labelerLogin": "inbox@datasetninja.com",
            "createdAt": "2024-03-12T15:51:06.347Z",
            "updatedAt": "2024-03-12T15:51:06.347Z",
            "tags": [
                {
                    "id": 122062481,
                    "tagId": 32511,
                    "name": "object id",
                    "value": 1002,
                    "labelerLogin": "inbox@datasetninja.com",
                    "createdAt": "2024-03-12T15:51:06.347Z",
                    "updatedAt": "2024-03-12T15:51:06.347Z"
                },
                {
                    "id": 122062482,
                    "tagId": 32513,
                    "name": "instance id",
                    "value": 2,
                    "labelerLogin": "inbox@datasetninja.com",
                    "createdAt": "2024-03-12T15:51:06.347Z",
                    "updatedAt": "2024-03-12T15:51:06.347Z"
                }
            ],
            "classTitle": "car",
            "points": {
                "exterior": [
                    [
                        0,
                        230
                    ],
                    [
                        0,
                        369
                    ],
                    [
                        278,
                        369
                    ],
                    [
                        278,
                        368
                    ],
                    [
                        279,
                        367
                    ],
                    [
                        279,
                        365
                    ],
                    [
                        280,
                        364
                    ],
                    [
                        280,
                        359
                    ],
                    [
                        281,
                        358
                    ],
                    [
                        281,
                        356
                    ],
                    [
                        282,
                        355
                    ],
                    [
                        282,
                        353
                    ],
                    [
                        283,
                        352
                    ],
                    [
                        283,
                        350
                    ],
                    [
                        284,
                        349
                    ],
                    [
                        284,
                        348
                    ],
                    [
                        285,
                        347
                    ],
                    [
                        285,
                        346
                    ],
                    [
                        286,
                        345
                    ],
                    [
                        286,
                        338
                    ],
                    [
                        287,
                        337
                    ],
                    [
                        287,
                        324
                    ],
                    [
                        286,
                        323
                    ],
                    [
                        286,
                        318
                    ],
                    [
                        284,
                        316
                    ],
                    [
                        284,
                        314
                    ],
                    [
                        283,
                        313
                    ],
                    [
                        283,
                        310
                    ],
                    [
                        282,
                        309
                    ],
                    [
                        282,
                        307
                    ],
                    [
                        281,
                        306
                    ],
                    [
                        281,
                        305
                    ],
                    [
                        280,
                        304
                    ],
                    [
                        280,
                        302
                    ],
                    [
                        277,
                        299
                    ],
                    [
                        277,
                        298
                    ],
                    [
                        276,
                        298
                    ],
                    [
                        275,
                        297
                    ],
                    [
                        275,
                        296
                    ],
                    [
                        274,
                        296
                    ],
                    [
                        271,
                        293
                    ],
                    [
                        269,
                        293
                    ],
                    [
                        268,
                        292
                    ],
                    [
                        265,
                        292
                    ],
                    [
                        264,
                        291
                    ],
                    [
                        262,
                        291
                    ],
                    [
                        261,
                        290
                    ],
                    [
                        254,
                        290
                    ],
                    [
                        253,
                        289
                    ],
                    [
                        242,
                        289
                    ],
                    [
                        241,
                        288
                    ],
                    [
                        224,
                        288
                    ],
                    [
                        223,
                        287
                    ],
                    [
                        218,
                        287
                    ],
                    [
                        217,
                        286
                    ],
                    [
                        211,
                        286
                    ],
                    [
                        210,
                        287
                    ],
                    [
                        206,
                        287
                    ],
                    [
                        205,
                        288
                    ],
                    [
                        201,
                        288
                    ],
                    [
                        200,
                        287
                    ],
                    [
                        199,
                        287
                    ],
                    [
                        198,
                        286
                    ],
                    [
                        195,
                        286
                    ],
                    [
                        194,
                        285
                    ],
                    [
                        192,
                        285
                    ],
                    [
                        191,
                        284
                    ],
                    [
                        190,
                        284
                    ],
                    [
                        189,
                        283
                    ],
                    [
                        189,
                        282
                    ],
                    [
                        188,
                        282
                    ],
                    [
                        186,
                        280
                    ],
                    [
                        185,
                        280
                    ],
                    [
                        184,
                        279
                    ],
                    [
                        184,
                        278
                    ],
                    [
                        183,
                        278
                    ],
                    [
                        181,
                        276
                    ],
                    [
                        180,
                        276
                    ],
                    [
                        178,
                        274
                    ],
                    [
                        177,
                        274
                    ],
                    [
                        176,
                        273
                    ],
                    [
                        176,
                        272
                    ],
                    [
                        175,
                        272
                    ],
                    [
                        173,
                        270
                    ],
                    [
                        172,
                        270
                    ],
                    [
                        171,
                        269
                    ],
                    [
                        170,
                        269
                    ],
                    [
                        169,
                        268
                    ],
                    [
                        168,
                        268
                    ],
                    [
                        165,
                        265
                    ],
                    [
                        164,
                        265
                    ],
                    [
                        163,
                        264
                    ],
                    [
                        162,
                        264
                    ],
                    [
                        160,
                        262
                    ],
                    [
                        159,
                        262
                    ],
                    [
                        158,
                        261
                    ],
                    [
                        156,
                        261
                    ],
                    [
                        153,
                        258
                    ],
                    [
                        151,
                        258
                    ],
                    [
                        150,
                        257
                    ],
                    [
                        149,
                        257
                    ],
                    [
                        148,
                        256
                    ],
                    [
                        147,
                        256
                    ],
                    [
                        146,
                        255
                    ],
                    [
                        145,
                        255
                    ],
                    [
                        143,
                        253
                    ],
                    [
                        141,
                        253
                    ],
                    [
                        140,
                        252
                    ],
                    [
                        138,
                        252
                    ],
                    [
                        137,
                        251
                    ],
                    [
                        136,
                        251
                    ],
                    [
                        135,
                        250
                    ],
                    [
                        134,
                        250
                    ],
                    [
                        133,
                        249
                    ],
                    [
                        132,
                        249
                    ],
                    [
                        131,
                        248
                    ],
                    [
                        130,
                        248
                    ],
                    [
                        128,
                        246
                    ],
                    [
                        126,
                        246
                    ],
                    [
                        125,
                        245
                    ],
                    [
                        123,
                        245
                    ],
                    [
                        122,
                        244
                    ],
                    [
                        120,
                        244
                    ],
                    [
                        118,
                        242
                    ],
                    [
                        115,
                        242
                    ],
                    [
                        114,
                        241
                    ],
                    [
                        111,
                        241
                    ],
                    [
                        110,
                        240
                    ],
                    [
                        107,
                        240
                    ],
                    [
                        106,
                        239
                    ],
                    [
                        105,
                        239
                    ],
                    [
                        104,
                        238
                    ],
                    [
                        100,
                        238
                    ],
                    [
                        99,
                        237
                    ],
                    [
                        95,
                        237
                    ],
                    [
                        94,
                        236
                    ],
                    [
                        88,
                        236
                    ],
                    [
                        87,
                        235
                    ],
                    [
                        82,
                        235
                    ],
                    [
                        81,
                        234
                    ],
                    [
                        71,
                        234
                    ],
                    [
                        70,
                        233
                    ],
                    [
                        61,
                        233
                    ],
                    [
                        60,
                        232
                    ],
                    [
                        46,
                        232
                    ],
                    [
                        45,
                        231
                    ],
                    [
                        38,
                        231
                    ],
                    [
                        37,
                        230
                    ]
                ],
                "interior": []
            }
        },
        {
            "id": 159582255,
            "classId": 6551258,
            "objectId": null,
            "description": "",
            "geometryType": "rectangle",
            "labelerLogin": "inbox@datasetninja.com",
            "createdAt": "2024-03-12T15:51:06.348Z",
            "updatedAt": "2024-03-12T15:51:06.348Z",
            "tags": [
                {
                    "id": 122062483,
                    "tagId": 32511,
                    "name": "object id",
                    "value": 1002,
                    "labelerLogin": "inbox@datasetninja.com",
                    "createdAt": "2024-03-12T15:51:06.348Z",
                    "updatedAt": "2024-03-12T15:51:06.348Z"
                },
                {
                    "id": 122062484,
                    "tagId": 32513,
                    "name": "instance id",
                    "value": 2,
                    "labelerLogin": "inbox@datasetninja.com",
                    "createdAt": "2024-03-12T15:51:06.348Z",
                    "updatedAt": "2024-03-12T15:51:06.348Z"
                }
            ],
            "classTitle": "car",
            "points": {
                "exterior": [
                    [
                        0,
                        230
                    ],
                    [
                        287,
                        369
                    ]
                ],
                "interior": []
            }
        },
        {
            "id": 159582258,
            "classId": 6551258,
            "objectId": null,
            "description": "",
            "geometryType": "polygon",
            "labelerLogin": "inbox@datasetninja.com",
            "createdAt": "2024-03-12T15:51:06.349Z",
            "updatedAt": "2024-03-12T15:51:06.349Z",
            "tags": [
                {
                    "id": 122062485,
                    "tagId": 32511,
                    "name": "object id",
                    "value": 1018,
                    "labelerLogin": "inbox@datasetninja.com",
                    "createdAt": "2024-03-12T15:51:06.349Z",
                    "updatedAt": "2024-03-12T15:51:06.349Z"
                },
                {
                    "id": 122062486,
                    "tagId": 32513,
                    "name": "instance id",
                    "value": 18,
                    "labelerLogin": "inbox@datasetninja.com",
                    "createdAt": "2024-03-12T15:51:06.349Z",
                    "updatedAt": "2024-03-12T15:51:06.349Z"
                }
            ],
            "classTitle": "car",
            "points": {
                "exterior": [
                    [
                        508,
                        173
                    ],
                    [
                        507,
                        174
                    ],
                    [
                        502,
                        174
                    ],
                    [
                        501,
                        175
                    ],
                    [
                        499,
                        175
                    ],
                    [
                        497,
                        177
                    ],
                    [
                        496,
                        177
                    ],
                    [
                        490,
                        183
                    ],
                    [
                        488,
                        183
                    ],
                    [
                        487,
                        184
                    ],
                    [
                        485,
                        184
                    ],
                    [
                        483,
                        186
                    ],
                    [
                        483,
                        188
                    ],
                    [
                        482,
                        189
                    ],
                    [
                        482,
                        200
                    ],
                    [
                        483,
                        201
                    ],
                    [
                        483,
                        204
                    ],
                    [
                        484,
                        205
                    ],
                    [
                        484,
                        207
                    ],
                    [
                        486,
                        209
                    ],
                    [
                        486,
                        210
                    ],
                    [
                        492,
                        210
                    ],
                    [
                        494,
                        208
                    ],
                    [
                        494,
                        207
                    ],
                    [
                        495,
                        206
                    ],
                    [
                        509,
                        206
                    ],
                    [
                        510,
                        207
                    ],
                    [
                        515,
                        207
                    ],
                    [
                        518,
                        210
                    ],
                    [
                        519,
                        210
                    ],
                    [
                        520,
                        211
                    ],
                    [
                        525,
                        211
                    ],
                    [
                        528,
                        208
                    ],
                    [
                        542,
                        208
                    ],
                    [
                        543,
                        207
                    ],
                    [
                        551,
                        207
                    ],
                    [
                        555,
                        211
                    ],
                    [
                        559,
                        211
                    ],
                    [
                        563,
                        207
                    ],
                    [
                        563,
                        206
                    ],
                    [
                        564,
                        205
                    ],
                    [
                        564,
                        204
                    ],
                    [
                        565,
                        203
                    ],
                    [
                        565,
                        195
                    ],
                    [
                        564,
                        194
                    ],
                    [
                        564,
                        192
                    ],
                    [
                        563,
                        191
                    ],
                    [
                        563,
                        189
                    ],
                    [
                        562,
                        189
                    ],
                    [
                        560,
                        187
                    ],
                    [
                        559,
                        187
                    ],
                    [
                        558,
                        186
                    ],
                    [
                        557,
                        186
                    ],
                    [
                        556,
                        185
                    ],
                    [
                        554,
                        185
                    ],
                    [
                        553,
                        184
                    ],
                    [
                        552,
                        184
                    ],
                    [
                        551,
                        183
                    ],
                    [
                        550,
                        183
                    ],
                    [
                        548,
                        181
                    ],
                    [
                        547,
                        181
                    ],
                    [
                        545,
                        179
                    ],
                    [
                        544,
                        179
                    ],
                    [
                        543,
                        178
                    ],
                    [
                        542,
                        178
                    ],
                    [
                        540,
                        176
                    ],
                    [
                        539,
                        176
                    ],
                    [
                        538,
                        175
                    ],
                    [
                        537,
                        175
                    ],
                    [
                        536,
                        174
                    ],
                    [
                        534,
                        174
                    ],
                    [
                        533,
                        173
                    ]
                ],
                "interior": []
            }
        },
        {
            "id": 159582260,
            "classId": 6551258,
            "objectId": null,
            "description": "",
            "geometryType": "rectangle",
            "labelerLogin": "inbox@datasetninja.com",
            "createdAt": "2024-03-12T15:51:06.350Z",
            "updatedAt": "2024-03-12T15:51:06.350Z",
            "tags": [
                {
                    "id": 122062487,
                    "tagId": 32511,
                    "name": "object id",
                    "value": 1018,
                    "labelerLogin": "inbox@datasetninja.com",
                    "createdAt": "2024-03-12T15:51:06.350Z",
                    "updatedAt": "2024-03-12T15:51:06.350Z"
                },
                {
                    "id": 122062488,
                    "tagId": 32513,
                    "name": "instance id",
                    "value": 18,
                    "labelerLogin": "inbox@datasetninja.com",
                    "createdAt": "2024-03-12T15:51:06.350Z",
                    "updatedAt": "2024-03-12T15:51:06.350Z"
                }
            ],
            "classTitle": "car",
            "points": {
                "exterior": [
                    [
                        482,
                        173
                    ],
                    [
                        565,
                        211
                    ]
                ],
                "interior": []
            }
        },
        {
            "id": 159582262,
            "classId": 6551257,
            "objectId": null,
            "description": "",
            "geometryType": "polygon",
            "labelerLogin": "inbox@datasetninja.com",
            "createdAt": "2024-03-12T15:51:06.351Z",
            "updatedAt": "2024-03-12T15:51:06.351Z",
            "tags": [
                {
                    "id": 122062489,
                    "tagId": 32511,
                    "name": "object id",
                    "value": 2010,
                    "labelerLogin": "inbox@datasetninja.com",
                    "createdAt": "2024-03-12T15:51:06.350Z",
                    "updatedAt": "2024-03-12T15:51:06.350Z"
                },
                {
                    "id": 122062490,
                    "tagId": 32513,
                    "name": "instance id",
                    "value": 10,
                    "labelerLogin": "inbox@datasetninja.com",
                    "createdAt": "2024-03-12T15:51:06.350Z",
                    "updatedAt": "2024-03-12T15:51:06.350Z"
                }
            ],
            "classTitle": "pedestrian",
            "points": {
                "exterior": [
                    [
                        1074,
                        151
                    ],
                    [
                        1073,
                        152
                    ],
                    [
                        1067,
                        152
                    ],
                    [
                        1065,
                        154
                    ],
                    [
                        1065,
                        155
                    ],
                    [
                        1064,
                        156
                    ],
                    [
                        1064,
                        158
                    ],
                    [
                        1065,
                        159
                    ],
                    [
                        1065,
                        164
                    ],
                    [
                        1064,
                        165
                    ],
                    [
                        1064,
                        166
                    ],
                    [
                        1061,
                        169
                    ],
                    [
                        1060,
                        169
                    ],
                    [
                        1060,
                        170
                    ],
                    [
                        1059,
                        171
                    ],
                    [
                        1058,
                        171
                    ],
                    [
                        1058,
                        173
                    ],
                    [
                        1061,
                        173
                    ],
                    [
                        1062,
                        172
                    ],
                    [
                        1063,
                        172
                    ],
                    [
                        1064,
                        173
                    ],
                    [
                        1066,
                        173
                    ],
                    [
                        1068,
                        175
                    ],
                    [
                        1068,
                        176
                    ],
                    [
                        1073,
                        181
                    ],
                    [
                        1074,
                        181
                    ],
                    [
                        1075,
                        182
                    ],
                    [
                        1075,
                        183
                    ],
                    [
                        1076,
                        184
                    ],
                    [
                        1076,
                        187
                    ],
                    [
                        1077,
                        188
                    ],
                    [
                        1077,
                        191
                    ],
                    [
                        1076,
                        192
                    ],
                    [
                        1076,
                        194
                    ],
                    [
                        1075,
                        195
                    ],
                    [
                        1075,
                        196
                    ],
                    [
                        1074,
                        197
                    ],
                    [
                        1073,
                        197
                    ],
                    [
                        1072,
                        198
                    ],
                    [
                        1069,
                        198
                    ],
                    [
                        1068,
                        199
                    ],
                    [
                        1066,
                        199
                    ],
                    [
                        1065,
                        200
                    ],
                    [
                        1061,
                        200
                    ],
                    [
                        1061,
                        203
                    ],
                    [
                        1063,
                        205
                    ],
                    [
                        1063,
                        207
                    ],
                    [
                        1064,
                        207
                    ],
                    [
                        1065,
                        208
                    ],
                    [
                        1065,
                        209
                    ],
                    [
                        1068,
                        212
                    ],
                    [
                        1068,
                        218
                    ],
                    [
                        1067,
                        219
                    ],
                    [
                        1067,
                        220
                    ],
                    [
                        1065,
                        222
                    ],
                    [
                        1065,
                        223
                    ],
                    [
                        1064,
                        224
                    ],
                    [
                        1063,
                        224
                    ],
                    [
                        1063,
                        225
                    ],
                    [
                        1062,
                        226
                    ],
                    [
                        1061,
                        226
                    ],
                    [
                        1059,
                        228
                    ],
                    [
                        1058,
                        228
                    ],
                    [
                        1058,
                        229
                    ],
                    [
                        1057,
                        230
                    ],
                    [
                        1056,
                        230
                    ],
                    [
                        1054,
                        232
                    ],
                    [
                        1053,
                        232
                    ],
                    [
                        1052,
                        233
                    ],
                    [
                        1051,
                        233
                    ],
                    [
                        1050,
                        234
                    ],
                    [
                        1050,
                        237
                    ],
                    [
                        1051,
                        238
                    ],
                    [
                        1051,
                        239
                    ],
                    [
                        1052,
                        240
                    ],
                    [
                        1052,
                        241
                    ],
                    [
                        1053,
                        242
                    ],
                    [
                        1053,
                        243
                    ],
                    [
                        1055,
                        245
                    ],
                    [
                        1055,
                        246
                    ],
                    [
                        1057,
                        248
                    ],
                    [
                        1058,
                        248
                    ],
                    [
                        1059,
                        249
                    ],
                    [
                        1060,
                        249
                    ],
                    [
                        1061,
                        248
                    ],
                    [
                        1061,
                        246
                    ],
                    [
                        1060,
                        245
                    ],
                    [
                        1060,
                        239
                    ],
                    [
                        1062,
                        237
                    ],
                    [
                        1064,
                        237
                    ],
                    [
                        1064,
                        236
                    ],
                    [
                        1066,
                        234
                    ],
                    [
                        1067,
                        234
                    ],
                    [
                        1069,
                        232
                    ],
                    [
                        1071,
                        232
                    ],
                    [
                        1072,
                        233
                    ],
                    [
                        1072,
                        234
                    ],
                    [
                        1073,
                        235
                    ],
                    [
                        1073,
                        237
                    ],
                    [
                        1075,
                        239
                    ],
                    [
                        1075,
                        241
                    ],
                    [
                        1076,
                        241
                    ],
                    [
                        1076,
                        239
                    ],
                    [
                        1079,
                        236
                    ],
                    [
                        1079,
                        219
                    ],
                    [
                        1080,
                        218
                    ],
                    [
                        1080,
                        214
                    ],
                    [
                        1081,
                        213
                    ],
                    [
                        1081,
                        207
                    ],
                    [
                        1080,
                        206
                    ],
                    [
                        1080,
                        202
                    ],
                    [
                        1079,
                        201
                    ],
                    [
                        1079,
                        199
                    ],
                    [
                        1078,
                        198
                    ],
                    [
                        1078,
                        197
                    ],
                    [
                        1077,
                        196
                    ],
                    [
                        1077,
                        192
                    ],
                    [
                        1078,
                        191
                    ],
                    [
                        1078,
                        190
                    ],
                    [
                        1079,
                        189
                    ],
                    [
                        1079,
                        187
                    ],
                    [
                        1080,
                        186
                    ],
                    [
                        1080,
                        182
                    ],
                    [
                        1081,
                        181
                    ],
                    [
                        1081,
                        177
                    ],
                    [
                        1080,
                        176
                    ],
                    [
                        1080,
                        173
                    ],
                    [
                        1079,
                        172
                    ],
                    [
                        1079,
                        171
                    ],
                    [
                        1077,
                        169
                    ],
                    [
                        1077,
                        167
                    ],
                    [
                        1078,
                        166
                    ],
                    [
                        1078,
                        165
                    ],
                    [
                        1079,
                        164
                    ],
                    [
                        1079,
                        162
                    ],
                    [
                        1080,
                        161
                    ],
                    [
                        1080,
                        154
                    ],
                    [
                        1079,
                        153
                    ],
                    [
                        1078,
                        153
                    ],
                    [
                        1077,
                        152
                    ],
                    [
                        1075,
                        152
                    ]
                ],
                "interior": []
            }
        },
        {
            "id": 159582264,
            "classId": 6551257,
            "objectId": null,
            "description": "",
            "geometryType": "rectangle",
            "labelerLogin": "inbox@datasetninja.com",
            "createdAt": "2024-03-12T15:51:06.355Z",
            "updatedAt": "2024-03-12T15:51:06.355Z",
            "tags": [
                {
                    "id": 122062491,
                    "tagId": 32511,
                    "name": "object id",
                    "value": 2010,
                    "labelerLogin": "inbox@datasetninja.com",
                    "createdAt": "2024-03-12T15:51:06.355Z",
                    "updatedAt": "2024-03-12T15:51:06.355Z"
                },
                {
                    "id": 122062492,
                    "tagId": 32513,
                    "name": "instance id",
                    "value": 10,
                    "labelerLogin": "inbox@datasetninja.com",
                    "createdAt": "2024-03-12T15:51:06.355Z",
                    "updatedAt": "2024-03-12T15:51:06.355Z"
                }
            ],
            "classTitle": "pedestrian",
            "points": {
                "exterior": [
                    [
                        1050,
                        151
                    ],
                    [
                        1081,
                        249
                    ]
                ],
                "interior": []
            }
        },
        {
            "id": 159582267,
            "classId": 6551257,
            "objectId": null,
            "description": "",
            "geometryType": "polygon",
            "labelerLogin": "inbox@datasetninja.com",
            "createdAt": "2024-03-12T15:51:06.356Z",
            "updatedAt": "2024-03-12T15:51:06.356Z",
            "tags": [
                {
                    "id": 122062493,
                    "tagId": 32511,
                    "name": "object id",
                    "value": 2011,
                    "labelerLogin": "inbox@datasetninja.com",
                    "createdAt": "2024-03-12T15:51:06.356Z",
                    "updatedAt": "2024-03-12T15:51:06.356Z"
                },
                {
                    "id": 122062494,
                    "tagId": 32513,
                    "name": "instance id",
                    "value": 11,
                    "labelerLogin": "inbox@datasetninja.com",
                    "createdAt": "2024-03-12T15:51:06.356Z",
                    "updatedAt": "2024-03-12T15:51:06.356Z"
                }
            ],
            "classTitle": "pedestrian",
            "points": {
                "exterior": [
                    [
                        1098,
                        154
                    ],
                    [
                        1097,
                        155
                    ],
                    [
                        1096,
                        155
                    ],
                    [
                        1095,
                        156
                    ],
                    [
                        1095,
                        157
                    ],
                    [
                        1094,
                        158
                    ],
                    [
                        1094,
                        160
                    ],
                    [
                        1093,
                        161
                    ],
                    [
                        1093,
                        167
                    ],
                    [
                        1091,
                        169
                    ],
                    [
                        1089,
                        169
                    ],
                    [
                        1089,
                        170
                    ],
                    [
                        1087,
                        172
                    ],
                    [
                        1087,
                        177
                    ],
                    [
                        1089,
                        179
                    ],
                    [
                        1089,
                        184
                    ],
                    [
                        1091,
                        186
                    ],
                    [
                        1091,
                        194
                    ],
                    [
                        1090,
                        195
                    ],
                    [
                        1090,
                        199
                    ],
                    [
                        1089,
                        200
                    ],
                    [
                        1089,
                        204
                    ],
                    [
                        1090,
                        205
                    ],
                    [
                        1090,
                        206
                    ],
                    [
                        1091,
                        207
                    ],
                    [
                        1091,
                        208
                    ],
                    [
                        1094,
                        211
                    ],
                    [
                        1094,
                        212
                    ],
                    [
                        1097,
                        215
                    ],
                    [
                        1097,
                        216
                    ],
                    [
                        1098,
                        217
                    ],
                    [
                        1098,
                        220
                    ],
                    [
                        1097,
                        221
                    ],
                    [
                        1097,
                        222
                    ],
                    [
                        1096,
                        223
                    ],
                    [
                        1096,
                        225
                    ],
                    [
                        1091,
                        230
                    ],
                    [
                        1090,
                        230
                    ],
                    [
                        1089,
                        231
                    ],
                    [
                        1088,
                        231
                    ],
                    [
                        1087,
                        232
                    ],
                    [
                        1086,
                        232
                    ],
                    [
                        1084,
                        234
                    ],
                    [
                        1082,
                        234
                    ],
                    [
                        1077,
                        239
                    ],
                    [
                        1077,
                        241
                    ],
                    [
                        1076,
                        242
                    ],
                    [
                        1076,
                        243
                    ],
                    [
                        1078,
                        245
                    ],
                    [
                        1081,
                        245
                    ],
                    [
                        1082,
                        246
                    ],
                    [
                        1082,
                        247
                    ],
                    [
                        1083,
                        247
                    ],
                    [
                        1085,
                        249
                    ],
                    [
                        1086,
                        249
                    ],
                    [
                        1088,
                        247
                    ],
                    [
                        1088,
                        243
                    ],
                    [
                        1096,
                        235
                    ],
                    [
                        1099,
                        235
                    ],
                    [
                        1100,
                        236
                    ],
                    [
                        1100,
                        238
                    ],
                    [
                        1101,
                        239
                    ],
                    [
                        1101,
                        240
                    ],
                    [
                        1102,
                        241
                    ],
                    [
                        1102,
                        245
                    ],
                    [
                        1103,
                        246
                    ],
                    [
                        1103,
                        247
                    ],
                    [
                        1104,
                        248
                    ],
                    [
                        1115,
                        248
                    ],
                    [
                        1112,
                        245
                    ],
                    [
                        1112,
                        244
                    ],
                    [
                        1111,
                        244
                    ],
                    [
                        1110,
                        243
                    ],
                    [
                        1110,
                        242
                    ],
                    [
                        1108,
                        240
                    ],
                    [
                        1108,
                        238
                    ],
                    [
                        1107,
                        237
                    ],
                    [
                        1107,
                        236
                    ],
                    [
                        1106,
                        235
                    ],
                    [
                        1106,
                        231
                    ],
                    [
                        1105,
                        230
                    ],
                    [
                        1105,
                        227
                    ],
                    [
                        1104,
                        226
                    ],
                    [
                        1104,
                        222
                    ],
                    [
                        1106,
                        220
                    ],
                    [
                        1106,
                        219
                    ],
                    [
                        1108,
                        217
                    ],
                    [
                        1108,
                        212
                    ],
                    [
                        1109,
                        211
                    ],
                    [
                        1109,
                        210
                    ],
                    [
                        1110,
                        209
                    ],
                    [
                        1110,
                        208
                    ],
                    [
                        1111,
                        207
                    ],
                    [
                        1112,
                        207
                    ],
                    [
                        1112,
                        193
                    ],
                    [
                        1111,
                        192
                    ],
                    [
                        1111,
                        180
                    ],
                    [
                        1110,
                        179
                    ],
                    [
                        1110,
                        176
                    ],
                    [
                        1109,
                        175
                    ],
                    [
                        1109,
                        174
                    ],
                    [
                        1108,
                        173
                    ],
                    [
                        1108,
                        172
                    ],
                    [
                        1107,
                        171
                    ],
                    [
                        1107,
                        170
                    ],
                    [
                        1106,
                        169
                    ],
                    [
                        1106,
                        160
                    ],
                    [
                        1105,
                        159
                    ],
                    [
                        1105,
                        156
                    ],
                    [
                        1103,
                        154
                    ]
                ],
                "interior": []
            }
        },
        {
            "id": 159582269,
            "classId": 6551257,
            "objectId": null,
            "description": "",
            "geometryType": "rectangle",
            "labelerLogin": "inbox@datasetninja.com",
            "createdAt": "2024-03-12T15:51:06.357Z",
            "updatedAt": "2024-03-12T15:51:06.357Z",
            "tags": [
                {
                    "id": 122062495,
                    "tagId": 32511,
                    "name": "object id",
                    "value": 2011,
                    "labelerLogin": "inbox@datasetninja.com",
                    "createdAt": "2024-03-12T15:51:06.356Z",
                    "updatedAt": "2024-03-12T15:51:06.356Z"
                },
                {
                    "id": 122062496,
                    "tagId": 32513,
                    "name": "instance id",
                    "value": 11,
                    "labelerLogin": "inbox@datasetninja.com",
                    "createdAt": "2024-03-12T15:51:06.356Z",
                    "updatedAt": "2024-03-12T15:51:06.356Z"
                }
            ],
            "classTitle": "pedestrian",
            "points": {
                "exterior": [
                    [
                        1076,
                        154
                    ],
                    [
                        1115,
                        249
                    ]
                ],
                "interior": []
            }
        },
        {
            "id": 159582271,
            "classId": 6551259,
            "objectId": null,
            "description": "",
            "geometryType": "polygon",
            "labelerLogin": "inbox@datasetninja.com",
            "createdAt": "2024-03-12T15:51:06.357Z",
            "updatedAt": "2024-03-12T15:51:06.357Z",
            "tags": [],
            "classTitle": "ignore region",
            "points": {
                "exterior": [
                    [
                        629,
                        166
                    ],
                    [
                        629,
                        182
                    ],
                    [
                        680,
                        182
                    ],
                    [
                        680,
                        166
                    ]
                ],
                "interior": []
            }
        },
        {
            "id": 159582273,
            "classId": 6551259,
            "objectId": null,
            "description": "",
            "geometryType": "rectangle",
            "labelerLogin": "inbox@datasetninja.com",
            "createdAt": "2024-03-12T15:51:06.357Z",
            "updatedAt": "2024-03-12T15:51:06.357Z",
            "tags": [],
            "classTitle": "ignore region",
            "points": {
                "exterior": [
                    [
                        629,
                        166
                    ],
                    [
                        680,
                        182
                    ]
                ],
                "interior": []
            }
        },
        {
            "id": 159582275,
            "classId": 6551259,
            "objectId": null,
            "description": "",
            "geometryType": "polygon",
            "labelerLogin": "inbox@datasetninja.com",
            "createdAt": "2024-03-12T15:51:06.358Z",
            "updatedAt": "2024-03-12T15:51:06.358Z",
            "tags": [],
            "classTitle": "ignore region",
            "points": {
                "exterior": [
                    [
                        568,
                        164
                    ],
                    [
                        568,
                        184
                    ],
                    [
                        606,
                        184
                    ],
                    [
                        606,
                        164
                    ]
                ],
                "interior": []
            }
        },
        {
            "id": 159582278,
            "classId": 6551259,
            "objectId": null,
            "description": "",
            "geometryType": "rectangle",
            "labelerLogin": "inbox@datasetninja.com",
            "createdAt": "2024-03-12T15:51:06.358Z",
            "updatedAt": "2024-03-12T15:51:06.358Z",
            "tags": [],
            "classTitle": "ignore region",
            "points": {
                "exterior": [
                    [
                        568,
                        164
                    ],
                    [
                        606,
                        184
                    ]
                ],
                "interior": []
            }
        },
        {
            "id": 159582280,
            "classId": 6551259,
            "objectId": null,
            "description": "",
            "geometryType": "polygon",
            "labelerLogin": "inbox@datasetninja.com",
            "createdAt": "2024-03-12T15:51:06.359Z",
            "updatedAt": "2024-03-12T15:51:06.359Z",
            "tags": [],
            "classTitle": "ignore region",
            "points": {
                "exterior": [
                    [
                        723,
                        160
                    ],
                    [
                        723,
                        180
                    ],
                    [
                        744,
                        180
                    ],
                    [
                        744,
                        160
                    ]
                ],
                "interior": []
            }
        },
        {
            "id": 159582282,
            "classId": 6551259,
            "objectId": null,
            "description": "",
            "geometryType": "rectangle",
            "labelerLogin": "inbox@datasetninja.com",
            "createdAt": "2024-03-12T15:51:06.359Z",
            "updatedAt": "2024-03-12T15:51:06.359Z",
            "tags": [],
            "classTitle": "ignore region",
            "points": {
                "exterior": [
                    [
                        723,
                        160
                    ],
                    [
                        744,
                        180
                    ]
                ],
                "interior": []
            }
        },
        {
            "id": 159582284,
            "classId": 6551259,
            "objectId": null,
            "description": "",
            "geometryType": "polygon",
            "labelerLogin": "inbox@datasetninja.com",
            "createdAt": "2024-03-12T15:51:06.360Z",
            "updatedAt": "2024-03-12T15:51:06.360Z",
            "tags": [],
            "classTitle": "ignore region",
            "points": {
                "exterior": [
                    [
                        872,
                        154
                    ],
                    [
                        872,
                        195
                    ],
                    [
                        914,
                        195
                    ],
                    [
                        914,
                        154
                    ]
                ],
                "interior": []
            }
        },
        {
            "id": 159582286,
            "classId": 6551259,
            "objectId": null,
            "description": "",
            "geometryType": "rectangle",
            "labelerLogin": "inbox@datasetninja.com",
            "createdAt": "2024-03-12T15:51:06.360Z",
            "updatedAt": "2024-03-12T15:51:06.360Z",
            "tags": [],
            "classTitle": "ignore region",
            "points": {
                "exterior": [
                    [
                        872,
                        154
                    ],
                    [
                        914,
                        195
                    ]
                ],
                "interior": []
            }
        },
        {
            "id": 159582288,
            "classId": 6551259,
            "objectId": null,
            "description": "",
            "geometryType": "polygon",
            "labelerLogin": "inbox@datasetninja.com",
            "createdAt": "2024-03-12T15:51:06.361Z",
            "updatedAt": "2024-03-12T15:51:06.361Z",
            "tags": [],
            "classTitle": "ignore region",
            "points": {
                "exterior": [
                    [
                        992,
                        147
                    ],
                    [
                        992,
                        216
                    ],
                    [
                        1028,
                        216
                    ],
                    [
                        1028,
                        147
                    ]
                ],
                "interior": []
            }
        },
        {
            "id": 159582289,
            "classId": 6551259,
            "objectId": null,
            "description": "",
            "geometryType": "rectangle",
            "labelerLogin": "inbox@datasetninja.com",
            "createdAt": "2024-03-12T15:51:06.361Z",
            "updatedAt": "2024-03-12T15:51:06.361Z",
            "tags": [],
            "classTitle": "ignore region",
            "points": {
                "exterior": [
                    [
                        992,
                        147
                    ],
                    [
                        1028,
                        216
                    ]
                ],
                "interior": []
            }
        }
    ]
}