{
    "description": "",
    "tags": [
        {
            "id": 21887627,
            "tagId": 32512,
            "name": "sequence",
            "value": "0015",
            "labelerLogin": "inbox@datasetninja.com",
            "createdAt": "2024-03-12T15:50:54.491Z",
            "updatedAt": "2024-03-12T15:50:54.491Z"
        }
    ],
    "size": {
        "height": 370,
        "width": 1224
    },
    "objects": [
        {
            "id": 159581392,
            "classId": 6551258,
            "objectId": null,
            "description": "",
            "geometryType": "polygon",
            "labelerLogin": "inbox@datasetninja.com",
            "createdAt": "2024-03-12T15:50:54.492Z",
            "updatedAt": "2024-03-12T15:50:54.492Z",
            "tags": [
                {
                    "id": 122061805,
                    "tagId": 32511,
                    "name": "object id",
                    "value": 1002,
                    "labelerLogin": "inbox@datasetninja.com",
                    "createdAt": "2024-03-12T15:50:54.492Z",
                    "updatedAt": "2024-03-12T15:50:54.492Z"
                },
                {
                    "id": 122061806,
                    "tagId": 32513,
                    "name": "instance id",
                    "value": 2,
                    "labelerLogin": "inbox@datasetninja.com",
                    "createdAt": "2024-03-12T15:50:54.492Z",
                    "updatedAt": "2024-03-12T15:50:54.492Z"
                }
            ],
            "classTitle": "car",
            "points": {
                "exterior": [
                    [
                        0,
                        230
                    ],
                    [
                        0,
                        369
                    ],
                    [
                        278,
                        369
                    ],
                    [
                        278,
                        368
                    ],
                    [
                        279,
                        367
                    ],
                    [
                        279,
                        365
                    ],
                    [
                        280,
                        364
                    ],
                    [
                        280,
                        360
                    ],
                    [
                        281,
                        359
                    ],
                    [
                        281,
                        356
                    ],
                    [
                        282,
                        355
                    ],
                    [
                        282,
                        353
                    ],
                    [
                        283,
                        352
                    ],
                    [
                        283,
                        350
                    ],
                    [
                        285,
                        348
                    ],
                    [
                        285,
                        346
                    ],
                    [
                        286,
                        345
                    ],
                    [
                        286,
                        339
                    ],
                    [
                        287,
                        338
                    ],
                    [
                        287,
                        323
                    ],
                    [
                        286,
                        322
                    ],
                    [
                        286,
                        318
                    ],
                    [
                        284,
                        316
                    ],
                    [
                        284,
                        314
                    ],
                    [
                        283,
                        313
                    ],
                    [
                        283,
                        310
                    ],
                    [
                        282,
                        309
                    ],
                    [
                        282,
                        307
                    ],
                    [
                        281,
                        306
                    ],
                    [
                        281,
                        305
                    ],
                    [
                        280,
                        304
                    ],
                    [
                        280,
                        302
                    ],
                    [
                        277,
                        299
                    ],
                    [
                        277,
                        298
                    ],
                    [
                        276,
                        298
                    ],
                    [
                        275,
                        297
                    ],
                    [
                        275,
                        296
                    ],
                    [
                        274,
                        296
                    ],
                    [
                        271,
                        293
                    ],
                    [
                        269,
                        293
                    ],
                    [
                        268,
                        292
                    ],
                    [
                        265,
                        292
                    ],
                    [
                        264,
                        291
                    ],
                    [
                        262,
                        291
                    ],
                    [
                        261,
                        290
                    ],
                    [
                        254,
                        290
                    ],
                    [
                        253,
                        289
                    ],
                    [
                        243,
                        289
                    ],
                    [
                        242,
                        288
                    ],
                    [
                        225,
                        288
                    ],
                    [
                        224,
                        287
                    ],
                    [
                        220,
                        287
                    ],
                    [
                        219,
                        286
                    ],
                    [
                        210,
                        286
                    ],
                    [
                        209,
                        287
                    ],
                    [
                        199,
                        287
                    ],
                    [
                        198,
                        286
                    ],
                    [
                        195,
                        286
                    ],
                    [
                        194,
                        285
                    ],
                    [
                        192,
                        285
                    ],
                    [
                        189,
                        282
                    ],
                    [
                        188,
                        282
                    ],
                    [
                        186,
                        280
                    ],
                    [
                        185,
                        280
                    ],
                    [
                        184,
                        279
                    ],
                    [
                        184,
                        278
                    ],
                    [
                        183,
                        278
                    ],
                    [
                        182,
                        277
                    ],
                    [
                        181,
                        277
                    ],
                    [
                        178,
                        274
                    ],
                    [
                        177,
                        274
                    ],
                    [
                        176,
                        273
                    ],
                    [
                        176,
                        272
                    ],
                    [
                        175,
                        272
                    ],
                    [
                        173,
                        270
                    ],
                    [
                        172,
                        270
                    ],
                    [
                        171,
                        269
                    ],
                    [
                        170,
                        269
                    ],
                    [
                        169,
                        268
                    ],
                    [
                        168,
                        268
                    ],
                    [
                        165,
                        265
                    ],
                    [
                        164,
                        265
                    ],
                    [
                        163,
                        264
                    ],
                    [
                        162,
                        264
                    ],
                    [
                        160,
                        262
                    ],
                    [
                        159,
                        262
                    ],
                    [
                        158,
                        261
                    ],
                    [
                        156,
                        261
                    ],
                    [
                        154,
                        259
                    ],
                    [
                        153,
                        259
                    ],
                    [
                        152,
                        258
                    ],
                    [
                        151,
                        258
                    ],
                    [
                        150,
                        257
                    ],
                    [
                        149,
                        257
                    ],
                    [
                        148,
                        256
                    ],
                    [
                        146,
                        256
                    ],
                    [
                        144,
                        254
                    ],
                    [
                        143,
                        254
                    ],
                    [
                        142,
                        253
                    ],
                    [
                        140,
                        253
                    ],
                    [
                        139,
                        252
                    ],
                    [
                        137,
                        252
                    ],
                    [
                        135,
                        250
                    ],
                    [
                        133,
                        250
                    ],
                    [
                        131,
                        248
                    ],
                    [
                        130,
                        248
                    ],
                    [
                        129,
                        247
                    ],
                    [
                        128,
                        247
                    ],
                    [
                        127,
                        246
                    ],
                    [
                        126,
                        246
                    ],
                    [
                        125,
                        245
                    ],
                    [
                        122,
                        245
                    ],
                    [
                        121,
                        244
                    ],
                    [
                        120,
                        244
                    ],
                    [
                        118,
                        242
                    ],
                    [
                        115,
                        242
                    ],
                    [
                        114,
                        241
                    ],
                    [
                        111,
                        241
                    ],
                    [
                        110,
                        240
                    ],
                    [
                        107,
                        240
                    ],
                    [
                        106,
                        239
                    ],
                    [
                        105,
                        239
                    ],
                    [
                        104,
                        238
                    ],
                    [
                        100,
                        238
                    ],
                    [
                        99,
                        237
                    ],
                    [
                        95,
                        237
                    ],
                    [
                        94,
                        236
                    ],
                    [
                        88,
                        236
                    ],
                    [
                        87,
                        235
                    ],
                    [
                        82,
                        235
                    ],
                    [
                        81,
                        234
                    ],
                    [
                        71,
                        234
                    ],
                    [
                        70,
                        233
                    ],
                    [
                        61,
                        233
                    ],
                    [
                        60,
                        232
                    ],
                    [
                        46,
                        232
                    ],
                    [
                        45,
                        231
                    ],
                    [
                        39,
                        231
                    ],
                    [
                        38,
                        230
                    ]
                ],
                "interior": []
            }
        },
        {
            "id": 159581393,
            "classId": 6551258,
            "objectId": null,
            "description": "",
            "geometryType": "rectangle",
            "labelerLogin": "inbox@datasetninja.com",
            "createdAt": "2024-03-12T15:50:54.492Z",
            "updatedAt": "2024-03-12T15:50:54.492Z",
            "tags": [
                {
                    "id": 122061807,
                    "tagId": 32511,
                    "name": "object id",
                    "value": 1002,
                    "labelerLogin": "inbox@datasetninja.com",
                    "createdAt": "2024-03-12T15:50:54.492Z",
                    "updatedAt": "2024-03-12T15:50:54.492Z"
                },
                {
                    "id": 122061808,
                    "tagId": 32513,
                    "name": "instance id",
                    "value": 2,
                    "labelerLogin": "inbox@datasetninja.com",
                    "createdAt": "2024-03-12T15:50:54.492Z",
                    "updatedAt": "2024-03-12T15:50:54.492Z"
                }
            ],
            "classTitle": "car",
            "points": {
                "exterior": [
                    [
                        0,
                        230
                    ],
                    [
                        287,
                        369
                    ]
                ],
                "interior": []
            }
        },
        {
            "id": 159581394,
            "classId": 6551258,
            "objectId": null,
            "description": "",
            "geometryType": "polygon",
            "labelerLogin": "inbox@datasetninja.com",
            "createdAt": "2024-03-12T15:50:54.493Z",
            "updatedAt": "2024-03-12T15:50:54.493Z",
            "tags": [
                {
                    "id": 122061809,
                    "tagId": 32511,
                    "name": "object id",
                    "value": 1018,
                    "labelerLogin": "inbox@datasetninja.com",
                    "createdAt": "2024-03-12T15:50:54.492Z",
                    "updatedAt": "2024-03-12T15:50:54.492Z"
                },
                {
                    "id": 122061810,
                    "tagId": 32513,
                    "name": "instance id",
                    "value": 18,
                    "labelerLogin": "inbox@datasetninja.com",
                    "createdAt": "2024-03-12T15:50:54.492Z",
                    "updatedAt": "2024-03-12T15:50:54.492Z"
                }
            ],
            "classTitle": "car",
            "points": {
                "exterior": [
                    [
                        450,
                        175
                    ],
                    [
                        449,
                        176
                    ],
                    [
                        447,
                        176
                    ],
                    [
                        444,
                        179
                    ],
                    [
                        444,
                        180
                    ],
                    [
                        441,
                        183
                    ],
                    [
                        440,
                        183
                    ],
                    [
                        439,
                        184
                    ],
                    [
                        439,
                        185
                    ],
                    [
                        440,
                        186
                    ],
                    [
                        440,
                        197
                    ],
                    [
                        441,
                        198
                    ],
                    [
                        441,
                        204
                    ],
                    [
                        442,
                        204
                    ],
                    [
                        443,
                        205
                    ],
                    [
                        444,
                        204
                    ],
                    [
                        445,
                        204
                    ],
                    [
                        447,
                        202
                    ],
                    [
                        462,
                        202
                    ],
                    [
                        463,
                        201
                    ],
                    [
                        469,
                        201
                    ],
                    [
                        470,
                        200
                    ],
                    [
                        471,
                        200
                    ],
                    [
                        472,
                        201
                    ],
                    [
                        473,
                        201
                    ],
                    [
                        474,
                        202
                    ],
                    [
                        478,
                        202
                    ],
                    [
                        478,
                        192
                    ],
                    [
                        477,
                        191
                    ],
                    [
                        477,
                        188
                    ],
                    [
                        476,
                        187
                    ],
                    [
                        476,
                        185
                    ],
                    [
                        477,
                        184
                    ],
                    [
                        477,
                        183
                    ],
                    [
                        475,
                        181
                    ],
                    [
                        474,
                        181
                    ],
                    [
                        471,
                        178
                    ],
                    [
                        471,
                        177
                    ],
                    [
                        470,
                        177
                    ],
                    [
                        468,
                        175
                    ]
                ],
                "interior": []
            }
        },
        {
            "id": 159581395,
            "classId": 6551258,
            "objectId": null,
            "description": "",
            "geometryType": "rectangle",
            "labelerLogin": "inbox@datasetninja.com",
            "createdAt": "2024-03-12T15:50:54.493Z",
            "updatedAt": "2024-03-12T15:50:54.493Z",
            "tags": [
                {
                    "id": 122061811,
                    "tagId": 32511,
                    "name": "object id",
                    "value": 1018,
                    "labelerLogin": "inbox@datasetninja.com",
                    "createdAt": "2024-03-12T15:50:54.493Z",
                    "updatedAt": "2024-03-12T15:50:54.493Z"
                },
                {
                    "id": 122061812,
                    "tagId": 32513,
                    "name": "instance id",
                    "value": 18,
                    "labelerLogin": "inbox@datasetninja.com",
                    "createdAt": "2024-03-12T15:50:54.493Z",
                    "updatedAt": "2024-03-12T15:50:54.493Z"
                }
            ],
            "classTitle": "car",
            "points": {
                "exterior": [
                    [
                        439,
                        175
                    ],
                    [
                        478,
                        205
                    ]
                ],
                "interior": []
            }
        },
        {
            "id": 159581396,
            "classId": 6551257,
            "objectId": null,
            "description": "",
            "geometryType": "polygon",
            "labelerLogin": "inbox@datasetninja.com",
            "createdAt": "2024-03-12T15:50:54.493Z",
            "updatedAt": "2024-03-12T15:50:54.493Z",
            "tags": [
                {
                    "id": 122061813,
                    "tagId": 32511,
                    "name": "object id",
                    "value": 2010,
                    "labelerLogin": "inbox@datasetninja.com",
                    "createdAt": "2024-03-12T15:50:54.493Z",
                    "updatedAt": "2024-03-12T15:50:54.493Z"
                },
                {
                    "id": 122061814,
                    "tagId": 32513,
                    "name": "instance id",
                    "value": 10,
                    "labelerLogin": "inbox@datasetninja.com",
                    "createdAt": "2024-03-12T15:50:54.493Z",
                    "updatedAt": "2024-03-12T15:50:54.493Z"
                }
            ],
            "classTitle": "pedestrian",
            "points": {
                "exterior": [
                    [
                        893,
                        215
                    ],
                    [
                        892,
                        216
                    ],
                    [
                        890,
                        216
                    ],
                    [
                        890,
                        217
                    ],
                    [
                        891,
                        218
                    ],
                    [
                        891,
                        219
                    ],
                    [
                        892,
                        220
                    ],
                    [
                        892,
                        221
                    ],
                    [
                        893,
                        222
                    ],
                    [
                        893,
                        223
                    ],
                    [
                        894,
                        224
                    ],
                    [
                        894,
                        226
                    ],
                    [
                        893,
                        227
                    ],
                    [
                        893,
                        230
                    ],
                    [
                        892,
                        231
                    ],
                    [
                        892,
                        232
                    ],
                    [
                        891,
                        233
                    ],
                    [
                        891,
                        234
                    ],
                    [
                        890,
                        235
                    ],
                    [
                        890,
                        236
                    ],
                    [
                        889,
                        237
                    ],
                    [
                        889,
                        238
                    ],
                    [
                        888,
                        239
                    ],
                    [
                        888,
                        241
                    ],
                    [
                        887,
                        242
                    ],
                    [
                        887,
                        243
                    ],
                    [
                        886,
                        244
                    ],
                    [
                        886,
                        246
                    ],
                    [
                        885,
                        247
                    ],
                    [
                        885,
                        248
                    ],
                    [
                        884,
                        249
                    ],
                    [
                        884,
                        251
                    ],
                    [
                        883,
                        252
                    ],
                    [
                        883,
                        253
                    ],
                    [
                        882,
                        254
                    ],
                    [
                        882,
                        257
                    ],
                    [
                        881,
                        258
                    ],
                    [
                        881,
                        263
                    ],
                    [
                        885,
                        263
                    ],
                    [
                        886,
                        262
                    ],
                    [
                        887,
                        262
                    ],
                    [
                        888,
                        263
                    ],
                    [
                        888,
                        264
                    ],
                    [
                        889,
                        265
                    ],
                    [
                        897,
                        265
                    ],
                    [
                        896,
                        264
                    ],
                    [
                        895,
                        264
                    ],
                    [
                        892,
                        261
                    ],
                    [
                        892,
                        260
                    ],
                    [
                        891,
                        259
                    ],
                    [
                        891,
                        258
                    ],
                    [
                        890,
                        257
                    ],
                    [
                        890,
                        256
                    ],
                    [
                        891,
                        255
                    ],
                    [
                        891,
                        253
                    ],
                    [
                        892,
                        252
                    ],
                    [
                        892,
                        250
                    ],
                    [
                        893,
                        249
                    ],
                    [
                        893,
                        247
                    ],
                    [
                        894,
                        246
                    ],
                    [
                        894,
                        245
                    ],
                    [
                        895,
                        244
                    ],
                    [
                        895,
                        243
                    ],
                    [
                        898,
                        240
                    ],
                    [
                        898,
                        239
                    ],
                    [
                        901,
                        236
                    ],
                    [
                        901,
                        235
                    ],
                    [
                        902,
                        234
                    ],
                    [
                        903,
                        234
                    ],
                    [
                        904,
                        235
                    ],
                    [
                        904,
                        237
                    ],
                    [
                        905,
                        238
                    ],
                    [
                        905,
                        240
                    ],
                    [
                        906,
                        241
                    ],
                    [
                        906,
                        238
                    ],
                    [
                        907,
                        237
                    ],
                    [
                        907,
                        232
                    ],
                    [
                        908,
                        231
                    ],
                    [
                        908,
                        229
                    ],
                    [
                        906,
                        227
                    ],
                    [
                        905,
                        227
                    ],
                    [
                        901,
                        223
                    ],
                    [
                        901,
                        222
                    ],
                    [
                        900,
                        221
                    ],
                    [
                        900,
                        215
                    ]
                ],
                "interior": []
            }
        },
        {
            "id": 159581397,
            "classId": 6551257,
            "objectId": null,
            "description": "",
            "geometryType": "rectangle",
            "labelerLogin": "inbox@datasetninja.com",
            "createdAt": "2024-03-12T15:50:54.494Z",
            "updatedAt": "2024-03-12T15:50:54.494Z",
            "tags": [
                {
                    "id": 122061815,
                    "tagId": 32511,
                    "name": "object id",
                    "value": 2010,
                    "labelerLogin": "inbox@datasetninja.com",
                    "createdAt": "2024-03-12T15:50:54.494Z",
                    "updatedAt": "2024-03-12T15:50:54.494Z"
                },
                {
                    "id": 122061816,
                    "tagId": 32513,
                    "name": "instance id",
                    "value": 10,
                    "labelerLogin": "inbox@datasetninja.com",
                    "createdAt": "2024-03-12T15:50:54.494Z",
                    "updatedAt": "2024-03-12T15:50:54.494Z"
                }
            ],
            "classTitle": "pedestrian",
            "points": {
                "exterior": [
                    [
                        881,
                        215
                    ],
                    [
                        908,
                        265
                    ]
                ],
                "interior": []
            }
        },
        {
            "id": 159581398,
            "classId": 6551257,
            "objectId": null,
            "description": "",
            "geometryType": "polygon",
            "labelerLogin": "inbox@datasetninja.com",
            "createdAt": "2024-03-12T15:50:54.494Z",
            "updatedAt": "2024-03-12T15:50:54.494Z",
            "tags": [
                {
                    "id": 122061817,
                    "tagId": 32511,
                    "name": "object id",
                    "value": 2010,
                    "labelerLogin": "inbox@datasetninja.com",
                    "createdAt": "2024-03-12T15:50:54.494Z",
                    "updatedAt": "2024-03-12T15:50:54.494Z"
                },
                {
                    "id": 122061818,
                    "tagId": 32513,
                    "name": "instance id",
                    "value": 10,
                    "labelerLogin": "inbox@datasetninja.com",
                    "createdAt": "2024-03-12T15:50:54.494Z",
                    "updatedAt": "2024-03-12T15:50:54.494Z"
                }
            ],
            "classTitle": "pedestrian",
            "points": {
                "exterior": [
                    [
                        900,
                        165
                    ],
                    [
                        899,
                        166
                    ],
                    [
                        898,
                        166
                    ],
                    [
                        897,
                        167
                    ],
                    [
                        897,
                        168
                    ],
                    [
                        896,
                        169
                    ],
                    [
                        896,
                        170
                    ],
                    [
                        895,
                        171
                    ],
                    [
                        895,
                        181
                    ],
                    [
                        890,
                        186
                    ],
                    [
                        892,
                        186
                    ],
                    [
                        893,
                        185
                    ],
                    [
                        896,
                        185
                    ],
                    [
                        897,
                        186
                    ],
                    [
                        898,
                        186
                    ],
                    [
                        899,
                        187
                    ],
                    [
                        900,
                        187
                    ],
                    [
                        904,
                        183
                    ],
                    [
                        903,
                        182
                    ],
                    [
                        903,
                        181
                    ],
                    [
                        902,
                        180
                    ],
                    [
                        902,
                        178
                    ],
                    [
                        903,
                        177
                    ],
                    [
                        903,
                        175
                    ],
                    [
                        904,
                        174
                    ],
                    [
                        904,
                        173
                    ],
                    [
                        905,
                        172
                    ],
                    [
                        905,
                        171
                    ],
                    [
                        906,
                        170
                    ],
                    [
                        906,
                        167
                    ],
                    [
                        905,
                        167
                    ],
                    [
                        904,
                        166
                    ],
                    [
                        903,
                        166
                    ],
                    [
                        902,
                        165
                    ]
                ],
                "interior": []
            }
        },
        {
            "id": 159581399,
            "classId": 6551257,
            "objectId": null,
            "description": "",
            "geometryType": "rectangle",
            "labelerLogin": "inbox@datasetninja.com",
            "createdAt": "2024-03-12T15:50:54.496Z",
            "updatedAt": "2024-03-12T15:50:54.496Z",
            "tags": [
                {
                    "id": 122061819,
                    "tagId": 32511,
                    "name": "object id",
                    "value": 2010,
                    "labelerLogin": "inbox@datasetninja.com",
                    "createdAt": "2024-03-12T15:50:54.495Z",
                    "updatedAt": "2024-03-12T15:50:54.495Z"
                },
                {
                    "id": 122061820,
                    "tagId": 32513,
                    "name": "instance id",
                    "value": 10,
                    "labelerLogin": "inbox@datasetninja.com",
                    "createdAt": "2024-03-12T15:50:54.495Z",
                    "updatedAt": "2024-03-12T15:50:54.495Z"
                }
            ],
            "classTitle": "pedestrian",
            "points": {
                "exterior": [
                    [
                        890,
                        165
                    ],
                    [
                        906,
                        187
                    ]
                ],
                "interior": []
            }
        },
        {
            "id": 159581400,
            "classId": 6551257,
            "objectId": null,
            "description": "",
            "geometryType": "polygon",
            "labelerLogin": "inbox@datasetninja.com",
            "createdAt": "2024-03-12T15:50:54.496Z",
            "updatedAt": "2024-03-12T15:50:54.496Z",
            "tags": [
                {
                    "id": 122061821,
                    "tagId": 32511,
                    "name": "object id",
                    "value": 2011,
                    "labelerLogin": "inbox@datasetninja.com",
                    "createdAt": "2024-03-12T15:50:54.496Z",
                    "updatedAt": "2024-03-12T15:50:54.496Z"
                },
                {
                    "id": 122061822,
                    "tagId": 32513,
                    "name": "instance id",
                    "value": 11,
                    "labelerLogin": "inbox@datasetninja.com",
                    "createdAt": "2024-03-12T15:50:54.496Z",
                    "updatedAt": "2024-03-12T15:50:54.496Z"
                }
            ],
            "classTitle": "pedestrian",
            "points": {
                "exterior": [
                    [
                        909,
                        169
                    ],
                    [
                        908,
                        170
                    ],
                    [
                        907,
                        170
                    ],
                    [
                        906,
                        171
                    ],
                    [
                        906,
                        172
                    ],
                    [
                        905,
                        173
                    ],
                    [
                        905,
                        174
                    ],
                    [
                        904,
                        175
                    ],
                    [
                        904,
                        182
                    ],
                    [
                        905,
                        183
                    ],
                    [
                        899,
                        189
                    ],
                    [
                        899,
                        190
                    ],
                    [
                        897,
                        192
                    ],
                    [
                        897,
                        193
                    ],
                    [
                        896,
                        194
                    ],
                    [
                        896,
                        197
                    ],
                    [
                        895,
                        198
                    ],
                    [
                        895,
                        199
                    ],
                    [
                        897,
                        199
                    ],
                    [
                        898,
                        200
                    ],
                    [
                        900,
                        200
                    ],
                    [
                        901,
                        201
                    ],
                    [
                        901,
                        204
                    ],
                    [
                        902,
                        205
                    ],
                    [
                        902,
                        208
                    ],
                    [
                        903,
                        209
                    ],
                    [
                        903,
                        211
                    ],
                    [
                        902,
                        212
                    ],
                    [
                        902,
                        213
                    ],
                    [
                        901,
                        214
                    ],
                    [
                        901,
                        221
                    ],
                    [
                        902,
                        222
                    ],
                    [
                        902,
                        223
                    ],
                    [
                        905,
                        226
                    ],
                    [
                        906,
                        226
                    ],
                    [
                        909,
                        229
                    ],
                    [
                        909,
                        231
                    ],
                    [
                        908,
                        232
                    ],
                    [
                        908,
                        237
                    ],
                    [
                        907,
                        238
                    ],
                    [
                        907,
                        241
                    ],
                    [
                        906,
                        242
                    ],
                    [
                        906,
                        244
                    ],
                    [
                        904,
                        246
                    ],
                    [
                        904,
                        247
                    ],
                    [
                        901,
                        250
                    ],
                    [
                        901,
                        251
                    ],
                    [
                        898,
                        254
                    ],
                    [
                        898,
                        255
                    ],
                    [
                        897,
                        256
                    ],
                    [
                        898,
                        256
                    ],
                    [
                        899,
                        257
                    ],
                    [
                        900,
                        257
                    ],
                    [
                        901,
                        258
                    ],
                    [
                        901,
                        259
                    ],
                    [
                        904,
                        262
                    ],
                    [
                        905,
                        262
                    ],
                    [
                        906,
                        263
                    ],
                    [
                        906,
                        265
                    ],
                    [
                        907,
                        266
                    ],
                    [
                        907,
                        268
                    ],
                    [
                        913,
                        268
                    ],
                    [
                        914,
                        267
                    ],
                    [
                        920,
                        267
                    ],
                    [
                        922,
                        265
                    ],
                    [
                        919,
                        265
                    ],
                    [
                        918,
                        264
                    ],
                    [
                        917,
                        264
                    ],
                    [
                        914,
                        261
                    ],
                    [
                        914,
                        259
                    ],
                    [
                        913,
                        258
                    ],
                    [
                        913,
                        238
                    ],
                    [
                        914,
                        237
                    ],
                    [
                        915,
                        237
                    ],
                    [
                        917,
                        235
                    ],
                    [
                        917,
                        234
                    ],
                    [
                        919,
                        232
                    ],
                    [
                        919,
                        223
                    ],
                    [
                        920,
                        222
                    ],
                    [
                        921,
                        223
                    ],
                    [
                        922,
                        223
                    ],
                    [
                        923,
                        224
                    ],
                    [
                        923,
                        225
                    ],
                    [
                        924,
                        226
                    ],
                    [
                        924,
                        227
                    ],
                    [
                        924,
                        226
                    ],
                    [
                        925,
                        225
                    ],
                    [
                        925,
                        221
                    ],
                    [
                        924,
                        220
                    ],
                    [
                        924,
                        216
                    ],
                    [
                        923,
                        215
                    ],
                    [
                        923,
                        214
                    ],
                    [
                        922,
                        213
                    ],
                    [
                        922,
                        212
                    ],
                    [
                        921,
                        211
                    ],
                    [
                        921,
                        208
                    ],
                    [
                        920,
                        207
                    ],
                    [
                        920,
                        191
                    ],
                    [
                        919,
                        190
                    ],
                    [
                        919,
                        189
                    ],
                    [
                        918,
                        188
                    ],
                    [
                        918,
                        187
                    ],
                    [
                        917,
                        186
                    ],
                    [
                        917,
                        181
                    ],
                    [
                        918,
                        180
                    ],
                    [
                        918,
                        177
                    ],
                    [
                        917,
                        176
                    ],
                    [
                        917,
                        175
                    ],
                    [
                        916,
                        174
                    ],
                    [
                        916,
                        172
                    ],
                    [
                        915,
                        171
                    ],
                    [
                        915,
                        170
                    ],
                    [
                        913,
                        170
                    ],
                    [
                        912,
                        169
                    ]
                ],
                "interior": []
            }
        },
        {
            "id": 159581401,
            "classId": 6551257,
            "objectId": null,
            "description": "",
            "geometryType": "rectangle",
            "labelerLogin": "inbox@datasetninja.com",
            "createdAt": "2024-03-12T15:50:54.496Z",
            "updatedAt": "2024-03-12T15:50:54.496Z",
            "tags": [
                {
                    "id": 122061823,
                    "tagId": 32511,
                    "name": "object id",
                    "value": 2011,
                    "labelerLogin": "inbox@datasetninja.com",
                    "createdAt": "2024-03-12T15:50:54.496Z",
                    "updatedAt": "2024-03-12T15:50:54.496Z"
                },
                {
                    "id": 122061824,
                    "tagId": 32513,
                    "name": "instance id",
                    "value": 11,
                    "labelerLogin": "inbox@datasetninja.com",
                    "createdAt": "2024-03-12T15:50:54.496Z",
                    "updatedAt": "2024-03-12T15:50:54.496Z"
                }
            ],
            "classTitle": "pedestrian",
            "points": {
                "exterior": [
                    [
                        895,
                        169
                    ],
                    [
                        925,
                        268
                    ]
                ],
                "interior": []
            }
        },
        {
            "id": 159581402,
            "classId": 6551259,
            "objectId": null,
            "description": "",
            "geometryType": "polygon",
            "labelerLogin": "inbox@datasetninja.com",
            "createdAt": "2024-03-12T15:50:54.497Z",
            "updatedAt": "2024-03-12T15:50:54.497Z",
            "tags": [],
            "classTitle": "ignore region",
            "points": {
                "exterior": [
                    [
                        629,
                        166
                    ],
                    [
                        629,
                        182
                    ],
                    [
                        680,
                        182
                    ],
                    [
                        680,
                        166
                    ]
                ],
                "interior": []
            }
        },
        {
            "id": 159581403,
            "classId": 6551259,
            "objectId": null,
            "description": "",
            "geometryType": "rectangle",
            "labelerLogin": "inbox@datasetninja.com",
            "createdAt": "2024-03-12T15:50:54.497Z",
            "updatedAt": "2024-03-12T15:50:54.497Z",
            "tags": [],
            "classTitle": "ignore region",
            "points": {
                "exterior": [
                    [
                        629,
                        166
                    ],
                    [
                        680,
                        182
                    ]
                ],
                "interior": []
            }
        },
        {
            "id": 159581404,
            "classId": 6551259,
            "objectId": null,
            "description": "",
            "geometryType": "polygon",
            "labelerLogin": "inbox@datasetninja.com",
            "createdAt": "2024-03-12T15:50:54.497Z",
            "updatedAt": "2024-03-12T15:50:54.497Z",
            "tags": [],
            "classTitle": "ignore region",
            "points": {
                "exterior": [
                    [
                        566,
                        165
                    ],
                    [
                        566,
                        180
                    ],
                    [
                        594,
                        180
                    ],
                    [
                        594,
                        165
                    ]
                ],
                "interior": []
            }
        },
        {
            "id": 159581405,
            "classId": 6551259,
            "objectId": null,
            "description": "",
            "geometryType": "rectangle",
            "labelerLogin": "inbox@datasetninja.com",
            "createdAt": "2024-03-12T15:50:54.497Z",
            "updatedAt": "2024-03-12T15:50:54.497Z",
            "tags": [],
            "classTitle": "ignore region",
            "points": {
                "exterior": [
                    [
                        566,
                        165
                    ],
                    [
                        594,
                        180
                    ]
                ],
                "interior": []
            }
        },
        {
            "id": 159581406,
            "classId": 6551259,
            "objectId": null,
            "description": "",
            "geometryType": "polygon",
            "labelerLogin": "inbox@datasetninja.com",
            "createdAt": "2024-03-12T15:50:54.498Z",
            "updatedAt": "2024-03-12T15:50:54.498Z",
            "tags": [],
            "classTitle": "ignore region",
            "points": {
                "exterior": [
                    [
                        723,
                        160
                    ],
                    [
                        723,
                        180
                    ],
                    [
                        744,
                        180
                    ],
                    [
                        744,
                        160
                    ]
                ],
                "interior": []
            }
        },
        {
            "id": 159581407,
            "classId": 6551259,
            "objectId": null,
            "description": "",
            "geometryType": "rectangle",
            "labelerLogin": "inbox@datasetninja.com",
            "createdAt": "2024-03-12T15:50:54.498Z",
            "updatedAt": "2024-03-12T15:50:54.498Z",
            "tags": [],
            "classTitle": "ignore region",
            "points": {
                "exterior": [
                    [
                        723,
                        160
                    ],
                    [
                        744,
                        180
                    ]
                ],
                "interior": []
            }
        },
        {
            "id": 159581408,
            "classId": 6551259,
            "objectId": null,
            "description": "",
            "geometryType": "polygon",
            "labelerLogin": "inbox@datasetninja.com",
            "createdAt": "2024-03-12T15:50:54.500Z",
            "updatedAt": "2024-03-12T15:50:54.500Z",
            "tags": [],
            "classTitle": "ignore region",
            "points": {
                "exterior": [
                    [
                        872,
                        154
                    ],
                    [
                        872,
                        194
                    ],
                    [
                        895,
                        194
                    ],
                    [
                        896,
                        193
                    ],
                    [
                        896,
                        192
                    ],
                    [
                        898,
                        190
                    ],
                    [
                        898,
                        189
                    ],
                    [
                        899,
                        188
                    ],
                    [
                        898,
                        187
                    ],
                    [
                        897,
                        187
                    ],
                    [
                        896,
                        186
                    ],
                    [
                        893,
                        186
                    ],
                    [
                        892,
                        187
                    ],
                    [
                        890,
                        187
                    ],
                    [
                        889,
                        186
                    ],
                    [
                        894,
                        181
                    ],
                    [
                        894,
                        171
                    ],
                    [
                        895,
                        170
                    ],
                    [
                        895,
                        169
                    ],
                    [
                        896,
                        168
                    ],
                    [
                        896,
                        167
                    ],
                    [
                        898,
                        165
                    ],
                    [
                        899,
                        165
                    ],
                    [
                        900,
                        164
                    ],
                    [
                        902,
                        164
                    ],
                    [
                        903,
                        165
                    ],
                    [
                        904,
                        165
                    ],
                    [
                        905,
                        166
                    ],
                    [
                        906,
                        166
                    ],
                    [
                        907,
                        167
                    ],
                    [
                        907,
                        169
                    ],
                    [
                        908,
                        169
                    ],
                    [
                        909,
                        168
                    ],
                    [
                        912,
                        168
                    ],
                    [
                        913,
                        169
                    ],
                    [
                        914,
                        169
                    ],
                    [
                        914,
                        154
                    ]
                ],
                "interior": []
            }
        },
        {
            "id": 159581409,
            "classId": 6551259,
            "objectId": null,
            "description": "",
            "geometryType": "rectangle",
            "labelerLogin": "inbox@datasetninja.com",
            "createdAt": "2024-03-12T15:50:54.500Z",
            "updatedAt": "2024-03-12T15:50:54.500Z",
            "tags": [],
            "classTitle": "ignore region",
            "points": {
                "exterior": [
                    [
                        872,
                        154
                    ],
                    [
                        914,
                        194
                    ]
                ],
                "interior": []
            }
        },
        {
            "id": 159581410,
            "classId": 6551259,
            "objectId": null,
            "description": "",
            "geometryType": "polygon",
            "labelerLogin": "inbox@datasetninja.com",
            "createdAt": "2024-03-12T15:50:54.500Z",
            "updatedAt": "2024-03-12T15:50:54.500Z",
            "tags": [],
            "classTitle": "ignore region",
            "points": {
                "exterior": [
                    [
                        992,
                        147
                    ],
                    [
                        992,
                        216
                    ],
                    [
                        1028,
                        216
                    ],
                    [
                        1028,
                        147
                    ]
                ],
                "interior": []
            }
        },
        {
            "id": 159581411,
            "classId": 6551259,
            "objectId": null,
            "description": "",
            "geometryType": "rectangle",
            "labelerLogin": "inbox@datasetninja.com",
            "createdAt": "2024-03-12T15:50:54.500Z",
            "updatedAt": "2024-03-12T15:50:54.500Z",
            "tags": [],
            "classTitle": "ignore region",
            "points": {
                "exterior": [
                    [
                        992,
                        147
                    ],
                    [
                        1028,
                        216
                    ]
                ],
                "interior": []
            }
        }
    ]
}