{
    "description": "",
    "tags": [
        {
            "id": 21887584,
            "tagId": 32512,
            "name": "sequence",
            "value": "0015",
            "labelerLogin": "inbox@datasetninja.com",
            "createdAt": "2024-03-12T15:50:47.637Z",
            "updatedAt": "2024-03-12T15:50:47.637Z"
        }
    ],
    "size": {
        "height": 370,
        "width": 1224
    },
    "objects": [
        {
            "id": 159580456,
            "classId": 6551258,
            "objectId": null,
            "description": "",
            "geometryType": "polygon",
            "labelerLogin": "inbox@datasetninja.com",
            "createdAt": "2024-03-12T15:50:47.637Z",
            "updatedAt": "2024-03-12T15:50:47.637Z",
            "tags": [
                {
                    "id": 122060837,
                    "tagId": 32511,
                    "name": "object id",
                    "value": 1002,
                    "labelerLogin": "inbox@datasetninja.com",
                    "createdAt": "2024-03-12T15:50:47.637Z",
                    "updatedAt": "2024-03-12T15:50:47.637Z"
                },
                {
                    "id": 122060838,
                    "tagId": 32513,
                    "name": "instance id",
                    "value": 2,
                    "labelerLogin": "inbox@datasetninja.com",
                    "createdAt": "2024-03-12T15:50:47.637Z",
                    "updatedAt": "2024-03-12T15:50:47.637Z"
                }
            ],
            "classTitle": "car",
            "points": {
                "exterior": [
                    [
                        0,
                        230
                    ],
                    [
                        0,
                        369
                    ],
                    [
                        278,
                        369
                    ],
                    [
                        278,
                        368
                    ],
                    [
                        279,
                        367
                    ],
                    [
                        279,
                        364
                    ],
                    [
                        280,
                        363
                    ],
                    [
                        280,
                        359
                    ],
                    [
                        281,
                        358
                    ],
                    [
                        281,
                        356
                    ],
                    [
                        282,
                        355
                    ],
                    [
                        282,
                        353
                    ],
                    [
                        283,
                        352
                    ],
                    [
                        283,
                        351
                    ],
                    [
                        284,
                        350
                    ],
                    [
                        284,
                        348
                    ],
                    [
                        285,
                        347
                    ],
                    [
                        285,
                        341
                    ],
                    [
                        286,
                        340
                    ],
                    [
                        286,
                        331
                    ],
                    [
                        287,
                        330
                    ],
                    [
                        287,
                        325
                    ],
                    [
                        286,
                        324
                    ],
                    [
                        286,
                        321
                    ],
                    [
                        285,
                        320
                    ],
                    [
                        285,
                        317
                    ],
                    [
                        284,
                        316
                    ],
                    [
                        284,
                        314
                    ],
                    [
                        283,
                        313
                    ],
                    [
                        283,
                        309
                    ],
                    [
                        282,
                        308
                    ],
                    [
                        282,
                        307
                    ],
                    [
                        281,
                        306
                    ],
                    [
                        281,
                        304
                    ],
                    [
                        280,
                        303
                    ],
                    [
                        280,
                        302
                    ],
                    [
                        278,
                        300
                    ],
                    [
                        278,
                        299
                    ],
                    [
                        277,
                        299
                    ],
                    [
                        271,
                        293
                    ],
                    [
                        269,
                        293
                    ],
                    [
                        268,
                        292
                    ],
                    [
                        265,
                        292
                    ],
                    [
                        264,
                        291
                    ],
                    [
                        259,
                        291
                    ],
                    [
                        258,
                        290
                    ],
                    [
                        252,
                        290
                    ],
                    [
                        251,
                        289
                    ],
                    [
                        245,
                        289
                    ],
                    [
                        244,
                        288
                    ],
                    [
                        229,
                        288
                    ],
                    [
                        228,
                        287
                    ],
                    [
                        197,
                        287
                    ],
                    [
                        196,
                        286
                    ],
                    [
                        195,
                        286
                    ],
                    [
                        193,
                        284
                    ],
                    [
                        192,
                        284
                    ],
                    [
                        191,
                        283
                    ],
                    [
                        190,
                        283
                    ],
                    [
                        189,
                        282
                    ],
                    [
                        188,
                        282
                    ],
                    [
                        187,
                        281
                    ],
                    [
                        187,
                        280
                    ],
                    [
                        186,
                        280
                    ],
                    [
                        185,
                        279
                    ],
                    [
                        184,
                        279
                    ],
                    [
                        179,
                        274
                    ],
                    [
                        178,
                        274
                    ],
                    [
                        177,
                        273
                    ],
                    [
                        176,
                        273
                    ],
                    [
                        174,
                        271
                    ],
                    [
                        173,
                        271
                    ],
                    [
                        169,
                        267
                    ],
                    [
                        168,
                        267
                    ],
                    [
                        167,
                        266
                    ],
                    [
                        165,
                        266
                    ],
                    [
                        164,
                        265
                    ],
                    [
                        163,
                        265
                    ],
                    [
                        161,
                        263
                    ],
                    [
                        160,
                        263
                    ],
                    [
                        158,
                        261
                    ],
                    [
                        157,
                        261
                    ],
                    [
                        156,
                        260
                    ],
                    [
                        154,
                        260
                    ],
                    [
                        152,
                        258
                    ],
                    [
                        151,
                        258
                    ],
                    [
                        150,
                        257
                    ],
                    [
                        149,
                        257
                    ],
                    [
                        148,
                        256
                    ],
                    [
                        147,
                        256
                    ],
                    [
                        145,
                        254
                    ],
                    [
                        143,
                        254
                    ],
                    [
                        142,
                        253
                    ],
                    [
                        140,
                        253
                    ],
                    [
                        139,
                        252
                    ],
                    [
                        138,
                        252
                    ],
                    [
                        136,
                        250
                    ],
                    [
                        135,
                        250
                    ],
                    [
                        134,
                        249
                    ],
                    [
                        132,
                        249
                    ],
                    [
                        131,
                        248
                    ],
                    [
                        130,
                        248
                    ],
                    [
                        128,
                        246
                    ],
                    [
                        126,
                        246
                    ],
                    [
                        125,
                        245
                    ],
                    [
                        124,
                        245
                    ],
                    [
                        123,
                        244
                    ],
                    [
                        120,
                        244
                    ],
                    [
                        119,
                        243
                    ],
                    [
                        117,
                        243
                    ],
                    [
                        116,
                        242
                    ],
                    [
                        115,
                        242
                    ],
                    [
                        114,
                        241
                    ],
                    [
                        112,
                        241
                    ],
                    [
                        111,
                        240
                    ],
                    [
                        107,
                        240
                    ],
                    [
                        106,
                        239
                    ],
                    [
                        103,
                        239
                    ],
                    [
                        101,
                        237
                    ],
                    [
                        96,
                        237
                    ],
                    [
                        95,
                        236
                    ],
                    [
                        89,
                        236
                    ],
                    [
                        88,
                        235
                    ],
                    [
                        79,
                        235
                    ],
                    [
                        78,
                        234
                    ],
                    [
                        73,
                        234
                    ],
                    [
                        72,
                        233
                    ],
                    [
                        62,
                        233
                    ],
                    [
                        61,
                        232
                    ],
                    [
                        49,
                        232
                    ],
                    [
                        48,
                        231
                    ],
                    [
                        28,
                        231
                    ],
                    [
                        27,
                        230
                    ]
                ],
                "interior": []
            }
        },
        {
            "id": 159580457,
            "classId": 6551258,
            "objectId": null,
            "description": "",
            "geometryType": "rectangle",
            "labelerLogin": "inbox@datasetninja.com",
            "createdAt": "2024-03-12T15:50:47.638Z",
            "updatedAt": "2024-03-12T15:50:47.638Z",
            "tags": [
                {
                    "id": 122060839,
                    "tagId": 32511,
                    "name": "object id",
                    "value": 1002,
                    "labelerLogin": "inbox@datasetninja.com",
                    "createdAt": "2024-03-12T15:50:47.637Z",
                    "updatedAt": "2024-03-12T15:50:47.637Z"
                },
                {
                    "id": 122060840,
                    "tagId": 32513,
                    "name": "instance id",
                    "value": 2,
                    "labelerLogin": "inbox@datasetninja.com",
                    "createdAt": "2024-03-12T15:50:47.637Z",
                    "updatedAt": "2024-03-12T15:50:47.637Z"
                }
            ],
            "classTitle": "car",
            "points": {
                "exterior": [
                    [
                        0,
                        230
                    ],
                    [
                        287,
                        369
                    ]
                ],
                "interior": []
            }
        },
        {
            "id": 159580458,
            "classId": 6551258,
            "objectId": null,
            "description": "",
            "geometryType": "polygon",
            "labelerLogin": "inbox@datasetninja.com",
            "createdAt": "2024-03-12T15:50:47.639Z",
            "updatedAt": "2024-03-12T15:50:47.639Z",
            "tags": [
                {
                    "id": 122060841,
                    "tagId": 32511,
                    "name": "object id",
                    "value": 1021,
                    "labelerLogin": "inbox@datasetninja.com",
                    "createdAt": "2024-03-12T15:50:47.639Z",
                    "updatedAt": "2024-03-12T15:50:47.639Z"
                },
                {
                    "id": 122060842,
                    "tagId": 32513,
                    "name": "instance id",
                    "value": 21,
                    "labelerLogin": "inbox@datasetninja.com",
                    "createdAt": "2024-03-12T15:50:47.639Z",
                    "updatedAt": "2024-03-12T15:50:47.639Z"
                }
            ],
            "classTitle": "car",
            "points": {
                "exterior": [
                    [
                        1134,
                        156
                    ],
                    [
                        1133,
                        157
                    ],
                    [
                        1112,
                        157
                    ],
                    [
                        1111,
                        158
                    ],
                    [
                        1101,
                        158
                    ],
                    [
                        1100,
                        159
                    ],
                    [
                        1098,
                        159
                    ],
                    [
                        1097,
                        160
                    ],
                    [
                        1096,
                        160
                    ],
                    [
                        1095,
                        161
                    ],
                    [
                        1094,
                        161
                    ],
                    [
                        1092,
                        163
                    ],
                    [
                        1090,
                        163
                    ],
                    [
                        1089,
                        164
                    ],
                    [
                        1088,
                        164
                    ],
                    [
                        1083,
                        169
                    ],
                    [
                        1083,
                        170
                    ],
                    [
                        1078,
                        175
                    ],
                    [
                        1078,
                        177
                    ],
                    [
                        1077,
                        178
                    ],
                    [
                        1077,
                        181
                    ],
                    [
                        1076,
                        182
                    ],
                    [
                        1076,
                        189
                    ],
                    [
                        1080,
                        193
                    ],
                    [
                        1080,
                        194
                    ],
                    [
                        1082,
                        196
                    ],
                    [
                        1082,
                        197
                    ],
                    [
                        1083,
                        197
                    ],
                    [
                        1085,
                        199
                    ],
                    [
                        1094,
                        199
                    ],
                    [
                        1094,
                        198
                    ],
                    [
                        1097,
                        195
                    ],
                    [
                        1099,
                        195
                    ],
                    [
                        1100,
                        194
                    ],
                    [
                        1106,
                        194
                    ],
                    [
                        1107,
                        195
                    ],
                    [
                        1110,
                        195
                    ],
                    [
                        1112,
                        197
                    ],
                    [
                        1115,
                        197
                    ],
                    [
                        1116,
                        196
                    ],
                    [
                        1118,
                        196
                    ],
                    [
                        1120,
                        198
                    ],
                    [
                        1123,
                        198
                    ],
                    [
                        1124,
                        199
                    ],
                    [
                        1125,
                        199
                    ],
                    [
                        1126,
                        200
                    ],
                    [
                        1126,
                        201
                    ],
                    [
                        1129,
                        201
                    ],
                    [
                        1131,
                        199
                    ],
                    [
                        1131,
                        198
                    ],
                    [
                        1132,
                        197
                    ],
                    [
                        1133,
                        197
                    ],
                    [
                        1134,
                        196
                    ],
                    [
                        1136,
                        196
                    ],
                    [
                        1137,
                        195
                    ],
                    [
                        1151,
                        195
                    ],
                    [
                        1152,
                        196
                    ],
                    [
                        1172,
                        196
                    ],
                    [
                        1174,
                        194
                    ],
                    [
                        1174,
                        188
                    ],
                    [
                        1175,
                        187
                    ],
                    [
                        1175,
                        186
                    ],
                    [
                        1177,
                        184
                    ],
                    [
                        1178,
                        184
                    ],
                    [
                        1179,
                        185
                    ],
                    [
                        1179,
                        186
                    ],
                    [
                        1180,
                        187
                    ],
                    [
                        1180,
                        188
                    ],
                    [
                        1179,
                        189
                    ],
                    [
                        1179,
                        195
                    ],
                    [
                        1181,
                        197
                    ],
                    [
                        1184,
                        197
                    ],
                    [
                        1184,
                        196
                    ],
                    [
                        1185,
                        195
                    ],
                    [
                        1186,
                        195
                    ],
                    [
                        1187,
                        194
                    ],
                    [
                        1190,
                        197
                    ],
                    [
                        1198,
                        197
                    ],
                    [
                        1204,
                        191
                    ],
                    [
                        1204,
                        190
                    ],
                    [
                        1205,
                        189
                    ],
                    [
                        1205,
                        179
                    ],
                    [
                        1203,
                        177
                    ],
                    [
                        1203,
                        176
                    ],
                    [
                        1201,
                        174
                    ],
                    [
                        1200,
                        174
                    ],
                    [
                        1199,
                        173
                    ],
                    [
                        1197,
                        173
                    ],
                    [
                        1196,
                        172
                    ],
                    [
                        1191,
                        172
                    ],
                    [
                        1190,
                        171
                    ],
                    [
                        1185,
                        171
                    ],
                    [
                        1184,
                        170
                    ],
                    [
                        1182,
                        170
                    ],
                    [
                        1181,
                        169
                    ],
                    [
                        1180,
                        169
                    ],
                    [
                        1179,
                        168
                    ],
                    [
                        1178,
                        168
                    ],
                    [
                        1177,
                        167
                    ],
                    [
                        1176,
                        167
                    ],
                    [
                        1174,
                        165
                    ],
                    [
                        1173,
                        165
                    ],
                    [
                        1172,
                        164
                    ],
                    [
                        1171,
                        164
                    ],
                    [
                        1170,
                        163
                    ],
                    [
                        1168,
                        163
                    ],
                    [
                        1167,
                        162
                    ],
                    [
                        1165,
                        162
                    ],
                    [
                        1163,
                        160
                    ],
                    [
                        1160,
                        160
                    ],
                    [
                        1159,
                        159
                    ],
                    [
                        1158,
                        159
                    ],
                    [
                        1157,
                        158
                    ],
                    [
                        1152,
                        158
                    ],
                    [
                        1151,
                        157
                    ],
                    [
                        1138,
                        157
                    ],
                    [
                        1137,
                        156
                    ]
                ],
                "interior": [
                    [
                        [
                            1184,
                            185
                        ],
                        [
                            1185,
                            184
                        ],
                        [
                            1189,
                            184
                        ],
                        [
                            1190,
                            185
                        ],
                        [
                            1190,
                            186
                        ],
                        [
                            1189,
                            187
                        ],
                        [
                            1188,
                            187
                        ],
                        [
                            1186,
                            189
                        ],
                        [
                            1185,
                            188
                        ],
                        [
                            1185,
                            187
                        ],
                        [
                            1184,
                            186
                        ]
                    ]
                ]
            }
        },
        {
            "id": 159580459,
            "classId": 6551258,
            "objectId": null,
            "description": "",
            "geometryType": "rectangle",
            "labelerLogin": "inbox@datasetninja.com",
            "createdAt": "2024-03-12T15:50:47.640Z",
            "updatedAt": "2024-03-12T15:50:47.640Z",
            "tags": [
                {
                    "id": 122060843,
                    "tagId": 32511,
                    "name": "object id",
                    "value": 1021,
                    "labelerLogin": "inbox@datasetninja.com",
                    "createdAt": "2024-03-12T15:50:47.639Z",
                    "updatedAt": "2024-03-12T15:50:47.639Z"
                },
                {
                    "id": 122060844,
                    "tagId": 32513,
                    "name": "instance id",
                    "value": 21,
                    "labelerLogin": "inbox@datasetninja.com",
                    "createdAt": "2024-03-12T15:50:47.639Z",
                    "updatedAt": "2024-03-12T15:50:47.639Z"
                }
            ],
            "classTitle": "car",
            "points": {
                "exterior": [
                    [
                        1076,
                        156
                    ],
                    [
                        1205,
                        201
                    ]
                ],
                "interior": []
            }
        },
        {
            "id": 159580460,
            "classId": 6551259,
            "objectId": null,
            "description": "",
            "geometryType": "polygon",
            "labelerLogin": "inbox@datasetninja.com",
            "createdAt": "2024-03-12T15:50:47.640Z",
            "updatedAt": "2024-03-12T15:50:47.640Z",
            "tags": [],
            "classTitle": "ignore region",
            "points": {
                "exterior": [
                    [
                        621,
                        164
                    ],
                    [
                        621,
                        177
                    ],
                    [
                        686,
                        177
                    ],
                    [
                        686,
                        164
                    ]
                ],
                "interior": []
            }
        },
        {
            "id": 159580461,
            "classId": 6551259,
            "objectId": null,
            "description": "",
            "geometryType": "rectangle",
            "labelerLogin": "inbox@datasetninja.com",
            "createdAt": "2024-03-12T15:50:47.641Z",
            "updatedAt": "2024-03-12T15:50:47.641Z",
            "tags": [],
            "classTitle": "ignore region",
            "points": {
                "exterior": [
                    [
                        621,
                        164
                    ],
                    [
                        686,
                        177
                    ]
                ],
                "interior": []
            }
        },
        {
            "id": 159580462,
            "classId": 6551259,
            "objectId": null,
            "description": "",
            "geometryType": "polygon",
            "labelerLogin": "inbox@datasetninja.com",
            "createdAt": "2024-03-12T15:50:47.641Z",
            "updatedAt": "2024-03-12T15:50:47.641Z",
            "tags": [],
            "classTitle": "ignore region",
            "points": {
                "exterior": [
                    [
                        873,
                        154
                    ],
                    [
                        873,
                        194
                    ],
                    [
                        916,
                        194
                    ],
                    [
                        916,
                        154
                    ]
                ],
                "interior": []
            }
        },
        {
            "id": 159580463,
            "classId": 6551259,
            "objectId": null,
            "description": "",
            "geometryType": "rectangle",
            "labelerLogin": "inbox@datasetninja.com",
            "createdAt": "2024-03-12T15:50:47.641Z",
            "updatedAt": "2024-03-12T15:50:47.641Z",
            "tags": [],
            "classTitle": "ignore region",
            "points": {
                "exterior": [
                    [
                        873,
                        154
                    ],
                    [
                        916,
                        194
                    ]
                ],
                "interior": []
            }
        },
        {
            "id": 159580464,
            "classId": 6551259,
            "objectId": null,
            "description": "",
            "geometryType": "polygon",
            "labelerLogin": "inbox@datasetninja.com",
            "createdAt": "2024-03-12T15:50:47.641Z",
            "updatedAt": "2024-03-12T15:50:47.641Z",
            "tags": [],
            "classTitle": "ignore region",
            "points": {
                "exterior": [
                    [
                        992,
                        147
                    ],
                    [
                        992,
                        217
                    ],
                    [
                        1029,
                        217
                    ],
                    [
                        1029,
                        147
                    ]
                ],
                "interior": []
            }
        },
        {
            "id": 159580465,
            "classId": 6551259,
            "objectId": null,
            "description": "",
            "geometryType": "rectangle",
            "labelerLogin": "inbox@datasetninja.com",
            "createdAt": "2024-03-12T15:50:47.642Z",
            "updatedAt": "2024-03-12T15:50:47.642Z",
            "tags": [],
            "classTitle": "ignore region",
            "points": {
                "exterior": [
                    [
                        992,
                        147
                    ],
                    [
                        1029,
                        217
                    ]
                ],
                "interior": []
            }
        }
    ]
}