{
    "description": "",
    "tags": [
        {
            "id": 21887729,
            "tagId": 32512,
            "name": "sequence",
            "value": "0015",
            "labelerLogin": "inbox@datasetninja.com",
            "createdAt": "2024-03-12T15:51:12.218Z",
            "updatedAt": "2024-03-12T15:51:12.218Z"
        }
    ],
    "size": {
        "height": 370,
        "width": 1224
    },
    "objects": [
        {
            "id": 159584692,
            "classId": 6551258,
            "objectId": null,
            "description": "",
            "geometryType": "polygon",
            "labelerLogin": "inbox@datasetninja.com",
            "createdAt": "2024-03-12T15:51:12.221Z",
            "updatedAt": "2024-03-12T15:51:12.221Z",
            "tags": [
                {
                    "id": 122065165,
                    "tagId": 32511,
                    "name": "object id",
                    "value": 1002,
                    "labelerLogin": "inbox@datasetninja.com",
                    "createdAt": "2024-03-12T15:51:12.220Z",
                    "updatedAt": "2024-03-12T15:51:12.220Z"
                },
                {
                    "id": 122065166,
                    "tagId": 32513,
                    "name": "instance id",
                    "value": 2,
                    "labelerLogin": "inbox@datasetninja.com",
                    "createdAt": "2024-03-12T15:51:12.220Z",
                    "updatedAt": "2024-03-12T15:51:12.220Z"
                }
            ],
            "classTitle": "car",
            "points": {
                "exterior": [
                    [
                        0,
                        230
                    ],
                    [
                        0,
                        369
                    ],
                    [
                        278,
                        369
                    ],
                    [
                        278,
                        368
                    ],
                    [
                        279,
                        367
                    ],
                    [
                        279,
                        365
                    ],
                    [
                        280,
                        364
                    ],
                    [
                        280,
                        359
                    ],
                    [
                        281,
                        358
                    ],
                    [
                        281,
                        356
                    ],
                    [
                        282,
                        355
                    ],
                    [
                        282,
                        353
                    ],
                    [
                        283,
                        352
                    ],
                    [
                        283,
                        350
                    ],
                    [
                        284,
                        349
                    ],
                    [
                        284,
                        348
                    ],
                    [
                        285,
                        347
                    ],
                    [
                        285,
                        345
                    ],
                    [
                        286,
                        344
                    ],
                    [
                        286,
                        337
                    ],
                    [
                        287,
                        336
                    ],
                    [
                        287,
                        325
                    ],
                    [
                        286,
                        324
                    ],
                    [
                        286,
                        318
                    ],
                    [
                        285,
                        317
                    ],
                    [
                        285,
                        316
                    ],
                    [
                        284,
                        315
                    ],
                    [
                        284,
                        314
                    ],
                    [
                        283,
                        313
                    ],
                    [
                        283,
                        309
                    ],
                    [
                        282,
                        308
                    ],
                    [
                        282,
                        306
                    ],
                    [
                        281,
                        305
                    ],
                    [
                        281,
                        304
                    ],
                    [
                        280,
                        303
                    ],
                    [
                        280,
                        302
                    ],
                    [
                        277,
                        299
                    ],
                    [
                        277,
                        298
                    ],
                    [
                        276,
                        298
                    ],
                    [
                        275,
                        297
                    ],
                    [
                        275,
                        296
                    ],
                    [
                        274,
                        296
                    ],
                    [
                        271,
                        293
                    ],
                    [
                        269,
                        293
                    ],
                    [
                        268,
                        292
                    ],
                    [
                        265,
                        292
                    ],
                    [
                        264,
                        291
                    ],
                    [
                        262,
                        291
                    ],
                    [
                        261,
                        290
                    ],
                    [
                        254,
                        290
                    ],
                    [
                        253,
                        289
                    ],
                    [
                        243,
                        289
                    ],
                    [
                        242,
                        288
                    ],
                    [
                        224,
                        288
                    ],
                    [
                        223,
                        287
                    ],
                    [
                        218,
                        287
                    ],
                    [
                        217,
                        286
                    ],
                    [
                        212,
                        286
                    ],
                    [
                        211,
                        287
                    ],
                    [
                        208,
                        287
                    ],
                    [
                        207,
                        288
                    ],
                    [
                        200,
                        288
                    ],
                    [
                        199,
                        287
                    ],
                    [
                        198,
                        287
                    ],
                    [
                        197,
                        286
                    ],
                    [
                        195,
                        286
                    ],
                    [
                        194,
                        285
                    ],
                    [
                        192,
                        285
                    ],
                    [
                        191,
                        284
                    ],
                    [
                        190,
                        284
                    ],
                    [
                        189,
                        283
                    ],
                    [
                        189,
                        282
                    ],
                    [
                        188,
                        282
                    ],
                    [
                        186,
                        280
                    ],
                    [
                        185,
                        280
                    ],
                    [
                        184,
                        279
                    ],
                    [
                        184,
                        278
                    ],
                    [
                        183,
                        278
                    ],
                    [
                        181,
                        276
                    ],
                    [
                        180,
                        276
                    ],
                    [
                        178,
                        274
                    ],
                    [
                        177,
                        274
                    ],
                    [
                        176,
                        273
                    ],
                    [
                        176,
                        272
                    ],
                    [
                        175,
                        272
                    ],
                    [
                        173,
                        270
                    ],
                    [
                        172,
                        270
                    ],
                    [
                        171,
                        269
                    ],
                    [
                        170,
                        269
                    ],
                    [
                        169,
                        268
                    ],
                    [
                        168,
                        268
                    ],
                    [
                        165,
                        265
                    ],
                    [
                        164,
                        265
                    ],
                    [
                        163,
                        264
                    ],
                    [
                        162,
                        264
                    ],
                    [
                        160,
                        262
                    ],
                    [
                        159,
                        262
                    ],
                    [
                        158,
                        261
                    ],
                    [
                        156,
                        261
                    ],
                    [
                        154,
                        259
                    ],
                    [
                        153,
                        259
                    ],
                    [
                        152,
                        258
                    ],
                    [
                        151,
                        258
                    ],
                    [
                        150,
                        257
                    ],
                    [
                        149,
                        257
                    ],
                    [
                        148,
                        256
                    ],
                    [
                        147,
                        256
                    ],
                    [
                        146,
                        255
                    ],
                    [
                        145,
                        255
                    ],
                    [
                        144,
                        254
                    ],
                    [
                        143,
                        254
                    ],
                    [
                        142,
                        253
                    ],
                    [
                        141,
                        253
                    ],
                    [
                        140,
                        252
                    ],
                    [
                        137,
                        252
                    ],
                    [
                        135,
                        250
                    ],
                    [
                        134,
                        250
                    ],
                    [
                        133,
                        249
                    ],
                    [
                        132,
                        249
                    ],
                    [
                        131,
                        248
                    ],
                    [
                        130,
                        248
                    ],
                    [
                        129,
                        247
                    ],
                    [
                        128,
                        247
                    ],
                    [
                        127,
                        246
                    ],
                    [
                        126,
                        246
                    ],
                    [
                        125,
                        245
                    ],
                    [
                        122,
                        245
                    ],
                    [
                        121,
                        244
                    ],
                    [
                        120,
                        244
                    ],
                    [
                        118,
                        242
                    ],
                    [
                        115,
                        242
                    ],
                    [
                        114,
                        241
                    ],
                    [
                        111,
                        241
                    ],
                    [
                        110,
                        240
                    ],
                    [
                        107,
                        240
                    ],
                    [
                        106,
                        239
                    ],
                    [
                        105,
                        239
                    ],
                    [
                        104,
                        238
                    ],
                    [
                        100,
                        238
                    ],
                    [
                        99,
                        237
                    ],
                    [
                        95,
                        237
                    ],
                    [
                        94,
                        236
                    ],
                    [
                        88,
                        236
                    ],
                    [
                        87,
                        235
                    ],
                    [
                        83,
                        235
                    ],
                    [
                        82,
                        234
                    ],
                    [
                        72,
                        234
                    ],
                    [
                        71,
                        233
                    ],
                    [
                        62,
                        233
                    ],
                    [
                        61,
                        232
                    ],
                    [
                        46,
                        232
                    ],
                    [
                        45,
                        231
                    ],
                    [
                        39,
                        231
                    ],
                    [
                        38,
                        230
                    ]
                ],
                "interior": []
            }
        },
        {
            "id": 159584693,
            "classId": 6551258,
            "objectId": null,
            "description": "",
            "geometryType": "rectangle",
            "labelerLogin": "inbox@datasetninja.com",
            "createdAt": "2024-03-12T15:51:12.222Z",
            "updatedAt": "2024-03-12T15:51:12.222Z",
            "tags": [
                {
                    "id": 122065167,
                    "tagId": 32511,
                    "name": "object id",
                    "value": 1002,
                    "labelerLogin": "inbox@datasetninja.com",
                    "createdAt": "2024-03-12T15:51:12.221Z",
                    "updatedAt": "2024-03-12T15:51:12.221Z"
                },
                {
                    "id": 122065168,
                    "tagId": 32513,
                    "name": "instance id",
                    "value": 2,
                    "labelerLogin": "inbox@datasetninja.com",
                    "createdAt": "2024-03-12T15:51:12.221Z",
                    "updatedAt": "2024-03-12T15:51:12.221Z"
                }
            ],
            "classTitle": "car",
            "points": {
                "exterior": [
                    [
                        0,
                        230
                    ],
                    [
                        287,
                        369
                    ]
                ],
                "interior": []
            }
        },
        {
            "id": 159584694,
            "classId": 6551258,
            "objectId": null,
            "description": "",
            "geometryType": "polygon",
            "labelerLogin": "inbox@datasetninja.com",
            "createdAt": "2024-03-12T15:51:12.223Z",
            "updatedAt": "2024-03-12T15:51:12.223Z",
            "tags": [
                {
                    "id": 122065169,
                    "tagId": 32511,
                    "name": "object id",
                    "value": 1018,
                    "labelerLogin": "inbox@datasetninja.com",
                    "createdAt": "2024-03-12T15:51:12.222Z",
                    "updatedAt": "2024-03-12T15:51:12.222Z"
                },
                {
                    "id": 122065170,
                    "tagId": 32513,
                    "name": "instance id",
                    "value": 18,
                    "labelerLogin": "inbox@datasetninja.com",
                    "createdAt": "2024-03-12T15:51:12.222Z",
                    "updatedAt": "2024-03-12T15:51:12.222Z"
                }
            ],
            "classTitle": "car",
            "points": {
                "exterior": [
                    [
                        800,
                        167
                    ],
                    [
                        799,
                        168
                    ],
                    [
                        790,
                        168
                    ],
                    [
                        789,
                        169
                    ],
                    [
                        785,
                        169
                    ],
                    [
                        784,
                        170
                    ],
                    [
                        782,
                        170
                    ],
                    [
                        781,
                        171
                    ],
                    [
                        780,
                        171
                    ],
                    [
                        779,
                        172
                    ],
                    [
                        778,
                        172
                    ],
                    [
                        777,
                        173
                    ],
                    [
                        775,
                        173
                    ],
                    [
                        773,
                        175
                    ],
                    [
                        771,
                        175
                    ],
                    [
                        769,
                        177
                    ],
                    [
                        768,
                        177
                    ],
                    [
                        767,
                        178
                    ],
                    [
                        766,
                        178
                    ],
                    [
                        765,
                        179
                    ],
                    [
                        759,
                        179
                    ],
                    [
                        758,
                        180
                    ],
                    [
                        752,
                        180
                    ],
                    [
                        751,
                        181
                    ],
                    [
                        749,
                        181
                    ],
                    [
                        748,
                        182
                    ],
                    [
                        747,
                        182
                    ],
                    [
                        745,
                        184
                    ],
                    [
                        745,
                        188
                    ],
                    [
                        744,
                        189
                    ],
                    [
                        744,
                        190
                    ],
                    [
                        743,
                        191
                    ],
                    [
                        743,
                        196
                    ],
                    [
                        744,
                        197
                    ],
                    [
                        744,
                        198
                    ],
                    [
                        745,
                        199
                    ],
                    [
                        745,
                        202
                    ],
                    [
                        747,
                        204
                    ],
                    [
                        748,
                        204
                    ],
                    [
                        749,
                        205
                    ],
                    [
                        751,
                        205
                    ],
                    [
                        752,
                        206
                    ],
                    [
                        753,
                        206
                    ],
                    [
                        754,
                        207
                    ],
                    [
                        762,
                        207
                    ],
                    [
                        763,
                        208
                    ],
                    [
                        764,
                        208
                    ],
                    [
                        766,
                        210
                    ],
                    [
                        766,
                        212
                    ],
                    [
                        767,
                        212
                    ],
                    [
                        769,
                        214
                    ],
                    [
                        774,
                        214
                    ],
                    [
                        775,
                        215
                    ],
                    [
                        776,
                        214
                    ],
                    [
                        777,
                        214
                    ],
                    [
                        778,
                        213
                    ],
                    [
                        779,
                        213
                    ],
                    [
                        780,
                        212
                    ],
                    [
                        781,
                        212
                    ],
                    [
                        782,
                        211
                    ],
                    [
                        783,
                        211
                    ],
                    [
                        784,
                        210
                    ],
                    [
                        784,
                        209
                    ],
                    [
                        785,
                        208
                    ],
                    [
                        788,
                        208
                    ],
                    [
                        789,
                        207
                    ],
                    [
                        794,
                        207
                    ],
                    [
                        795,
                        208
                    ],
                    [
                        846,
                        208
                    ],
                    [
                        848,
                        210
                    ],
                    [
                        850,
                        210
                    ],
                    [
                        851,
                        211
                    ],
                    [
                        853,
                        211
                    ],
                    [
                        854,
                        212
                    ],
                    [
                        857,
                        212
                    ],
                    [
                        858,
                        213
                    ],
                    [
                        867,
                        213
                    ],
                    [
                        869,
                        211
                    ],
                    [
                        870,
                        211
                    ],
                    [
                        873,
                        208
                    ],
                    [
                        874,
                        208
                    ],
                    [
                        875,
                        207
                    ],
                    [
                        880,
                        207
                    ],
                    [
                        881,
                        206
                    ],
                    [
                        882,
                        206
                    ],
                    [
                        883,
                        205
                    ],
                    [
                        885,
                        205
                    ],
                    [
                        886,
                        204
                    ],
                    [
                        886,
                        203
                    ],
                    [
                        887,
                        202
                    ],
                    [
                        887,
                        195
                    ],
                    [
                        886,
                        194
                    ],
                    [
                        886,
                        192
                    ],
                    [
                        884,
                        190
                    ],
                    [
                        884,
                        189
                    ],
                    [
                        882,
                        187
                    ],
                    [
                        880,
                        187
                    ],
                    [
                        879,
                        186
                    ],
                    [
                        878,
                        186
                    ],
                    [
                        877,
                        185
                    ],
                    [
                        874,
                        185
                    ],
                    [
                        873,
                        184
                    ],
                    [
                        867,
                        184
                    ],
                    [
                        866,
                        183
                    ],
                    [
                        862,
                        183
                    ],
                    [
                        861,
                        182
                    ],
                    [
                        855,
                        182
                    ],
                    [
                        854,
                        181
                    ],
                    [
                        852,
                        181
                    ],
                    [
                        851,
                        180
                    ],
                    [
                        848,
                        180
                    ],
                    [
                        846,
                        178
                    ],
                    [
                        844,
                        178
                    ],
                    [
                        843,
                        177
                    ],
                    [
                        842,
                        177
                    ],
                    [
                        840,
                        175
                    ],
                    [
                        838,
                        175
                    ],
                    [
                        836,
                        173
                    ],
                    [
                        835,
                        173
                    ],
                    [
                        834,
                        172
                    ],
                    [
                        833,
                        172
                    ],
                    [
                        832,
                        171
                    ],
                    [
                        830,
                        171
                    ],
                    [
                        829,
                        170
                    ],
                    [
                        827,
                        170
                    ],
                    [
                        826,
                        169
                    ],
                    [
                        823,
                        169
                    ],
                    [
                        822,
                        168
                    ],
                    [
                        810,
                        168
                    ],
                    [
                        809,
                        167
                    ]
                ],
                "interior": []
            }
        },
        {
            "id": 159584695,
            "classId": 6551258,
            "objectId": null,
            "description": "",
            "geometryType": "rectangle",
            "labelerLogin": "inbox@datasetninja.com",
            "createdAt": "2024-03-12T15:51:12.224Z",
            "updatedAt": "2024-03-12T15:51:12.224Z",
            "tags": [
                {
                    "id": 122065171,
                    "tagId": 32511,
                    "name": "object id",
                    "value": 1018,
                    "labelerLogin": "inbox@datasetninja.com",
                    "createdAt": "2024-03-12T15:51:12.223Z",
                    "updatedAt": "2024-03-12T15:51:12.223Z"
                },
                {
                    "id": 122065172,
                    "tagId": 32513,
                    "name": "instance id",
                    "value": 18,
                    "labelerLogin": "inbox@datasetninja.com",
                    "createdAt": "2024-03-12T15:51:12.224Z",
                    "updatedAt": "2024-03-12T15:51:12.224Z"
                }
            ],
            "classTitle": "car",
            "points": {
                "exterior": [
                    [
                        743,
                        167
                    ],
                    [
                        887,
                        215
                    ]
                ],
                "interior": []
            }
        },
        {
            "id": 159584696,
            "classId": 6551257,
            "objectId": null,
            "description": "",
            "geometryType": "polygon",
            "labelerLogin": "inbox@datasetninja.com",
            "createdAt": "2024-03-12T15:51:12.225Z",
            "updatedAt": "2024-03-12T15:51:12.225Z",
            "tags": [
                {
                    "id": 122065173,
                    "tagId": 32511,
                    "name": "object id",
                    "value": 2010,
                    "labelerLogin": "inbox@datasetninja.com",
                    "createdAt": "2024-03-12T15:51:12.225Z",
                    "updatedAt": "2024-03-12T15:51:12.225Z"
                },
                {
                    "id": 122065174,
                    "tagId": 32513,
                    "name": "instance id",
                    "value": 10,
                    "labelerLogin": "inbox@datasetninja.com",
                    "createdAt": "2024-03-12T15:51:12.225Z",
                    "updatedAt": "2024-03-12T15:51:12.225Z"
                }
            ],
            "classTitle": "pedestrian",
            "points": {
                "exterior": [
                    [
                        1222,
                        182
                    ],
                    [
                        1221,
                        183
                    ],
                    [
                        1217,
                        183
                    ],
                    [
                        1216,
                        184
                    ],
                    [
                        1214,
                        184
                    ],
                    [
                        1213,
                        185
                    ],
                    [
                        1205,
                        185
                    ],
                    [
                        1204,
                        186
                    ],
                    [
                        1204,
                        190
                    ],
                    [
                        1205,
                        191
                    ],
                    [
                        1205,
                        194
                    ],
                    [
                        1206,
                        195
                    ],
                    [
                        1206,
                        198
                    ],
                    [
                        1207,
                        199
                    ],
                    [
                        1207,
                        219
                    ],
                    [
                        1208,
                        220
                    ],
                    [
                        1208,
                        222
                    ],
                    [
                        1209,
                        223
                    ],
                    [
                        1209,
                        226
                    ],
                    [
                        1210,
                        227
                    ],
                    [
                        1209,
                        228
                    ],
                    [
                        1209,
                        229
                    ],
                    [
                        1210,
                        230
                    ],
                    [
                        1213,
                        230
                    ],
                    [
                        1214,
                        231
                    ],
                    [
                        1218,
                        231
                    ],
                    [
                        1219,
                        230
                    ],
                    [
                        1221,
                        230
                    ],
                    [
                        1222,
                        231
                    ],
                    [
                        1223,
                        231
                    ],
                    [
                        1223,
                        182
                    ]
                ],
                "interior": []
            }
        },
        {
            "id": 159584697,
            "classId": 6551257,
            "objectId": null,
            "description": "",
            "geometryType": "rectangle",
            "labelerLogin": "inbox@datasetninja.com",
            "createdAt": "2024-03-12T15:51:12.226Z",
            "updatedAt": "2024-03-12T15:51:12.226Z",
            "tags": [
                {
                    "id": 122065175,
                    "tagId": 32511,
                    "name": "object id",
                    "value": 2010,
                    "labelerLogin": "inbox@datasetninja.com",
                    "createdAt": "2024-03-12T15:51:12.226Z",
                    "updatedAt": "2024-03-12T15:51:12.226Z"
                },
                {
                    "id": 122065176,
                    "tagId": 32513,
                    "name": "instance id",
                    "value": 10,
                    "labelerLogin": "inbox@datasetninja.com",
                    "createdAt": "2024-03-12T15:51:12.226Z",
                    "updatedAt": "2024-03-12T15:51:12.226Z"
                }
            ],
            "classTitle": "pedestrian",
            "points": {
                "exterior": [
                    [
                        1204,
                        182
                    ],
                    [
                        1223,
                        231
                    ]
                ],
                "interior": []
            }
        },
        {
            "id": 159584698,
            "classId": 6551257,
            "objectId": null,
            "description": "",
            "geometryType": "polygon",
            "labelerLogin": "inbox@datasetninja.com",
            "createdAt": "2024-03-12T15:51:12.227Z",
            "updatedAt": "2024-03-12T15:51:12.227Z",
            "tags": [
                {
                    "id": 122065177,
                    "tagId": 32511,
                    "name": "object id",
                    "value": 2010,
                    "labelerLogin": "inbox@datasetninja.com",
                    "createdAt": "2024-03-12T15:51:12.227Z",
                    "updatedAt": "2024-03-12T15:51:12.227Z"
                },
                {
                    "id": 122065178,
                    "tagId": 32513,
                    "name": "instance id",
                    "value": 10,
                    "labelerLogin": "inbox@datasetninja.com",
                    "createdAt": "2024-03-12T15:51:12.227Z",
                    "updatedAt": "2024-03-12T15:51:12.227Z"
                }
            ],
            "classTitle": "pedestrian",
            "points": {
                "exterior": [
                    [
                        1214,
                        140
                    ],
                    [
                        1213,
                        141
                    ],
                    [
                        1213,
                        142
                    ],
                    [
                        1212,
                        143
                    ],
                    [
                        1212,
                        145
                    ],
                    [
                        1211,
                        146
                    ],
                    [
                        1211,
                        148
                    ],
                    [
                        1209,
                        150
                    ],
                    [
                        1209,
                        151
                    ],
                    [
                        1208,
                        152
                    ],
                    [
                        1207,
                        152
                    ],
                    [
                        1207,
                        153
                    ],
                    [
                        1206,
                        154
                    ],
                    [
                        1205,
                        154
                    ],
                    [
                        1202,
                        157
                    ],
                    [
                        1202,
                        158
                    ],
                    [
                        1205,
                        158
                    ],
                    [
                        1207,
                        156
                    ],
                    [
                        1208,
                        156
                    ],
                    [
                        1209,
                        155
                    ],
                    [
                        1216,
                        155
                    ],
                    [
                        1217,
                        156
                    ],
                    [
                        1218,
                        156
                    ],
                    [
                        1219,
                        155
                    ],
                    [
                        1220,
                        155
                    ],
                    [
                        1221,
                        154
                    ],
                    [
                        1223,
                        156
                    ],
                    [
                        1223,
                        140
                    ]
                ],
                "interior": []
            }
        },
        {
            "id": 159584699,
            "classId": 6551257,
            "objectId": null,
            "description": "",
            "geometryType": "rectangle",
            "labelerLogin": "inbox@datasetninja.com",
            "createdAt": "2024-03-12T15:51:12.228Z",
            "updatedAt": "2024-03-12T15:51:12.228Z",
            "tags": [
                {
                    "id": 122065179,
                    "tagId": 32511,
                    "name": "object id",
                    "value": 2010,
                    "labelerLogin": "inbox@datasetninja.com",
                    "createdAt": "2024-03-12T15:51:12.228Z",
                    "updatedAt": "2024-03-12T15:51:12.228Z"
                },
                {
                    "id": 122065180,
                    "tagId": 32513,
                    "name": "instance id",
                    "value": 10,
                    "labelerLogin": "inbox@datasetninja.com",
                    "createdAt": "2024-03-12T15:51:12.228Z",
                    "updatedAt": "2024-03-12T15:51:12.228Z"
                }
            ],
            "classTitle": "pedestrian",
            "points": {
                "exterior": [
                    [
                        1202,
                        140
                    ],
                    [
                        1223,
                        158
                    ]
                ],
                "interior": []
            }
        },
        {
            "id": 159584700,
            "classId": 6551259,
            "objectId": null,
            "description": "",
            "geometryType": "polygon",
            "labelerLogin": "inbox@datasetninja.com",
            "createdAt": "2024-03-12T15:51:12.228Z",
            "updatedAt": "2024-03-12T15:51:12.228Z",
            "tags": [],
            "classTitle": "ignore region",
            "points": {
                "exterior": [
                    [
                        654,
                        164
                    ],
                    [
                        654,
                        180
                    ],
                    [
                        682,
                        180
                    ],
                    [
                        682,
                        164
                    ]
                ],
                "interior": []
            }
        },
        {
            "id": 159584701,
            "classId": 6551259,
            "objectId": null,
            "description": "",
            "geometryType": "rectangle",
            "labelerLogin": "inbox@datasetninja.com",
            "createdAt": "2024-03-12T15:51:12.229Z",
            "updatedAt": "2024-03-12T15:51:12.229Z",
            "tags": [],
            "classTitle": "ignore region",
            "points": {
                "exterior": [
                    [
                        654,
                        164
                    ],
                    [
                        682,
                        180
                    ]
                ],
                "interior": []
            }
        },
        {
            "id": 159584702,
            "classId": 6551259,
            "objectId": null,
            "description": "",
            "geometryType": "polygon",
            "labelerLogin": "inbox@datasetninja.com",
            "createdAt": "2024-03-12T15:51:12.230Z",
            "updatedAt": "2024-03-12T15:51:12.230Z",
            "tags": [],
            "classTitle": "ignore region",
            "points": {
                "exterior": [
                    [
                        568,
                        164
                    ],
                    [
                        568,
                        184
                    ],
                    [
                        606,
                        184
                    ],
                    [
                        606,
                        164
                    ]
                ],
                "interior": []
            }
        },
        {
            "id": 159584703,
            "classId": 6551259,
            "objectId": null,
            "description": "",
            "geometryType": "rectangle",
            "labelerLogin": "inbox@datasetninja.com",
            "createdAt": "2024-03-12T15:51:12.230Z",
            "updatedAt": "2024-03-12T15:51:12.230Z",
            "tags": [],
            "classTitle": "ignore region",
            "points": {
                "exterior": [
                    [
                        568,
                        164
                    ],
                    [
                        606,
                        184
                    ]
                ],
                "interior": []
            }
        },
        {
            "id": 159584704,
            "classId": 6551259,
            "objectId": null,
            "description": "",
            "geometryType": "polygon",
            "labelerLogin": "inbox@datasetninja.com",
            "createdAt": "2024-03-12T15:51:12.231Z",
            "updatedAt": "2024-03-12T15:51:12.231Z",
            "tags": [],
            "classTitle": "ignore region",
            "points": {
                "exterior": [
                    [
                        706,
                        162
                    ],
                    [
                        706,
                        181
                    ],
                    [
                        725,
                        181
                    ],
                    [
                        725,
                        162
                    ]
                ],
                "interior": []
            }
        },
        {
            "id": 159584705,
            "classId": 6551259,
            "objectId": null,
            "description": "",
            "geometryType": "rectangle",
            "labelerLogin": "inbox@datasetninja.com",
            "createdAt": "2024-03-12T15:51:12.231Z",
            "updatedAt": "2024-03-12T15:51:12.231Z",
            "tags": [],
            "classTitle": "ignore region",
            "points": {
                "exterior": [
                    [
                        706,
                        162
                    ],
                    [
                        725,
                        181
                    ]
                ],
                "interior": []
            }
        },
        {
            "id": 159584706,
            "classId": 6551259,
            "objectId": null,
            "description": "",
            "geometryType": "polygon",
            "labelerLogin": "inbox@datasetninja.com",
            "createdAt": "2024-03-12T15:51:12.231Z",
            "updatedAt": "2024-03-12T15:51:12.231Z",
            "tags": [],
            "classTitle": "ignore region",
            "points": {
                "exterior": [
                    [
                        622,
                        162
                    ],
                    [
                        622,
                        175
                    ],
                    [
                        637,
                        175
                    ],
                    [
                        637,
                        162
                    ]
                ],
                "interior": []
            }
        },
        {
            "id": 159584707,
            "classId": 6551259,
            "objectId": null,
            "description": "",
            "geometryType": "rectangle",
            "labelerLogin": "inbox@datasetninja.com",
            "createdAt": "2024-03-12T15:51:12.232Z",
            "updatedAt": "2024-03-12T15:51:12.232Z",
            "tags": [],
            "classTitle": "ignore region",
            "points": {
                "exterior": [
                    [
                        622,
                        162
                    ],
                    [
                        637,
                        175
                    ]
                ],
                "interior": []
            }
        },
        {
            "id": 159584708,
            "classId": 6551259,
            "objectId": null,
            "description": "",
            "geometryType": "polygon",
            "labelerLogin": "inbox@datasetninja.com",
            "createdAt": "2024-03-12T15:51:12.232Z",
            "updatedAt": "2024-03-12T15:51:12.232Z",
            "tags": [],
            "classTitle": "ignore region",
            "points": {
                "exterior": [
                    [
                        873,
                        154
                    ],
                    [
                        873,
                        183
                    ],
                    [
                        874,
                        184
                    ],
                    [
                        877,
                        184
                    ],
                    [
                        878,
                        185
                    ],
                    [
                        879,
                        185
                    ],
                    [
                        880,
                        186
                    ],
                    [
                        882,
                        186
                    ],
                    [
                        885,
                        189
                    ],
                    [
                        885,
                        190
                    ],
                    [
                        887,
                        192
                    ],
                    [
                        887,
                        194
                    ],
                    [
                        888,
                        195
                    ],
                    [
                        915,
                        195
                    ],
                    [
                        915,
                        154
                    ]
                ],
                "interior": []
            }
        },
        {
            "id": 159584709,
            "classId": 6551259,
            "objectId": null,
            "description": "",
            "geometryType": "rectangle",
            "labelerLogin": "inbox@datasetninja.com",
            "createdAt": "2024-03-12T15:51:12.232Z",
            "updatedAt": "2024-03-12T15:51:12.232Z",
            "tags": [],
            "classTitle": "ignore region",
            "points": {
                "exterior": [
                    [
                        873,
                        154
                    ],
                    [
                        915,
                        195
                    ]
                ],
                "interior": []
            }
        },
        {
            "id": 159584710,
            "classId": 6551259,
            "objectId": null,
            "description": "",
            "geometryType": "polygon",
            "labelerLogin": "inbox@datasetninja.com",
            "createdAt": "2024-03-12T15:51:12.233Z",
            "updatedAt": "2024-03-12T15:51:12.233Z",
            "tags": [],
            "classTitle": "ignore region",
            "points": {
                "exterior": [
                    [
                        992,
                        147
                    ],
                    [
                        992,
                        216
                    ],
                    [
                        1028,
                        216
                    ],
                    [
                        1028,
                        147
                    ]
                ],
                "interior": []
            }
        },
        {
            "id": 159584711,
            "classId": 6551259,
            "objectId": null,
            "description": "",
            "geometryType": "rectangle",
            "labelerLogin": "inbox@datasetninja.com",
            "createdAt": "2024-03-12T15:51:12.234Z",
            "updatedAt": "2024-03-12T15:51:12.234Z",
            "tags": [],
            "classTitle": "ignore region",
            "points": {
                "exterior": [
                    [
                        992,
                        147
                    ],
                    [
                        1028,
                        216
                    ]
                ],
                "interior": []
            }
        }
    ]
}