{
    "description": "",
    "tags": [
        {
            "id": 21887535,
            "tagId": 32512,
            "name": "sequence",
            "value": "0015",
            "labelerLogin": "inbox@datasetninja.com",
            "createdAt": "2024-03-12T15:50:42.017Z",
            "updatedAt": "2024-03-12T15:50:42.017Z"
        }
    ],
    "size": {
        "height": 370,
        "width": 1224
    },
    "objects": [
        {
            "id": 159578238,
            "classId": 6551258,
            "objectId": null,
            "description": "",
            "geometryType": "polygon",
            "labelerLogin": "inbox@datasetninja.com",
            "createdAt": "2024-03-12T15:50:42.017Z",
            "updatedAt": "2024-03-12T15:50:42.017Z",
            "tags": [
                {
                    "id": 122058481,
                    "tagId": 32511,
                    "name": "object id",
                    "value": 1002,
                    "labelerLogin": "inbox@datasetninja.com",
                    "createdAt": "2024-03-12T15:50:42.017Z",
                    "updatedAt": "2024-03-12T15:50:42.017Z"
                },
                {
                    "id": 122058482,
                    "tagId": 32513,
                    "name": "instance id",
                    "value": 2,
                    "labelerLogin": "inbox@datasetninja.com",
                    "createdAt": "2024-03-12T15:50:42.017Z",
                    "updatedAt": "2024-03-12T15:50:42.017Z"
                }
            ],
            "classTitle": "car",
            "points": {
                "exterior": [
                    [
                        0,
                        230
                    ],
                    [
                        0,
                        369
                    ],
                    [
                        278,
                        369
                    ],
                    [
                        278,
                        368
                    ],
                    [
                        279,
                        367
                    ],
                    [
                        279,
                        364
                    ],
                    [
                        280,
                        363
                    ],
                    [
                        280,
                        359
                    ],
                    [
                        281,
                        358
                    ],
                    [
                        281,
                        356
                    ],
                    [
                        282,
                        355
                    ],
                    [
                        282,
                        353
                    ],
                    [
                        283,
                        352
                    ],
                    [
                        283,
                        351
                    ],
                    [
                        284,
                        350
                    ],
                    [
                        284,
                        348
                    ],
                    [
                        285,
                        347
                    ],
                    [
                        285,
                        342
                    ],
                    [
                        286,
                        341
                    ],
                    [
                        286,
                        332
                    ],
                    [
                        287,
                        331
                    ],
                    [
                        287,
                        325
                    ],
                    [
                        286,
                        324
                    ],
                    [
                        286,
                        321
                    ],
                    [
                        285,
                        320
                    ],
                    [
                        285,
                        316
                    ],
                    [
                        284,
                        315
                    ],
                    [
                        284,
                        314
                    ],
                    [
                        283,
                        313
                    ],
                    [
                        283,
                        309
                    ],
                    [
                        282,
                        308
                    ],
                    [
                        282,
                        306
                    ],
                    [
                        281,
                        305
                    ],
                    [
                        281,
                        304
                    ],
                    [
                        280,
                        303
                    ],
                    [
                        280,
                        302
                    ],
                    [
                        278,
                        300
                    ],
                    [
                        278,
                        299
                    ],
                    [
                        277,
                        298
                    ],
                    [
                        276,
                        298
                    ],
                    [
                        274,
                        296
                    ],
                    [
                        274,
                        295
                    ],
                    [
                        273,
                        295
                    ],
                    [
                        272,
                        294
                    ],
                    [
                        271,
                        294
                    ],
                    [
                        270,
                        293
                    ],
                    [
                        268,
                        293
                    ],
                    [
                        267,
                        292
                    ],
                    [
                        266,
                        292
                    ],
                    [
                        265,
                        291
                    ],
                    [
                        261,
                        291
                    ],
                    [
                        260,
                        290
                    ],
                    [
                        254,
                        290
                    ],
                    [
                        253,
                        289
                    ],
                    [
                        239,
                        289
                    ],
                    [
                        238,
                        288
                    ],
                    [
                        228,
                        288
                    ],
                    [
                        227,
                        287
                    ],
                    [
                        198,
                        287
                    ],
                    [
                        197,
                        286
                    ],
                    [
                        195,
                        286
                    ],
                    [
                        194,
                        285
                    ],
                    [
                        193,
                        285
                    ],
                    [
                        191,
                        283
                    ],
                    [
                        190,
                        283
                    ],
                    [
                        189,
                        282
                    ],
                    [
                        188,
                        282
                    ],
                    [
                        185,
                        279
                    ],
                    [
                        184,
                        279
                    ],
                    [
                        181,
                        276
                    ],
                    [
                        180,
                        276
                    ],
                    [
                        179,
                        275
                    ],
                    [
                        179,
                        274
                    ],
                    [
                        178,
                        274
                    ],
                    [
                        177,
                        273
                    ],
                    [
                        176,
                        273
                    ],
                    [
                        175,
                        272
                    ],
                    [
                        174,
                        272
                    ],
                    [
                        173,
                        271
                    ],
                    [
                        173,
                        270
                    ],
                    [
                        172,
                        270
                    ],
                    [
                        170,
                        268
                    ],
                    [
                        169,
                        268
                    ],
                    [
                        167,
                        266
                    ],
                    [
                        166,
                        266
                    ],
                    [
                        165,
                        265
                    ],
                    [
                        164,
                        265
                    ],
                    [
                        163,
                        264
                    ],
                    [
                        162,
                        264
                    ],
                    [
                        159,
                        261
                    ],
                    [
                        157,
                        261
                    ],
                    [
                        156,
                        260
                    ],
                    [
                        155,
                        260
                    ],
                    [
                        154,
                        259
                    ],
                    [
                        153,
                        259
                    ],
                    [
                        152,
                        258
                    ],
                    [
                        151,
                        258
                    ],
                    [
                        150,
                        257
                    ],
                    [
                        149,
                        257
                    ],
                    [
                        147,
                        255
                    ],
                    [
                        146,
                        255
                    ],
                    [
                        145,
                        254
                    ],
                    [
                        144,
                        254
                    ],
                    [
                        143,
                        253
                    ],
                    [
                        140,
                        253
                    ],
                    [
                        139,
                        252
                    ],
                    [
                        138,
                        252
                    ],
                    [
                        136,
                        250
                    ],
                    [
                        135,
                        250
                    ],
                    [
                        134,
                        249
                    ],
                    [
                        132,
                        249
                    ],
                    [
                        131,
                        248
                    ],
                    [
                        130,
                        248
                    ],
                    [
                        128,
                        246
                    ],
                    [
                        126,
                        246
                    ],
                    [
                        125,
                        245
                    ],
                    [
                        124,
                        245
                    ],
                    [
                        123,
                        244
                    ],
                    [
                        120,
                        244
                    ],
                    [
                        119,
                        243
                    ],
                    [
                        117,
                        243
                    ],
                    [
                        116,
                        242
                    ],
                    [
                        115,
                        242
                    ],
                    [
                        114,
                        241
                    ],
                    [
                        112,
                        241
                    ],
                    [
                        111,
                        240
                    ],
                    [
                        108,
                        240
                    ],
                    [
                        107,
                        239
                    ],
                    [
                        103,
                        239
                    ],
                    [
                        102,
                        238
                    ],
                    [
                        101,
                        238
                    ],
                    [
                        100,
                        237
                    ],
                    [
                        96,
                        237
                    ],
                    [
                        95,
                        236
                    ],
                    [
                        89,
                        236
                    ],
                    [
                        88,
                        235
                    ],
                    [
                        78,
                        235
                    ],
                    [
                        77,
                        234
                    ],
                    [
                        72,
                        234
                    ],
                    [
                        71,
                        233
                    ],
                    [
                        62,
                        233
                    ],
                    [
                        61,
                        232
                    ],
                    [
                        48,
                        232
                    ],
                    [
                        47,
                        231
                    ],
                    [
                        27,
                        231
                    ],
                    [
                        26,
                        230
                    ]
                ],
                "interior": []
            }
        },
        {
            "id": 159578239,
            "classId": 6551258,
            "objectId": null,
            "description": "",
            "geometryType": "rectangle",
            "labelerLogin": "inbox@datasetninja.com",
            "createdAt": "2024-03-12T15:50:42.018Z",
            "updatedAt": "2024-03-12T15:50:42.018Z",
            "tags": [
                {
                    "id": 122058483,
                    "tagId": 32511,
                    "name": "object id",
                    "value": 1002,
                    "labelerLogin": "inbox@datasetninja.com",
                    "createdAt": "2024-03-12T15:50:42.018Z",
                    "updatedAt": "2024-03-12T15:50:42.018Z"
                },
                {
                    "id": 122058484,
                    "tagId": 32513,
                    "name": "instance id",
                    "value": 2,
                    "labelerLogin": "inbox@datasetninja.com",
                    "createdAt": "2024-03-12T15:50:42.018Z",
                    "updatedAt": "2024-03-12T15:50:42.018Z"
                }
            ],
            "classTitle": "car",
            "points": {
                "exterior": [
                    [
                        0,
                        230
                    ],
                    [
                        287,
                        369
                    ]
                ],
                "interior": []
            }
        },
        {
            "id": 159578240,
            "classId": 6551258,
            "objectId": null,
            "description": "",
            "geometryType": "polygon",
            "labelerLogin": "inbox@datasetninja.com",
            "createdAt": "2024-03-12T15:50:42.018Z",
            "updatedAt": "2024-03-12T15:50:42.018Z",
            "tags": [
                {
                    "id": 122058485,
                    "tagId": 32511,
                    "name": "object id",
                    "value": 1020,
                    "labelerLogin": "inbox@datasetninja.com",
                    "createdAt": "2024-03-12T15:50:42.018Z",
                    "updatedAt": "2024-03-12T15:50:42.018Z"
                },
                {
                    "id": 122058486,
                    "tagId": 32513,
                    "name": "instance id",
                    "value": 20,
                    "labelerLogin": "inbox@datasetninja.com",
                    "createdAt": "2024-03-12T15:50:42.018Z",
                    "updatedAt": "2024-03-12T15:50:42.018Z"
                }
            ],
            "classTitle": "car",
            "points": {
                "exterior": [
                    [
                        527,
                        173
                    ],
                    [
                        526,
                        174
                    ],
                    [
                        514,
                        174
                    ],
                    [
                        513,
                        175
                    ],
                    [
                        507,
                        175
                    ],
                    [
                        506,
                        176
                    ],
                    [
                        505,
                        176
                    ],
                    [
                        504,
                        177
                    ],
                    [
                        503,
                        177
                    ],
                    [
                        497,
                        183
                    ],
                    [
                        497,
                        184
                    ],
                    [
                        496,
                        185
                    ],
                    [
                        496,
                        186
                    ],
                    [
                        495,
                        187
                    ],
                    [
                        495,
                        190
                    ],
                    [
                        494,
                        191
                    ],
                    [
                        494,
                        194
                    ],
                    [
                        493,
                        195
                    ],
                    [
                        493,
                        198
                    ],
                    [
                        494,
                        199
                    ],
                    [
                        494,
                        201
                    ],
                    [
                        497,
                        204
                    ],
                    [
                        498,
                        204
                    ],
                    [
                        499,
                        205
                    ],
                    [
                        500,
                        205
                    ],
                    [
                        502,
                        207
                    ],
                    [
                        502,
                        208
                    ],
                    [
                        505,
                        211
                    ],
                    [
                        511,
                        211
                    ],
                    [
                        512,
                        210
                    ],
                    [
                        513,
                        210
                    ],
                    [
                        515,
                        208
                    ],
                    [
                        517,
                        208
                    ],
                    [
                        518,
                        207
                    ],
                    [
                        529,
                        207
                    ],
                    [
                        530,
                        208
                    ],
                    [
                        533,
                        208
                    ],
                    [
                        534,
                        209
                    ],
                    [
                        538,
                        209
                    ],
                    [
                        539,
                        208
                    ],
                    [
                        554,
                        208
                    ],
                    [
                        555,
                        209
                    ],
                    [
                        556,
                        209
                    ],
                    [
                        558,
                        211
                    ],
                    [
                        561,
                        211
                    ],
                    [
                        562,
                        212
                    ],
                    [
                        564,
                        212
                    ],
                    [
                        565,
                        211
                    ],
                    [
                        568,
                        211
                    ],
                    [
                        569,
                        210
                    ],
                    [
                        570,
                        210
                    ],
                    [
                        571,
                        209
                    ],
                    [
                        575,
                        209
                    ],
                    [
                        576,
                        208
                    ],
                    [
                        583,
                        208
                    ],
                    [
                        584,
                        209
                    ],
                    [
                        585,
                        209
                    ],
                    [
                        586,
                        210
                    ],
                    [
                        590,
                        210
                    ],
                    [
                        592,
                        208
                    ],
                    [
                        593,
                        208
                    ],
                    [
                        594,
                        207
                    ],
                    [
                        595,
                        207
                    ],
                    [
                        598,
                        204
                    ],
                    [
                        599,
                        204
                    ],
                    [
                        599,
                        195
                    ],
                    [
                        597,
                        193
                    ],
                    [
                        597,
                        192
                    ],
                    [
                        596,
                        191
                    ],
                    [
                        595,
                        191
                    ],
                    [
                        593,
                        189
                    ],
                    [
                        591,
                        189
                    ],
                    [
                        590,
                        188
                    ],
                    [
                        588,
                        188
                    ],
                    [
                        587,
                        187
                    ],
                    [
                        585,
                        187
                    ],
                    [
                        584,
                        186
                    ],
                    [
                        581,
                        186
                    ],
                    [
                        580,
                        185
                    ],
                    [
                        576,
                        185
                    ],
                    [
                        575,
                        184
                    ],
                    [
                        571,
                        184
                    ],
                    [
                        567,
                        180
                    ],
                    [
                        565,
                        180
                    ],
                    [
                        564,
                        179
                    ],
                    [
                        564,
                        178
                    ],
                    [
                        563,
                        178
                    ],
                    [
                        562,
                        177
                    ],
                    [
                        561,
                        177
                    ],
                    [
                        560,
                        176
                    ],
                    [
                        559,
                        176
                    ],
                    [
                        558,
                        175
                    ],
                    [
                        556,
                        175
                    ],
                    [
                        555,
                        174
                    ],
                    [
                        552,
                        174
                    ],
                    [
                        551,
                        173
                    ]
                ],
                "interior": []
            }
        },
        {
            "id": 159578241,
            "classId": 6551258,
            "objectId": null,
            "description": "",
            "geometryType": "rectangle",
            "labelerLogin": "inbox@datasetninja.com",
            "createdAt": "2024-03-12T15:50:42.019Z",
            "updatedAt": "2024-03-12T15:50:42.019Z",
            "tags": [
                {
                    "id": 122058487,
                    "tagId": 32511,
                    "name": "object id",
                    "value": 1020,
                    "labelerLogin": "inbox@datasetninja.com",
                    "createdAt": "2024-03-12T15:50:42.019Z",
                    "updatedAt": "2024-03-12T15:50:42.019Z"
                },
                {
                    "id": 122058488,
                    "tagId": 32513,
                    "name": "instance id",
                    "value": 20,
                    "labelerLogin": "inbox@datasetninja.com",
                    "createdAt": "2024-03-12T15:50:42.019Z",
                    "updatedAt": "2024-03-12T15:50:42.019Z"
                }
            ],
            "classTitle": "car",
            "points": {
                "exterior": [
                    [
                        493,
                        173
                    ],
                    [
                        599,
                        212
                    ]
                ],
                "interior": []
            }
        },
        {
            "id": 159578242,
            "classId": 6551258,
            "objectId": null,
            "description": "",
            "geometryType": "polygon",
            "labelerLogin": "inbox@datasetninja.com",
            "createdAt": "2024-03-12T15:50:42.019Z",
            "updatedAt": "2024-03-12T15:50:42.019Z",
            "tags": [
                {
                    "id": 122058489,
                    "tagId": 32511,
                    "name": "object id",
                    "value": 1023,
                    "labelerLogin": "inbox@datasetninja.com",
                    "createdAt": "2024-03-12T15:50:42.019Z",
                    "updatedAt": "2024-03-12T15:50:42.019Z"
                },
                {
                    "id": 122058490,
                    "tagId": 32513,
                    "name": "instance id",
                    "value": 23,
                    "labelerLogin": "inbox@datasetninja.com",
                    "createdAt": "2024-03-12T15:50:42.019Z",
                    "updatedAt": "2024-03-12T15:50:42.019Z"
                }
            ],
            "classTitle": "car",
            "points": {
                "exterior": [
                    [
                        382,
                        174
                    ],
                    [
                        381,
                        175
                    ],
                    [
                        376,
                        175
                    ],
                    [
                        375,
                        176
                    ],
                    [
                        373,
                        176
                    ],
                    [
                        372,
                        177
                    ],
                    [
                        370,
                        177
                    ],
                    [
                        369,
                        178
                    ],
                    [
                        368,
                        178
                    ],
                    [
                        366,
                        180
                    ],
                    [
                        366,
                        181
                    ],
                    [
                        362,
                        185
                    ],
                    [
                        362,
                        186
                    ],
                    [
                        360,
                        188
                    ],
                    [
                        360,
                        191
                    ],
                    [
                        359,
                        192
                    ],
                    [
                        359,
                        194
                    ],
                    [
                        360,
                        195
                    ],
                    [
                        360,
                        199
                    ],
                    [
                        361,
                        199
                    ],
                    [
                        362,
                        200
                    ],
                    [
                        363,
                        200
                    ],
                    [
                        364,
                        199
                    ],
                    [
                        366,
                        199
                    ],
                    [
                        367,
                        198
                    ],
                    [
                        388,
                        198
                    ],
                    [
                        389,
                        197
                    ],
                    [
                        391,
                        197
                    ],
                    [
                        392,
                        196
                    ],
                    [
                        398,
                        196
                    ],
                    [
                        399,
                        195
                    ],
                    [
                        400,
                        195
                    ],
                    [
                        400,
                        192
                    ],
                    [
                        401,
                        191
                    ],
                    [
                        401,
                        189
                    ],
                    [
                        400,
                        188
                    ],
                    [
                        400,
                        185
                    ],
                    [
                        399,
                        184
                    ],
                    [
                        399,
                        182
                    ],
                    [
                        397,
                        180
                    ],
                    [
                        397,
                        179
                    ],
                    [
                        394,
                        176
                    ],
                    [
                        393,
                        176
                    ],
                    [
                        392,
                        175
                    ],
                    [
                        388,
                        175
                    ],
                    [
                        387,
                        174
                    ]
                ],
                "interior": []
            }
        },
        {
            "id": 159578243,
            "classId": 6551258,
            "objectId": null,
            "description": "",
            "geometryType": "rectangle",
            "labelerLogin": "inbox@datasetninja.com",
            "createdAt": "2024-03-12T15:50:42.020Z",
            "updatedAt": "2024-03-12T15:50:42.020Z",
            "tags": [
                {
                    "id": 122058491,
                    "tagId": 32511,
                    "name": "object id",
                    "value": 1023,
                    "labelerLogin": "inbox@datasetninja.com",
                    "createdAt": "2024-03-12T15:50:42.020Z",
                    "updatedAt": "2024-03-12T15:50:42.020Z"
                },
                {
                    "id": 122058492,
                    "tagId": 32513,
                    "name": "instance id",
                    "value": 23,
                    "labelerLogin": "inbox@datasetninja.com",
                    "createdAt": "2024-03-12T15:50:42.020Z",
                    "updatedAt": "2024-03-12T15:50:42.020Z"
                }
            ],
            "classTitle": "car",
            "points": {
                "exterior": [
                    [
                        359,
                        174
                    ],
                    [
                        401,
                        200
                    ]
                ],
                "interior": []
            }
        },
        {
            "id": 159578244,
            "classId": 6551259,
            "objectId": null,
            "description": "",
            "geometryType": "polygon",
            "labelerLogin": "inbox@datasetninja.com",
            "createdAt": "2024-03-12T15:50:42.020Z",
            "updatedAt": "2024-03-12T15:50:42.020Z",
            "tags": [],
            "classTitle": "ignore region",
            "points": {
                "exterior": [
                    [
                        445,
                        169
                    ],
                    [
                        445,
                        196
                    ],
                    [
                        486,
                        196
                    ],
                    [
                        486,
                        169
                    ]
                ],
                "interior": []
            }
        },
        {
            "id": 159578245,
            "classId": 6551259,
            "objectId": null,
            "description": "",
            "geometryType": "rectangle",
            "labelerLogin": "inbox@datasetninja.com",
            "createdAt": "2024-03-12T15:50:42.020Z",
            "updatedAt": "2024-03-12T15:50:42.020Z",
            "tags": [],
            "classTitle": "ignore region",
            "points": {
                "exterior": [
                    [
                        445,
                        169
                    ],
                    [
                        486,
                        196
                    ]
                ],
                "interior": []
            }
        },
        {
            "id": 159578246,
            "classId": 6551259,
            "objectId": null,
            "description": "",
            "geometryType": "polygon",
            "labelerLogin": "inbox@datasetninja.com",
            "createdAt": "2024-03-12T15:50:42.021Z",
            "updatedAt": "2024-03-12T15:50:42.021Z",
            "tags": [],
            "classTitle": "ignore region",
            "points": {
                "exterior": [
                    [
                        622,
                        162
                    ],
                    [
                        622,
                        175
                    ],
                    [
                        637,
                        175
                    ],
                    [
                        637,
                        162
                    ]
                ],
                "interior": []
            }
        },
        {
            "id": 159578247,
            "classId": 6551259,
            "objectId": null,
            "description": "",
            "geometryType": "rectangle",
            "labelerLogin": "inbox@datasetninja.com",
            "createdAt": "2024-03-12T15:50:42.021Z",
            "updatedAt": "2024-03-12T15:50:42.021Z",
            "tags": [],
            "classTitle": "ignore region",
            "points": {
                "exterior": [
                    [
                        622,
                        162
                    ],
                    [
                        637,
                        175
                    ]
                ],
                "interior": []
            }
        },
        {
            "id": 159578248,
            "classId": 6551259,
            "objectId": null,
            "description": "",
            "geometryType": "polygon",
            "labelerLogin": "inbox@datasetninja.com",
            "createdAt": "2024-03-12T15:50:42.021Z",
            "updatedAt": "2024-03-12T15:50:42.021Z",
            "tags": [],
            "classTitle": "ignore region",
            "points": {
                "exterior": [
                    [
                        873,
                        153
                    ],
                    [
                        873,
                        194
                    ],
                    [
                        915,
                        194
                    ],
                    [
                        915,
                        153
                    ]
                ],
                "interior": []
            }
        },
        {
            "id": 159578249,
            "classId": 6551259,
            "objectId": null,
            "description": "",
            "geometryType": "rectangle",
            "labelerLogin": "inbox@datasetninja.com",
            "createdAt": "2024-03-12T15:50:42.023Z",
            "updatedAt": "2024-03-12T15:50:42.023Z",
            "tags": [],
            "classTitle": "ignore region",
            "points": {
                "exterior": [
                    [
                        873,
                        153
                    ],
                    [
                        915,
                        194
                    ]
                ],
                "interior": []
            }
        },
        {
            "id": 159578250,
            "classId": 6551259,
            "objectId": null,
            "description": "",
            "geometryType": "polygon",
            "labelerLogin": "inbox@datasetninja.com",
            "createdAt": "2024-03-12T15:50:42.023Z",
            "updatedAt": "2024-03-12T15:50:42.023Z",
            "tags": [],
            "classTitle": "ignore region",
            "points": {
                "exterior": [
                    [
                        992,
                        147
                    ],
                    [
                        992,
                        216
                    ],
                    [
                        1029,
                        216
                    ],
                    [
                        1029,
                        147
                    ]
                ],
                "interior": []
            }
        },
        {
            "id": 159578251,
            "classId": 6551259,
            "objectId": null,
            "description": "",
            "geometryType": "rectangle",
            "labelerLogin": "inbox@datasetninja.com",
            "createdAt": "2024-03-12T15:50:42.023Z",
            "updatedAt": "2024-03-12T15:50:42.023Z",
            "tags": [],
            "classTitle": "ignore region",
            "points": {
                "exterior": [
                    [
                        992,
                        147
                    ],
                    [
                        1029,
                        216
                    ]
                ],
                "interior": []
            }
        }
    ]
}