{
    "description": "",
    "tags": [
        {
            "id": 21887889,
            "tagId": 32512,
            "name": "sequence",
            "value": "0015",
            "labelerLogin": "inbox@datasetninja.com",
            "createdAt": "2024-03-12T15:51:35.768Z",
            "updatedAt": "2024-03-12T15:51:35.768Z"
        }
    ],
    "size": {
        "height": 370,
        "width": 1224
    },
    "objects": [
        {
            "id": 159589244,
            "classId": 6551258,
            "objectId": null,
            "description": "",
            "geometryType": "polygon",
            "labelerLogin": "inbox@datasetninja.com",
            "createdAt": "2024-03-12T15:51:35.769Z",
            "updatedAt": "2024-03-12T15:51:35.769Z",
            "tags": [
                {
                    "id": 122069817,
                    "tagId": 32511,
                    "name": "object id",
                    "value": 1002,
                    "labelerLogin": "inbox@datasetninja.com",
                    "createdAt": "2024-03-12T15:51:35.769Z",
                    "updatedAt": "2024-03-12T15:51:35.769Z"
                },
                {
                    "id": 122069818,
                    "tagId": 32513,
                    "name": "instance id",
                    "value": 2,
                    "labelerLogin": "inbox@datasetninja.com",
                    "createdAt": "2024-03-12T15:51:35.769Z",
                    "updatedAt": "2024-03-12T15:51:35.769Z"
                }
            ],
            "classTitle": "car",
            "points": {
                "exterior": [
                    [
                        0,
                        230
                    ],
                    [
                        0,
                        369
                    ],
                    [
                        278,
                        369
                    ],
                    [
                        278,
                        368
                    ],
                    [
                        279,
                        367
                    ],
                    [
                        279,
                        364
                    ],
                    [
                        280,
                        363
                    ],
                    [
                        280,
                        359
                    ],
                    [
                        281,
                        358
                    ],
                    [
                        281,
                        356
                    ],
                    [
                        282,
                        355
                    ],
                    [
                        282,
                        353
                    ],
                    [
                        283,
                        352
                    ],
                    [
                        283,
                        350
                    ],
                    [
                        284,
                        349
                    ],
                    [
                        284,
                        348
                    ],
                    [
                        285,
                        347
                    ],
                    [
                        285,
                        345
                    ],
                    [
                        286,
                        344
                    ],
                    [
                        286,
                        338
                    ],
                    [
                        287,
                        337
                    ],
                    [
                        287,
                        323
                    ],
                    [
                        286,
                        322
                    ],
                    [
                        286,
                        318
                    ],
                    [
                        285,
                        317
                    ],
                    [
                        285,
                        316
                    ],
                    [
                        284,
                        315
                    ],
                    [
                        284,
                        314
                    ],
                    [
                        283,
                        313
                    ],
                    [
                        283,
                        309
                    ],
                    [
                        282,
                        308
                    ],
                    [
                        282,
                        306
                    ],
                    [
                        281,
                        305
                    ],
                    [
                        281,
                        304
                    ],
                    [
                        280,
                        303
                    ],
                    [
                        280,
                        302
                    ],
                    [
                        277,
                        299
                    ],
                    [
                        277,
                        298
                    ],
                    [
                        273,
                        294
                    ],
                    [
                        272,
                        294
                    ],
                    [
                        271,
                        293
                    ],
                    [
                        269,
                        293
                    ],
                    [
                        268,
                        292
                    ],
                    [
                        265,
                        292
                    ],
                    [
                        264,
                        291
                    ],
                    [
                        262,
                        291
                    ],
                    [
                        261,
                        290
                    ],
                    [
                        254,
                        290
                    ],
                    [
                        253,
                        289
                    ],
                    [
                        243,
                        289
                    ],
                    [
                        242,
                        288
                    ],
                    [
                        225,
                        288
                    ],
                    [
                        224,
                        287
                    ],
                    [
                        221,
                        287
                    ],
                    [
                        220,
                        286
                    ],
                    [
                        210,
                        286
                    ],
                    [
                        209,
                        287
                    ],
                    [
                        199,
                        287
                    ],
                    [
                        198,
                        286
                    ],
                    [
                        195,
                        286
                    ],
                    [
                        194,
                        285
                    ],
                    [
                        192,
                        285
                    ],
                    [
                        191,
                        284
                    ],
                    [
                        190,
                        284
                    ],
                    [
                        189,
                        283
                    ],
                    [
                        189,
                        282
                    ],
                    [
                        188,
                        282
                    ],
                    [
                        183,
                        277
                    ],
                    [
                        182,
                        277
                    ],
                    [
                        181,
                        276
                    ],
                    [
                        180,
                        276
                    ],
                    [
                        176,
                        272
                    ],
                    [
                        175,
                        272
                    ],
                    [
                        172,
                        269
                    ],
                    [
                        171,
                        269
                    ],
                    [
                        170,
                        268
                    ],
                    [
                        169,
                        268
                    ],
                    [
                        167,
                        266
                    ],
                    [
                        166,
                        266
                    ],
                    [
                        165,
                        265
                    ],
                    [
                        164,
                        265
                    ],
                    [
                        163,
                        264
                    ],
                    [
                        162,
                        264
                    ],
                    [
                        160,
                        262
                    ],
                    [
                        159,
                        262
                    ],
                    [
                        158,
                        261
                    ],
                    [
                        157,
                        261
                    ],
                    [
                        156,
                        260
                    ],
                    [
                        155,
                        260
                    ],
                    [
                        153,
                        258
                    ],
                    [
                        152,
                        258
                    ],
                    [
                        151,
                        257
                    ],
                    [
                        149,
                        257
                    ],
                    [
                        148,
                        256
                    ],
                    [
                        147,
                        256
                    ],
                    [
                        145,
                        254
                    ],
                    [
                        144,
                        254
                    ],
                    [
                        143,
                        253
                    ],
                    [
                        141,
                        253
                    ],
                    [
                        140,
                        252
                    ],
                    [
                        138,
                        252
                    ],
                    [
                        137,
                        251
                    ],
                    [
                        136,
                        251
                    ],
                    [
                        135,
                        250
                    ],
                    [
                        134,
                        250
                    ],
                    [
                        132,
                        248
                    ],
                    [
                        130,
                        248
                    ],
                    [
                        128,
                        246
                    ],
                    [
                        126,
                        246
                    ],
                    [
                        125,
                        245
                    ],
                    [
                        123,
                        245
                    ],
                    [
                        122,
                        244
                    ],
                    [
                        120,
                        244
                    ],
                    [
                        118,
                        242
                    ],
                    [
                        115,
                        242
                    ],
                    [
                        114,
                        241
                    ],
                    [
                        111,
                        241
                    ],
                    [
                        110,
                        240
                    ],
                    [
                        108,
                        240
                    ],
                    [
                        107,
                        239
                    ],
                    [
                        105,
                        239
                    ],
                    [
                        104,
                        238
                    ],
                    [
                        100,
                        238
                    ],
                    [
                        99,
                        237
                    ],
                    [
                        95,
                        237
                    ],
                    [
                        94,
                        236
                    ],
                    [
                        88,
                        236
                    ],
                    [
                        87,
                        235
                    ],
                    [
                        83,
                        235
                    ],
                    [
                        82,
                        234
                    ],
                    [
                        72,
                        234
                    ],
                    [
                        71,
                        233
                    ],
                    [
                        62,
                        233
                    ],
                    [
                        61,
                        232
                    ],
                    [
                        46,
                        232
                    ],
                    [
                        45,
                        231
                    ],
                    [
                        39,
                        231
                    ],
                    [
                        38,
                        230
                    ]
                ],
                "interior": []
            }
        },
        {
            "id": 159589245,
            "classId": 6551258,
            "objectId": null,
            "description": "",
            "geometryType": "rectangle",
            "labelerLogin": "inbox@datasetninja.com",
            "createdAt": "2024-03-12T15:51:35.770Z",
            "updatedAt": "2024-03-12T15:51:35.770Z",
            "tags": [
                {
                    "id": 122069819,
                    "tagId": 32511,
                    "name": "object id",
                    "value": 1002,
                    "labelerLogin": "inbox@datasetninja.com",
                    "createdAt": "2024-03-12T15:51:35.770Z",
                    "updatedAt": "2024-03-12T15:51:35.770Z"
                },
                {
                    "id": 122069820,
                    "tagId": 32513,
                    "name": "instance id",
                    "value": 2,
                    "labelerLogin": "inbox@datasetninja.com",
                    "createdAt": "2024-03-12T15:51:35.770Z",
                    "updatedAt": "2024-03-12T15:51:35.770Z"
                }
            ],
            "classTitle": "car",
            "points": {
                "exterior": [
                    [
                        0,
                        230
                    ],
                    [
                        287,
                        369
                    ]
                ],
                "interior": []
            }
        },
        {
            "id": 159589246,
            "classId": 6551258,
            "objectId": null,
            "description": "",
            "geometryType": "polygon",
            "labelerLogin": "inbox@datasetninja.com",
            "createdAt": "2024-03-12T15:51:35.771Z",
            "updatedAt": "2024-03-12T15:51:35.771Z",
            "tags": [
                {
                    "id": 122069821,
                    "tagId": 32511,
                    "name": "object id",
                    "value": 1018,
                    "labelerLogin": "inbox@datasetninja.com",
                    "createdAt": "2024-03-12T15:51:35.770Z",
                    "updatedAt": "2024-03-12T15:51:35.770Z"
                },
                {
                    "id": 122069822,
                    "tagId": 32513,
                    "name": "instance id",
                    "value": 18,
                    "labelerLogin": "inbox@datasetninja.com",
                    "createdAt": "2024-03-12T15:51:35.770Z",
                    "updatedAt": "2024-03-12T15:51:35.770Z"
                }
            ],
            "classTitle": "car",
            "points": {
                "exterior": [
                    [
                        455,
                        175
                    ],
                    [
                        454,
                        176
                    ],
                    [
                        452,
                        176
                    ],
                    [
                        449,
                        179
                    ],
                    [
                        449,
                        180
                    ],
                    [
                        447,
                        182
                    ],
                    [
                        447,
                        183
                    ],
                    [
                        445,
                        185
                    ],
                    [
                        445,
                        190
                    ],
                    [
                        444,
                        191
                    ],
                    [
                        444,
                        202
                    ],
                    [
                        445,
                        203
                    ],
                    [
                        445,
                        205
                    ],
                    [
                        456,
                        205
                    ],
                    [
                        457,
                        204
                    ],
                    [
                        485,
                        204
                    ],
                    [
                        486,
                        205
                    ],
                    [
                        487,
                        205
                    ],
                    [
                        488,
                        204
                    ],
                    [
                        489,
                        205
                    ],
                    [
                        490,
                        205
                    ],
                    [
                        491,
                        204
                    ],
                    [
                        492,
                        204
                    ],
                    [
                        492,
                        193
                    ],
                    [
                        490,
                        191
                    ],
                    [
                        490,
                        190
                    ],
                    [
                        489,
                        189
                    ],
                    [
                        489,
                        188
                    ],
                    [
                        488,
                        187
                    ],
                    [
                        488,
                        186
                    ],
                    [
                        487,
                        185
                    ],
                    [
                        487,
                        184
                    ],
                    [
                        480,
                        177
                    ],
                    [
                        479,
                        177
                    ],
                    [
                        478,
                        176
                    ],
                    [
                        477,
                        176
                    ],
                    [
                        476,
                        175
                    ]
                ],
                "interior": []
            }
        },
        {
            "id": 159589247,
            "classId": 6551258,
            "objectId": null,
            "description": "",
            "geometryType": "rectangle",
            "labelerLogin": "inbox@datasetninja.com",
            "createdAt": "2024-03-12T15:51:35.772Z",
            "updatedAt": "2024-03-12T15:51:35.772Z",
            "tags": [
                {
                    "id": 122069823,
                    "tagId": 32511,
                    "name": "object id",
                    "value": 1018,
                    "labelerLogin": "inbox@datasetninja.com",
                    "createdAt": "2024-03-12T15:51:35.772Z",
                    "updatedAt": "2024-03-12T15:51:35.772Z"
                },
                {
                    "id": 122069824,
                    "tagId": 32513,
                    "name": "instance id",
                    "value": 18,
                    "labelerLogin": "inbox@datasetninja.com",
                    "createdAt": "2024-03-12T15:51:35.772Z",
                    "updatedAt": "2024-03-12T15:51:35.772Z"
                }
            ],
            "classTitle": "car",
            "points": {
                "exterior": [
                    [
                        444,
                        175
                    ],
                    [
                        492,
                        205
                    ]
                ],
                "interior": []
            }
        },
        {
            "id": 159589248,
            "classId": 6551257,
            "objectId": null,
            "description": "",
            "geometryType": "polygon",
            "labelerLogin": "inbox@datasetninja.com",
            "createdAt": "2024-03-12T15:51:35.773Z",
            "updatedAt": "2024-03-12T15:51:35.773Z",
            "tags": [
                {
                    "id": 122069825,
                    "tagId": 32511,
                    "name": "object id",
                    "value": 2010,
                    "labelerLogin": "inbox@datasetninja.com",
                    "createdAt": "2024-03-12T15:51:35.773Z",
                    "updatedAt": "2024-03-12T15:51:35.773Z"
                },
                {
                    "id": 122069826,
                    "tagId": 32513,
                    "name": "instance id",
                    "value": 10,
                    "labelerLogin": "inbox@datasetninja.com",
                    "createdAt": "2024-03-12T15:51:35.773Z",
                    "updatedAt": "2024-03-12T15:51:35.773Z"
                }
            ],
            "classTitle": "pedestrian",
            "points": {
                "exterior": [
                    [
                        976,
                        253
                    ],
                    [
                        975,
                        254
                    ],
                    [
                        975,
                        256
                    ],
                    [
                        974,
                        257
                    ],
                    [
                        971,
                        257
                    ],
                    [
                        972,
                        257
                    ],
                    [
                        973,
                        258
                    ],
                    [
                        982,
                        258
                    ],
                    [
                        984,
                        256
                    ],
                    [
                        983,
                        255
                    ],
                    [
                        983,
                        254
                    ],
                    [
                        982,
                        253
                    ]
                ],
                "interior": []
            }
        },
        {
            "id": 159589249,
            "classId": 6551257,
            "objectId": null,
            "description": "",
            "geometryType": "rectangle",
            "labelerLogin": "inbox@datasetninja.com",
            "createdAt": "2024-03-12T15:51:35.776Z",
            "updatedAt": "2024-03-12T15:51:35.776Z",
            "tags": [
                {
                    "id": 122069827,
                    "tagId": 32511,
                    "name": "object id",
                    "value": 2010,
                    "labelerLogin": "inbox@datasetninja.com",
                    "createdAt": "2024-03-12T15:51:35.775Z",
                    "updatedAt": "2024-03-12T15:51:35.775Z"
                },
                {
                    "id": 122069828,
                    "tagId": 32513,
                    "name": "instance id",
                    "value": 10,
                    "labelerLogin": "inbox@datasetninja.com",
                    "createdAt": "2024-03-12T15:51:35.775Z",
                    "updatedAt": "2024-03-12T15:51:35.775Z"
                }
            ],
            "classTitle": "pedestrian",
            "points": {
                "exterior": [
                    [
                        971,
                        253
                    ],
                    [
                        984,
                        258
                    ]
                ],
                "interior": []
            }
        },
        {
            "id": 159589250,
            "classId": 6551257,
            "objectId": null,
            "description": "",
            "geometryType": "polygon",
            "labelerLogin": "inbox@datasetninja.com",
            "createdAt": "2024-03-12T15:51:35.777Z",
            "updatedAt": "2024-03-12T15:51:35.777Z",
            "tags": [
                {
                    "id": 122069829,
                    "tagId": 32511,
                    "name": "object id",
                    "value": 2010,
                    "labelerLogin": "inbox@datasetninja.com",
                    "createdAt": "2024-03-12T15:51:35.777Z",
                    "updatedAt": "2024-03-12T15:51:35.777Z"
                },
                {
                    "id": 122069830,
                    "tagId": 32513,
                    "name": "instance id",
                    "value": 10,
                    "labelerLogin": "inbox@datasetninja.com",
                    "createdAt": "2024-03-12T15:51:35.777Z",
                    "updatedAt": "2024-03-12T15:51:35.777Z"
                }
            ],
            "classTitle": "pedestrian",
            "points": {
                "exterior": [
                    [
                        964,
                        206
                    ],
                    [
                        963,
                        207
                    ],
                    [
                        962,
                        207
                    ],
                    [
                        961,
                        208
                    ],
                    [
                        960,
                        208
                    ],
                    [
                        960,
                        209
                    ],
                    [
                        961,
                        210
                    ],
                    [
                        961,
                        213
                    ],
                    [
                        963,
                        215
                    ],
                    [
                        963,
                        216
                    ],
                    [
                        965,
                        218
                    ],
                    [
                        965,
                        219
                    ],
                    [
                        966,
                        220
                    ],
                    [
                        966,
                        223
                    ],
                    [
                        965,
                        224
                    ],
                    [
                        966,
                        225
                    ],
                    [
                        966,
                        228
                    ],
                    [
                        965,
                        229
                    ],
                    [
                        965,
                        230
                    ],
                    [
                        964,
                        231
                    ],
                    [
                        964,
                        237
                    ],
                    [
                        963,
                        238
                    ],
                    [
                        963,
                        242
                    ],
                    [
                        962,
                        243
                    ],
                    [
                        962,
                        253
                    ],
                    [
                        961,
                        254
                    ],
                    [
                        961,
                        255
                    ],
                    [
                        964,
                        258
                    ],
                    [
                        968,
                        258
                    ],
                    [
                        966,
                        258
                    ],
                    [
                        965,
                        257
                    ],
                    [
                        964,
                        257
                    ],
                    [
                        963,
                        256
                    ],
                    [
                        963,
                        253
                    ],
                    [
                        964,
                        252
                    ],
                    [
                        964,
                        251
                    ],
                    [
                        965,
                        250
                    ],
                    [
                        965,
                        247
                    ],
                    [
                        966,
                        246
                    ],
                    [
                        966,
                        245
                    ],
                    [
                        974,
                        237
                    ],
                    [
                        974,
                        236
                    ],
                    [
                        979,
                        231
                    ],
                    [
                        979,
                        219
                    ],
                    [
                        978,
                        218
                    ],
                    [
                        978,
                        216
                    ],
                    [
                        977,
                        215
                    ],
                    [
                        977,
                        211
                    ],
                    [
                        976,
                        210
                    ],
                    [
                        976,
                        209
                    ],
                    [
                        975,
                        209
                    ],
                    [
                        974,
                        208
                    ],
                    [
                        973,
                        208
                    ],
                    [
                        972,
                        207
                    ],
                    [
                        969,
                        207
                    ],
                    [
                        968,
                        206
                    ]
                ],
                "interior": []
            }
        },
        {
            "id": 159589251,
            "classId": 6551257,
            "objectId": null,
            "description": "",
            "geometryType": "rectangle",
            "labelerLogin": "inbox@datasetninja.com",
            "createdAt": "2024-03-12T15:51:35.779Z",
            "updatedAt": "2024-03-12T15:51:35.779Z",
            "tags": [
                {
                    "id": 122069831,
                    "tagId": 32511,
                    "name": "object id",
                    "value": 2010,
                    "labelerLogin": "inbox@datasetninja.com",
                    "createdAt": "2024-03-12T15:51:35.779Z",
                    "updatedAt": "2024-03-12T15:51:35.779Z"
                },
                {
                    "id": 122069832,
                    "tagId": 32513,
                    "name": "instance id",
                    "value": 10,
                    "labelerLogin": "inbox@datasetninja.com",
                    "createdAt": "2024-03-12T15:51:35.779Z",
                    "updatedAt": "2024-03-12T15:51:35.779Z"
                }
            ],
            "classTitle": "pedestrian",
            "points": {
                "exterior": [
                    [
                        960,
                        206
                    ],
                    [
                        979,
                        258
                    ]
                ],
                "interior": []
            }
        },
        {
            "id": 159589252,
            "classId": 6551257,
            "objectId": null,
            "description": "",
            "geometryType": "polygon",
            "labelerLogin": "inbox@datasetninja.com",
            "createdAt": "2024-03-12T15:51:35.780Z",
            "updatedAt": "2024-03-12T15:51:35.780Z",
            "tags": [
                {
                    "id": 122069833,
                    "tagId": 32511,
                    "name": "object id",
                    "value": 2010,
                    "labelerLogin": "inbox@datasetninja.com",
                    "createdAt": "2024-03-12T15:51:35.780Z",
                    "updatedAt": "2024-03-12T15:51:35.780Z"
                },
                {
                    "id": 122069834,
                    "tagId": 32513,
                    "name": "instance id",
                    "value": 10,
                    "labelerLogin": "inbox@datasetninja.com",
                    "createdAt": "2024-03-12T15:51:35.780Z",
                    "updatedAt": "2024-03-12T15:51:35.780Z"
                }
            ],
            "classTitle": "pedestrian",
            "points": {
                "exterior": [
                    [
                        972,
                        160
                    ],
                    [
                        971,
                        161
                    ],
                    [
                        969,
                        161
                    ],
                    [
                        968,
                        162
                    ],
                    [
                        968,
                        169
                    ],
                    [
                        967,
                        170
                    ],
                    [
                        967,
                        171
                    ],
                    [
                        965,
                        173
                    ],
                    [
                        965,
                        174
                    ],
                    [
                        961,
                        178
                    ],
                    [
                        963,
                        178
                    ],
                    [
                        964,
                        179
                    ],
                    [
                        965,
                        179
                    ],
                    [
                        966,
                        180
                    ],
                    [
                        967,
                        180
                    ],
                    [
                        972,
                        185
                    ],
                    [
                        972,
                        187
                    ],
                    [
                        973,
                        188
                    ],
                    [
                        973,
                        190
                    ],
                    [
                        974,
                        190
                    ],
                    [
                        974,
                        188
                    ],
                    [
                        975,
                        187
                    ],
                    [
                        975,
                        182
                    ],
                    [
                        976,
                        181
                    ],
                    [
                        976,
                        178
                    ],
                    [
                        977,
                        177
                    ],
                    [
                        977,
                        176
                    ],
                    [
                        978,
                        175
                    ],
                    [
                        978,
                        174
                    ],
                    [
                        980,
                        172
                    ],
                    [
                        980,
                        171
                    ],
                    [
                        982,
                        169
                    ],
                    [
                        982,
                        168
                    ],
                    [
                        983,
                        167
                    ],
                    [
                        983,
                        166
                    ],
                    [
                        985,
                        164
                    ],
                    [
                        985,
                        161
                    ],
                    [
                        984,
                        161
                    ],
                    [
                        983,
                        160
                    ]
                ],
                "interior": []
            }
        },
        {
            "id": 159589253,
            "classId": 6551257,
            "objectId": null,
            "description": "",
            "geometryType": "rectangle",
            "labelerLogin": "inbox@datasetninja.com",
            "createdAt": "2024-03-12T15:51:35.781Z",
            "updatedAt": "2024-03-12T15:51:35.781Z",
            "tags": [
                {
                    "id": 122069835,
                    "tagId": 32511,
                    "name": "object id",
                    "value": 2010,
                    "labelerLogin": "inbox@datasetninja.com",
                    "createdAt": "2024-03-12T15:51:35.781Z",
                    "updatedAt": "2024-03-12T15:51:35.781Z"
                },
                {
                    "id": 122069836,
                    "tagId": 32513,
                    "name": "instance id",
                    "value": 10,
                    "labelerLogin": "inbox@datasetninja.com",
                    "createdAt": "2024-03-12T15:51:35.781Z",
                    "updatedAt": "2024-03-12T15:51:35.781Z"
                }
            ],
            "classTitle": "pedestrian",
            "points": {
                "exterior": [
                    [
                        961,
                        160
                    ],
                    [
                        985,
                        190
                    ]
                ],
                "interior": []
            }
        },
        {
            "id": 159589254,
            "classId": 6551257,
            "objectId": null,
            "description": "",
            "geometryType": "polygon",
            "labelerLogin": "inbox@datasetninja.com",
            "createdAt": "2024-03-12T15:51:35.782Z",
            "updatedAt": "2024-03-12T15:51:35.782Z",
            "tags": [
                {
                    "id": 122069837,
                    "tagId": 32511,
                    "name": "object id",
                    "value": 2011,
                    "labelerLogin": "inbox@datasetninja.com",
                    "createdAt": "2024-03-12T15:51:35.782Z",
                    "updatedAt": "2024-03-12T15:51:35.782Z"
                },
                {
                    "id": 122069838,
                    "tagId": 32513,
                    "name": "instance id",
                    "value": 11,
                    "labelerLogin": "inbox@datasetninja.com",
                    "createdAt": "2024-03-12T15:51:35.782Z",
                    "updatedAt": "2024-03-12T15:51:35.782Z"
                }
            ],
            "classTitle": "pedestrian",
            "points": {
                "exterior": [
                    [
                        989,
                        163
                    ],
                    [
                        988,
                        164
                    ],
                    [
                        986,
                        164
                    ],
                    [
                        986,
                        165
                    ],
                    [
                        984,
                        167
                    ],
                    [
                        984,
                        170
                    ],
                    [
                        983,
                        171
                    ],
                    [
                        983,
                        173
                    ],
                    [
                        978,
                        178
                    ],
                    [
                        978,
                        179
                    ],
                    [
                        977,
                        180
                    ],
                    [
                        977,
                        181
                    ],
                    [
                        976,
                        182
                    ],
                    [
                        976,
                        188
                    ],
                    [
                        975,
                        189
                    ],
                    [
                        975,
                        191
                    ],
                    [
                        976,
                        192
                    ],
                    [
                        976,
                        196
                    ],
                    [
                        977,
                        197
                    ],
                    [
                        977,
                        198
                    ],
                    [
                        978,
                        199
                    ],
                    [
                        978,
                        206
                    ],
                    [
                        977,
                        207
                    ],
                    [
                        977,
                        210
                    ],
                    [
                        978,
                        211
                    ],
                    [
                        978,
                        215
                    ],
                    [
                        979,
                        216
                    ],
                    [
                        979,
                        218
                    ],
                    [
                        980,
                        219
                    ],
                    [
                        980,
                        231
                    ],
                    [
                        975,
                        236
                    ],
                    [
                        975,
                        237
                    ],
                    [
                        967,
                        245
                    ],
                    [
                        967,
                        246
                    ],
                    [
                        966,
                        247
                    ],
                    [
                        966,
                        250
                    ],
                    [
                        965,
                        251
                    ],
                    [
                        965,
                        252
                    ],
                    [
                        964,
                        253
                    ],
                    [
                        964,
                        256
                    ],
                    [
                        965,
                        256
                    ],
                    [
                        966,
                        257
                    ],
                    [
                        970,
                        257
                    ],
                    [
                        971,
                        256
                    ],
                    [
                        974,
                        256
                    ],
                    [
                        974,
                        254
                    ],
                    [
                        976,
                        252
                    ],
                    [
                        978,
                        252
                    ],
                    [
                        979,
                        251
                    ],
                    [
                        979,
                        246
                    ],
                    [
                        983,
                        242
                    ],
                    [
                        983,
                        241
                    ],
                    [
                        986,
                        238
                    ],
                    [
                        986,
                        237
                    ],
                    [
                        987,
                        236
                    ],
                    [
                        988,
                        236
                    ],
                    [
                        989,
                        235
                    ],
                    [
                        991,
                        237
                    ],
                    [
                        991,
                        239
                    ],
                    [
                        990,
                        240
                    ],
                    [
                        990,
                        258
                    ],
                    [
                        992,
                        260
                    ],
                    [
                        1001,
                        260
                    ],
                    [
                        1002,
                        259
                    ],
                    [
                        1002,
                        258
                    ],
                    [
                        1000,
                        256
                    ],
                    [
                        1000,
                        255
                    ],
                    [
                        998,
                        253
                    ],
                    [
                        997,
                        253
                    ],
                    [
                        995,
                        251
                    ],
                    [
                        995,
                        245
                    ],
                    [
                        994,
                        244
                    ],
                    [
                        994,
                        238
                    ],
                    [
                        993,
                        237
                    ],
                    [
                        993,
                        235
                    ],
                    [
                        994,
                        234
                    ],
                    [
                        994,
                        233
                    ],
                    [
                        996,
                        231
                    ],
                    [
                        997,
                        231
                    ],
                    [
                        997,
                        230
                    ],
                    [
                        999,
                        228
                    ],
                    [
                        999,
                        220
                    ],
                    [
                        1000,
                        219
                    ],
                    [
                        1001,
                        219
                    ],
                    [
                        1003,
                        221
                    ],
                    [
                        1004,
                        220
                    ],
                    [
                        1004,
                        216
                    ],
                    [
                        1003,
                        215
                    ],
                    [
                        1003,
                        212
                    ],
                    [
                        1001,
                        210
                    ],
                    [
                        1001,
                        208
                    ],
                    [
                        1000,
                        207
                    ],
                    [
                        1000,
                        205
                    ],
                    [
                        999,
                        204
                    ],
                    [
                        999,
                        191
                    ],
                    [
                        998,
                        190
                    ],
                    [
                        998,
                        186
                    ],
                    [
                        997,
                        185
                    ],
                    [
                        997,
                        181
                    ],
                    [
                        996,
                        180
                    ],
                    [
                        996,
                        175
                    ],
                    [
                        997,
                        174
                    ],
                    [
                        997,
                        171
                    ],
                    [
                        996,
                        170
                    ],
                    [
                        996,
                        168
                    ],
                    [
                        995,
                        167
                    ],
                    [
                        995,
                        165
                    ],
                    [
                        994,
                        164
                    ],
                    [
                        992,
                        164
                    ],
                    [
                        991,
                        163
                    ]
                ],
                "interior": []
            }
        },
        {
            "id": 159589255,
            "classId": 6551257,
            "objectId": null,
            "description": "",
            "geometryType": "rectangle",
            "labelerLogin": "inbox@datasetninja.com",
            "createdAt": "2024-03-12T15:51:35.782Z",
            "updatedAt": "2024-03-12T15:51:35.782Z",
            "tags": [
                {
                    "id": 122069839,
                    "tagId": 32511,
                    "name": "object id",
                    "value": 2011,
                    "labelerLogin": "inbox@datasetninja.com",
                    "createdAt": "2024-03-12T15:51:35.782Z",
                    "updatedAt": "2024-03-12T15:51:35.782Z"
                },
                {
                    "id": 122069840,
                    "tagId": 32513,
                    "name": "instance id",
                    "value": 11,
                    "labelerLogin": "inbox@datasetninja.com",
                    "createdAt": "2024-03-12T15:51:35.782Z",
                    "updatedAt": "2024-03-12T15:51:35.782Z"
                }
            ],
            "classTitle": "pedestrian",
            "points": {
                "exterior": [
                    [
                        964,
                        163
                    ],
                    [
                        1004,
                        260
                    ]
                ],
                "interior": []
            }
        },
        {
            "id": 159589256,
            "classId": 6551259,
            "objectId": null,
            "description": "",
            "geometryType": "polygon",
            "labelerLogin": "inbox@datasetninja.com",
            "createdAt": "2024-03-12T15:51:35.783Z",
            "updatedAt": "2024-03-12T15:51:35.783Z",
            "tags": [],
            "classTitle": "ignore region",
            "points": {
                "exterior": [
                    [
                        629,
                        166
                    ],
                    [
                        629,
                        182
                    ],
                    [
                        680,
                        182
                    ],
                    [
                        680,
                        166
                    ]
                ],
                "interior": []
            }
        },
        {
            "id": 159589257,
            "classId": 6551259,
            "objectId": null,
            "description": "",
            "geometryType": "rectangle",
            "labelerLogin": "inbox@datasetninja.com",
            "createdAt": "2024-03-12T15:51:35.784Z",
            "updatedAt": "2024-03-12T15:51:35.784Z",
            "tags": [],
            "classTitle": "ignore region",
            "points": {
                "exterior": [
                    [
                        629,
                        166
                    ],
                    [
                        680,
                        182
                    ]
                ],
                "interior": []
            }
        },
        {
            "id": 159589258,
            "classId": 6551259,
            "objectId": null,
            "description": "",
            "geometryType": "polygon",
            "labelerLogin": "inbox@datasetninja.com",
            "createdAt": "2024-03-12T15:51:35.785Z",
            "updatedAt": "2024-03-12T15:51:35.785Z",
            "tags": [],
            "classTitle": "ignore region",
            "points": {
                "exterior": [
                    [
                        568,
                        164
                    ],
                    [
                        568,
                        184
                    ],
                    [
                        606,
                        184
                    ],
                    [
                        606,
                        164
                    ]
                ],
                "interior": []
            }
        },
        {
            "id": 159589259,
            "classId": 6551259,
            "objectId": null,
            "description": "",
            "geometryType": "rectangle",
            "labelerLogin": "inbox@datasetninja.com",
            "createdAt": "2024-03-12T15:51:35.785Z",
            "updatedAt": "2024-03-12T15:51:35.785Z",
            "tags": [],
            "classTitle": "ignore region",
            "points": {
                "exterior": [
                    [
                        568,
                        164
                    ],
                    [
                        606,
                        184
                    ]
                ],
                "interior": []
            }
        },
        {
            "id": 159589260,
            "classId": 6551259,
            "objectId": null,
            "description": "",
            "geometryType": "polygon",
            "labelerLogin": "inbox@datasetninja.com",
            "createdAt": "2024-03-12T15:51:35.786Z",
            "updatedAt": "2024-03-12T15:51:35.786Z",
            "tags": [],
            "classTitle": "ignore region",
            "points": {
                "exterior": [
                    [
                        723,
                        160
                    ],
                    [
                        723,
                        180
                    ],
                    [
                        744,
                        180
                    ],
                    [
                        744,
                        160
                    ]
                ],
                "interior": []
            }
        },
        {
            "id": 159589261,
            "classId": 6551259,
            "objectId": null,
            "description": "",
            "geometryType": "rectangle",
            "labelerLogin": "inbox@datasetninja.com",
            "createdAt": "2024-03-12T15:51:35.786Z",
            "updatedAt": "2024-03-12T15:51:35.786Z",
            "tags": [],
            "classTitle": "ignore region",
            "points": {
                "exterior": [
                    [
                        723,
                        160
                    ],
                    [
                        744,
                        180
                    ]
                ],
                "interior": []
            }
        },
        {
            "id": 159589262,
            "classId": 6551259,
            "objectId": null,
            "description": "",
            "geometryType": "polygon",
            "labelerLogin": "inbox@datasetninja.com",
            "createdAt": "2024-03-12T15:51:35.786Z",
            "updatedAt": "2024-03-12T15:51:35.786Z",
            "tags": [],
            "classTitle": "ignore region",
            "points": {
                "exterior": [
                    [
                        872,
                        154
                    ],
                    [
                        872,
                        194
                    ],
                    [
                        914,
                        194
                    ],
                    [
                        914,
                        154
                    ]
                ],
                "interior": []
            }
        },
        {
            "id": 159589263,
            "classId": 6551259,
            "objectId": null,
            "description": "",
            "geometryType": "rectangle",
            "labelerLogin": "inbox@datasetninja.com",
            "createdAt": "2024-03-12T15:51:35.786Z",
            "updatedAt": "2024-03-12T15:51:35.786Z",
            "tags": [],
            "classTitle": "ignore region",
            "points": {
                "exterior": [
                    [
                        872,
                        154
                    ],
                    [
                        914,
                        194
                    ]
                ],
                "interior": []
            }
        },
        {
            "id": 159589264,
            "classId": 6551259,
            "objectId": null,
            "description": "",
            "geometryType": "polygon",
            "labelerLogin": "inbox@datasetninja.com",
            "createdAt": "2024-03-12T15:51:35.787Z",
            "updatedAt": "2024-03-12T15:51:35.787Z",
            "tags": [],
            "classTitle": "ignore region",
            "points": {
                "exterior": [
                    [
                        992,
                        147
                    ],
                    [
                        992,
                        163
                    ],
                    [
                        994,
                        163
                    ],
                    [
                        996,
                        165
                    ],
                    [
                        996,
                        167
                    ],
                    [
                        997,
                        168
                    ],
                    [
                        997,
                        170
                    ],
                    [
                        998,
                        171
                    ],
                    [
                        998,
                        174
                    ],
                    [
                        997,
                        175
                    ],
                    [
                        997,
                        180
                    ],
                    [
                        998,
                        181
                    ],
                    [
                        998,
                        185
                    ],
                    [
                        999,
                        186
                    ],
                    [
                        999,
                        190
                    ],
                    [
                        1000,
                        191
                    ],
                    [
                        1000,
                        204
                    ],
                    [
                        1001,
                        205
                    ],
                    [
                        1001,
                        207
                    ],
                    [
                        1002,
                        208
                    ],
                    [
                        1002,
                        210
                    ],
                    [
                        1004,
                        212
                    ],
                    [
                        1004,
                        215
                    ],
                    [
                        1005,
                        216
                    ],
                    [
                        1028,
                        216
                    ],
                    [
                        1028,
                        147
                    ]
                ],
                "interior": []
            }
        },
        {
            "id": 159589265,
            "classId": 6551259,
            "objectId": null,
            "description": "",
            "geometryType": "rectangle",
            "labelerLogin": "inbox@datasetninja.com",
            "createdAt": "2024-03-12T15:51:35.787Z",
            "updatedAt": "2024-03-12T15:51:35.787Z",
            "tags": [],
            "classTitle": "ignore region",
            "points": {
                "exterior": [
                    [
                        992,
                        147
                    ],
                    [
                        1028,
                        216
                    ]
                ],
                "interior": []
            }
        }
    ]
}