{
    "description": "",
    "tags": [
        {
            "id": 21887608,
            "tagId": 32512,
            "name": "sequence",
            "value": "0015",
            "labelerLogin": "inbox@datasetninja.com",
            "createdAt": "2024-03-12T15:50:54.430Z",
            "updatedAt": "2024-03-12T15:50:54.430Z"
        }
    ],
    "size": {
        "height": 370,
        "width": 1224
    },
    "objects": [
        {
            "id": 159580990,
            "classId": 6551258,
            "objectId": null,
            "description": "",
            "geometryType": "polygon",
            "labelerLogin": "inbox@datasetninja.com",
            "createdAt": "2024-03-12T15:50:54.431Z",
            "updatedAt": "2024-03-12T15:50:54.431Z",
            "tags": [
                {
                    "id": 122061397,
                    "tagId": 32511,
                    "name": "object id",
                    "value": 1002,
                    "labelerLogin": "inbox@datasetninja.com",
                    "createdAt": "2024-03-12T15:50:54.431Z",
                    "updatedAt": "2024-03-12T15:50:54.431Z"
                },
                {
                    "id": 122061398,
                    "tagId": 32513,
                    "name": "instance id",
                    "value": 2,
                    "labelerLogin": "inbox@datasetninja.com",
                    "createdAt": "2024-03-12T15:50:54.431Z",
                    "updatedAt": "2024-03-12T15:50:54.431Z"
                }
            ],
            "classTitle": "car",
            "points": {
                "exterior": [
                    [
                        0,
                        230
                    ],
                    [
                        0,
                        369
                    ],
                    [
                        278,
                        369
                    ],
                    [
                        278,
                        368
                    ],
                    [
                        279,
                        367
                    ],
                    [
                        279,
                        365
                    ],
                    [
                        280,
                        364
                    ],
                    [
                        280,
                        359
                    ],
                    [
                        281,
                        358
                    ],
                    [
                        281,
                        356
                    ],
                    [
                        282,
                        355
                    ],
                    [
                        282,
                        353
                    ],
                    [
                        283,
                        352
                    ],
                    [
                        283,
                        351
                    ],
                    [
                        284,
                        350
                    ],
                    [
                        284,
                        349
                    ],
                    [
                        285,
                        348
                    ],
                    [
                        285,
                        341
                    ],
                    [
                        286,
                        340
                    ],
                    [
                        286,
                        332
                    ],
                    [
                        287,
                        331
                    ],
                    [
                        287,
                        325
                    ],
                    [
                        286,
                        324
                    ],
                    [
                        286,
                        321
                    ],
                    [
                        285,
                        320
                    ],
                    [
                        285,
                        317
                    ],
                    [
                        284,
                        316
                    ],
                    [
                        284,
                        315
                    ],
                    [
                        283,
                        314
                    ],
                    [
                        283,
                        309
                    ],
                    [
                        282,
                        308
                    ],
                    [
                        282,
                        306
                    ],
                    [
                        281,
                        305
                    ],
                    [
                        281,
                        304
                    ],
                    [
                        280,
                        303
                    ],
                    [
                        280,
                        302
                    ],
                    [
                        278,
                        300
                    ],
                    [
                        278,
                        299
                    ],
                    [
                        277,
                        298
                    ],
                    [
                        276,
                        298
                    ],
                    [
                        274,
                        296
                    ],
                    [
                        274,
                        295
                    ],
                    [
                        273,
                        295
                    ],
                    [
                        272,
                        294
                    ],
                    [
                        271,
                        294
                    ],
                    [
                        270,
                        293
                    ],
                    [
                        268,
                        293
                    ],
                    [
                        267,
                        292
                    ],
                    [
                        266,
                        292
                    ],
                    [
                        265,
                        291
                    ],
                    [
                        261,
                        291
                    ],
                    [
                        260,
                        290
                    ],
                    [
                        253,
                        290
                    ],
                    [
                        252,
                        289
                    ],
                    [
                        238,
                        289
                    ],
                    [
                        237,
                        288
                    ],
                    [
                        227,
                        288
                    ],
                    [
                        226,
                        287
                    ],
                    [
                        197,
                        287
                    ],
                    [
                        196,
                        286
                    ],
                    [
                        195,
                        286
                    ],
                    [
                        194,
                        285
                    ],
                    [
                        193,
                        285
                    ],
                    [
                        191,
                        283
                    ],
                    [
                        190,
                        283
                    ],
                    [
                        189,
                        282
                    ],
                    [
                        188,
                        282
                    ],
                    [
                        185,
                        279
                    ],
                    [
                        184,
                        279
                    ],
                    [
                        181,
                        276
                    ],
                    [
                        180,
                        276
                    ],
                    [
                        177,
                        273
                    ],
                    [
                        176,
                        273
                    ],
                    [
                        173,
                        270
                    ],
                    [
                        172,
                        270
                    ],
                    [
                        170,
                        268
                    ],
                    [
                        169,
                        268
                    ],
                    [
                        167,
                        266
                    ],
                    [
                        166,
                        266
                    ],
                    [
                        165,
                        265
                    ],
                    [
                        164,
                        265
                    ],
                    [
                        163,
                        264
                    ],
                    [
                        162,
                        264
                    ],
                    [
                        159,
                        261
                    ],
                    [
                        157,
                        261
                    ],
                    [
                        156,
                        260
                    ],
                    [
                        155,
                        260
                    ],
                    [
                        153,
                        258
                    ],
                    [
                        151,
                        258
                    ],
                    [
                        150,
                        257
                    ],
                    [
                        149,
                        257
                    ],
                    [
                        147,
                        255
                    ],
                    [
                        146,
                        255
                    ],
                    [
                        145,
                        254
                    ],
                    [
                        144,
                        254
                    ],
                    [
                        143,
                        253
                    ],
                    [
                        140,
                        253
                    ],
                    [
                        139,
                        252
                    ],
                    [
                        138,
                        252
                    ],
                    [
                        136,
                        250
                    ],
                    [
                        135,
                        250
                    ],
                    [
                        134,
                        249
                    ],
                    [
                        132,
                        249
                    ],
                    [
                        131,
                        248
                    ],
                    [
                        129,
                        248
                    ],
                    [
                        128,
                        247
                    ],
                    [
                        128,
                        246
                    ],
                    [
                        126,
                        246
                    ],
                    [
                        125,
                        245
                    ],
                    [
                        123,
                        245
                    ],
                    [
                        122,
                        244
                    ],
                    [
                        120,
                        244
                    ],
                    [
                        119,
                        243
                    ],
                    [
                        116,
                        243
                    ],
                    [
                        114,
                        241
                    ],
                    [
                        112,
                        241
                    ],
                    [
                        111,
                        240
                    ],
                    [
                        107,
                        240
                    ],
                    [
                        106,
                        239
                    ],
                    [
                        103,
                        239
                    ],
                    [
                        102,
                        238
                    ],
                    [
                        101,
                        238
                    ],
                    [
                        100,
                        237
                    ],
                    [
                        95,
                        237
                    ],
                    [
                        94,
                        236
                    ],
                    [
                        89,
                        236
                    ],
                    [
                        88,
                        235
                    ],
                    [
                        77,
                        235
                    ],
                    [
                        76,
                        234
                    ],
                    [
                        72,
                        234
                    ],
                    [
                        71,
                        233
                    ],
                    [
                        62,
                        233
                    ],
                    [
                        61,
                        232
                    ],
                    [
                        47,
                        232
                    ],
                    [
                        46,
                        231
                    ],
                    [
                        26,
                        231
                    ],
                    [
                        25,
                        230
                    ]
                ],
                "interior": []
            }
        },
        {
            "id": 159580991,
            "classId": 6551258,
            "objectId": null,
            "description": "",
            "geometryType": "rectangle",
            "labelerLogin": "inbox@datasetninja.com",
            "createdAt": "2024-03-12T15:50:54.432Z",
            "updatedAt": "2024-03-12T15:50:54.432Z",
            "tags": [
                {
                    "id": 122061399,
                    "tagId": 32511,
                    "name": "object id",
                    "value": 1002,
                    "labelerLogin": "inbox@datasetninja.com",
                    "createdAt": "2024-03-12T15:50:54.432Z",
                    "updatedAt": "2024-03-12T15:50:54.432Z"
                },
                {
                    "id": 122061400,
                    "tagId": 32513,
                    "name": "instance id",
                    "value": 2,
                    "labelerLogin": "inbox@datasetninja.com",
                    "createdAt": "2024-03-12T15:50:54.432Z",
                    "updatedAt": "2024-03-12T15:50:54.432Z"
                }
            ],
            "classTitle": "car",
            "points": {
                "exterior": [
                    [
                        0,
                        230
                    ],
                    [
                        287,
                        369
                    ]
                ],
                "interior": []
            }
        },
        {
            "id": 159580992,
            "classId": 6551258,
            "objectId": null,
            "description": "",
            "geometryType": "polygon",
            "labelerLogin": "inbox@datasetninja.com",
            "createdAt": "2024-03-12T15:50:54.433Z",
            "updatedAt": "2024-03-12T15:50:54.433Z",
            "tags": [
                {
                    "id": 122061401,
                    "tagId": 32511,
                    "name": "object id",
                    "value": 1020,
                    "labelerLogin": "inbox@datasetninja.com",
                    "createdAt": "2024-03-12T15:50:54.433Z",
                    "updatedAt": "2024-03-12T15:50:54.433Z"
                },
                {
                    "id": 122061402,
                    "tagId": 32513,
                    "name": "instance id",
                    "value": 20,
                    "labelerLogin": "inbox@datasetninja.com",
                    "createdAt": "2024-03-12T15:50:54.433Z",
                    "updatedAt": "2024-03-12T15:50:54.433Z"
                }
            ],
            "classTitle": "car",
            "points": {
                "exterior": [
                    [
                        453,
                        175
                    ],
                    [
                        452,
                        176
                    ],
                    [
                        445,
                        176
                    ],
                    [
                        444,
                        177
                    ],
                    [
                        442,
                        177
                    ],
                    [
                        441,
                        178
                    ],
                    [
                        440,
                        178
                    ],
                    [
                        438,
                        180
                    ],
                    [
                        437,
                        180
                    ],
                    [
                        437,
                        181
                    ],
                    [
                        436,
                        182
                    ],
                    [
                        436,
                        183
                    ],
                    [
                        434,
                        185
                    ],
                    [
                        434,
                        188
                    ],
                    [
                        433,
                        189
                    ],
                    [
                        433,
                        200
                    ],
                    [
                        434,
                        201
                    ],
                    [
                        434,
                        205
                    ],
                    [
                        435,
                        206
                    ],
                    [
                        435,
                        207
                    ],
                    [
                        439,
                        207
                    ],
                    [
                        440,
                        206
                    ],
                    [
                        441,
                        206
                    ],
                    [
                        442,
                        205
                    ],
                    [
                        443,
                        205
                    ],
                    [
                        444,
                        206
                    ],
                    [
                        447,
                        206
                    ],
                    [
                        448,
                        207
                    ],
                    [
                        452,
                        207
                    ],
                    [
                        453,
                        206
                    ],
                    [
                        457,
                        206
                    ],
                    [
                        458,
                        205
                    ],
                    [
                        464,
                        205
                    ],
                    [
                        465,
                        206
                    ],
                    [
                        470,
                        206
                    ],
                    [
                        471,
                        205
                    ],
                    [
                        474,
                        205
                    ],
                    [
                        475,
                        204
                    ],
                    [
                        480,
                        204
                    ],
                    [
                        483,
                        207
                    ],
                    [
                        486,
                        207
                    ],
                    [
                        489,
                        204
                    ],
                    [
                        489,
                        194
                    ],
                    [
                        488,
                        193
                    ],
                    [
                        488,
                        192
                    ],
                    [
                        487,
                        191
                    ],
                    [
                        487,
                        190
                    ],
                    [
                        483,
                        186
                    ],
                    [
                        481,
                        186
                    ],
                    [
                        479,
                        184
                    ],
                    [
                        478,
                        184
                    ],
                    [
                        476,
                        182
                    ],
                    [
                        476,
                        181
                    ],
                    [
                        474,
                        179
                    ],
                    [
                        473,
                        179
                    ],
                    [
                        471,
                        177
                    ],
                    [
                        470,
                        177
                    ],
                    [
                        469,
                        176
                    ],
                    [
                        467,
                        176
                    ],
                    [
                        466,
                        175
                    ]
                ],
                "interior": []
            }
        },
        {
            "id": 159580993,
            "classId": 6551258,
            "objectId": null,
            "description": "",
            "geometryType": "rectangle",
            "labelerLogin": "inbox@datasetninja.com",
            "createdAt": "2024-03-12T15:50:54.435Z",
            "updatedAt": "2024-03-12T15:50:54.435Z",
            "tags": [
                {
                    "id": 122061403,
                    "tagId": 32511,
                    "name": "object id",
                    "value": 1020,
                    "labelerLogin": "inbox@datasetninja.com",
                    "createdAt": "2024-03-12T15:50:54.435Z",
                    "updatedAt": "2024-03-12T15:50:54.435Z"
                },
                {
                    "id": 122061404,
                    "tagId": 32513,
                    "name": "instance id",
                    "value": 20,
                    "labelerLogin": "inbox@datasetninja.com",
                    "createdAt": "2024-03-12T15:50:54.435Z",
                    "updatedAt": "2024-03-12T15:50:54.435Z"
                }
            ],
            "classTitle": "car",
            "points": {
                "exterior": [
                    [
                        433,
                        175
                    ],
                    [
                        489,
                        207
                    ]
                ],
                "interior": []
            }
        },
        {
            "id": 159580994,
            "classId": 6551258,
            "objectId": null,
            "description": "",
            "geometryType": "polygon",
            "labelerLogin": "inbox@datasetninja.com",
            "createdAt": "2024-03-12T15:50:54.435Z",
            "updatedAt": "2024-03-12T15:50:54.435Z",
            "tags": [
                {
                    "id": 122061405,
                    "tagId": 32511,
                    "name": "object id",
                    "value": 1023,
                    "labelerLogin": "inbox@datasetninja.com",
                    "createdAt": "2024-03-12T15:50:54.435Z",
                    "updatedAt": "2024-03-12T15:50:54.435Z"
                },
                {
                    "id": 122061406,
                    "tagId": 32513,
                    "name": "instance id",
                    "value": 23,
                    "labelerLogin": "inbox@datasetninja.com",
                    "createdAt": "2024-03-12T15:50:54.435Z",
                    "updatedAt": "2024-03-12T15:50:54.435Z"
                }
            ],
            "classTitle": "car",
            "points": {
                "exterior": [
                    [
                        402,
                        174
                    ],
                    [
                        401,
                        175
                    ],
                    [
                        399,
                        175
                    ],
                    [
                        398,
                        176
                    ],
                    [
                        397,
                        176
                    ],
                    [
                        396,
                        177
                    ],
                    [
                        394,
                        177
                    ],
                    [
                        388,
                        183
                    ],
                    [
                        387,
                        183
                    ],
                    [
                        387,
                        184
                    ],
                    [
                        386,
                        185
                    ],
                    [
                        386,
                        186
                    ],
                    [
                        384,
                        188
                    ],
                    [
                        384,
                        192
                    ],
                    [
                        385,
                        193
                    ],
                    [
                        385,
                        196
                    ],
                    [
                        386,
                        197
                    ],
                    [
                        389,
                        197
                    ],
                    [
                        390,
                        196
                    ],
                    [
                        395,
                        196
                    ],
                    [
                        396,
                        195
                    ],
                    [
                        409,
                        195
                    ],
                    [
                        410,
                        194
                    ],
                    [
                        411,
                        194
                    ],
                    [
                        412,
                        193
                    ],
                    [
                        416,
                        193
                    ],
                    [
                        417,
                        194
                    ],
                    [
                        418,
                        194
                    ],
                    [
                        419,
                        193
                    ],
                    [
                        420,
                        193
                    ],
                    [
                        421,
                        192
                    ],
                    [
                        421,
                        190
                    ],
                    [
                        422,
                        189
                    ],
                    [
                        422,
                        186
                    ],
                    [
                        421,
                        185
                    ],
                    [
                        421,
                        183
                    ],
                    [
                        420,
                        182
                    ],
                    [
                        420,
                        180
                    ],
                    [
                        419,
                        179
                    ],
                    [
                        419,
                        178
                    ],
                    [
                        418,
                        178
                    ],
                    [
                        417,
                        177
                    ],
                    [
                        417,
                        176
                    ],
                    [
                        416,
                        176
                    ],
                    [
                        415,
                        175
                    ],
                    [
                        412,
                        175
                    ],
                    [
                        411,
                        174
                    ]
                ],
                "interior": []
            }
        },
        {
            "id": 159580995,
            "classId": 6551258,
            "objectId": null,
            "description": "",
            "geometryType": "rectangle",
            "labelerLogin": "inbox@datasetninja.com",
            "createdAt": "2024-03-12T15:50:54.437Z",
            "updatedAt": "2024-03-12T15:50:54.437Z",
            "tags": [
                {
                    "id": 122061407,
                    "tagId": 32511,
                    "name": "object id",
                    "value": 1023,
                    "labelerLogin": "inbox@datasetninja.com",
                    "createdAt": "2024-03-12T15:50:54.436Z",
                    "updatedAt": "2024-03-12T15:50:54.436Z"
                },
                {
                    "id": 122061408,
                    "tagId": 32513,
                    "name": "instance id",
                    "value": 23,
                    "labelerLogin": "inbox@datasetninja.com",
                    "createdAt": "2024-03-12T15:50:54.436Z",
                    "updatedAt": "2024-03-12T15:50:54.436Z"
                }
            ],
            "classTitle": "car",
            "points": {
                "exterior": [
                    [
                        384,
                        174
                    ],
                    [
                        422,
                        197
                    ]
                ],
                "interior": []
            }
        },
        {
            "id": 159580996,
            "classId": 6551259,
            "objectId": null,
            "description": "",
            "geometryType": "polygon",
            "labelerLogin": "inbox@datasetninja.com",
            "createdAt": "2024-03-12T15:50:54.437Z",
            "updatedAt": "2024-03-12T15:50:54.437Z",
            "tags": [],
            "classTitle": "ignore region",
            "points": {
                "exterior": [
                    [
                        475,
                        168
                    ],
                    [
                        475,
                        179
                    ],
                    [
                        477,
                        181
                    ],
                    [
                        477,
                        182
                    ],
                    [
                        478,
                        183
                    ],
                    [
                        479,
                        183
                    ],
                    [
                        481,
                        185
                    ],
                    [
                        483,
                        185
                    ],
                    [
                        488,
                        190
                    ],
                    [
                        508,
                        190
                    ],
                    [
                        508,
                        168
                    ]
                ],
                "interior": []
            }
        },
        {
            "id": 159580997,
            "classId": 6551259,
            "objectId": null,
            "description": "",
            "geometryType": "rectangle",
            "labelerLogin": "inbox@datasetninja.com",
            "createdAt": "2024-03-12T15:50:54.438Z",
            "updatedAt": "2024-03-12T15:50:54.438Z",
            "tags": [],
            "classTitle": "ignore region",
            "points": {
                "exterior": [
                    [
                        475,
                        168
                    ],
                    [
                        508,
                        190
                    ]
                ],
                "interior": []
            }
        },
        {
            "id": 159580998,
            "classId": 6551259,
            "objectId": null,
            "description": "",
            "geometryType": "polygon",
            "labelerLogin": "inbox@datasetninja.com",
            "createdAt": "2024-03-12T15:50:54.438Z",
            "updatedAt": "2024-03-12T15:50:54.438Z",
            "tags": [],
            "classTitle": "ignore region",
            "points": {
                "exterior": [
                    [
                        622,
                        162
                    ],
                    [
                        622,
                        175
                    ],
                    [
                        637,
                        175
                    ],
                    [
                        637,
                        162
                    ]
                ],
                "interior": []
            }
        },
        {
            "id": 159580999,
            "classId": 6551259,
            "objectId": null,
            "description": "",
            "geometryType": "rectangle",
            "labelerLogin": "inbox@datasetninja.com",
            "createdAt": "2024-03-12T15:50:54.439Z",
            "updatedAt": "2024-03-12T15:50:54.439Z",
            "tags": [],
            "classTitle": "ignore region",
            "points": {
                "exterior": [
                    [
                        622,
                        162
                    ],
                    [
                        637,
                        175
                    ]
                ],
                "interior": []
            }
        },
        {
            "id": 159581000,
            "classId": 6551259,
            "objectId": null,
            "description": "",
            "geometryType": "polygon",
            "labelerLogin": "inbox@datasetninja.com",
            "createdAt": "2024-03-12T15:50:54.440Z",
            "updatedAt": "2024-03-12T15:50:54.440Z",
            "tags": [],
            "classTitle": "ignore region",
            "points": {
                "exterior": [
                    [
                        873,
                        153
                    ],
                    [
                        873,
                        194
                    ],
                    [
                        916,
                        194
                    ],
                    [
                        916,
                        153
                    ]
                ],
                "interior": []
            }
        },
        {
            "id": 159581001,
            "classId": 6551259,
            "objectId": null,
            "description": "",
            "geometryType": "rectangle",
            "labelerLogin": "inbox@datasetninja.com",
            "createdAt": "2024-03-12T15:50:54.440Z",
            "updatedAt": "2024-03-12T15:50:54.440Z",
            "tags": [],
            "classTitle": "ignore region",
            "points": {
                "exterior": [
                    [
                        873,
                        153
                    ],
                    [
                        916,
                        194
                    ]
                ],
                "interior": []
            }
        },
        {
            "id": 159581002,
            "classId": 6551259,
            "objectId": null,
            "description": "",
            "geometryType": "polygon",
            "labelerLogin": "inbox@datasetninja.com",
            "createdAt": "2024-03-12T15:50:54.440Z",
            "updatedAt": "2024-03-12T15:50:54.440Z",
            "tags": [],
            "classTitle": "ignore region",
            "points": {
                "exterior": [
                    [
                        992,
                        147
                    ],
                    [
                        992,
                        216
                    ],
                    [
                        1029,
                        216
                    ],
                    [
                        1029,
                        147
                    ]
                ],
                "interior": []
            }
        },
        {
            "id": 159581003,
            "classId": 6551259,
            "objectId": null,
            "description": "",
            "geometryType": "rectangle",
            "labelerLogin": "inbox@datasetninja.com",
            "createdAt": "2024-03-12T15:50:54.440Z",
            "updatedAt": "2024-03-12T15:50:54.440Z",
            "tags": [],
            "classTitle": "ignore region",
            "points": {
                "exterior": [
                    [
                        992,
                        147
                    ],
                    [
                        1029,
                        216
                    ]
                ],
                "interior": []
            }
        }
    ]
}