{
    "description": "",
    "tags": [
        {
            "id": 21887899,
            "tagId": 32512,
            "name": "sequence",
            "value": "0015",
            "labelerLogin": "inbox@datasetninja.com",
            "createdAt": "2024-03-12T15:51:35.803Z",
            "updatedAt": "2024-03-12T15:51:35.803Z"
        }
    ],
    "size": {
        "height": 370,
        "width": 1224
    },
    "objects": [
        {
            "id": 159589472,
            "classId": 6551258,
            "objectId": null,
            "description": "",
            "geometryType": "polygon",
            "labelerLogin": "inbox@datasetninja.com",
            "createdAt": "2024-03-12T15:51:35.804Z",
            "updatedAt": "2024-03-12T15:51:35.804Z",
            "tags": [
                {
                    "id": 122070057,
                    "tagId": 32511,
                    "name": "object id",
                    "value": 1002,
                    "labelerLogin": "inbox@datasetninja.com",
                    "createdAt": "2024-03-12T15:51:35.804Z",
                    "updatedAt": "2024-03-12T15:51:35.804Z"
                },
                {
                    "id": 122070058,
                    "tagId": 32513,
                    "name": "instance id",
                    "value": 2,
                    "labelerLogin": "inbox@datasetninja.com",
                    "createdAt": "2024-03-12T15:51:35.804Z",
                    "updatedAt": "2024-03-12T15:51:35.804Z"
                }
            ],
            "classTitle": "car",
            "points": {
                "exterior": [
                    [
                        0,
                        230
                    ],
                    [
                        0,
                        369
                    ],
                    [
                        278,
                        369
                    ],
                    [
                        278,
                        368
                    ],
                    [
                        279,
                        367
                    ],
                    [
                        279,
                        365
                    ],
                    [
                        280,
                        364
                    ],
                    [
                        280,
                        360
                    ],
                    [
                        281,
                        359
                    ],
                    [
                        281,
                        356
                    ],
                    [
                        282,
                        355
                    ],
                    [
                        282,
                        353
                    ],
                    [
                        283,
                        352
                    ],
                    [
                        283,
                        350
                    ],
                    [
                        285,
                        348
                    ],
                    [
                        285,
                        346
                    ],
                    [
                        286,
                        345
                    ],
                    [
                        286,
                        340
                    ],
                    [
                        287,
                        339
                    ],
                    [
                        287,
                        323
                    ],
                    [
                        286,
                        322
                    ],
                    [
                        286,
                        318
                    ],
                    [
                        285,
                        317
                    ],
                    [
                        285,
                        316
                    ],
                    [
                        284,
                        315
                    ],
                    [
                        284,
                        314
                    ],
                    [
                        283,
                        313
                    ],
                    [
                        283,
                        309
                    ],
                    [
                        282,
                        308
                    ],
                    [
                        282,
                        306
                    ],
                    [
                        280,
                        304
                    ],
                    [
                        280,
                        302
                    ],
                    [
                        277,
                        299
                    ],
                    [
                        277,
                        298
                    ],
                    [
                        276,
                        298
                    ],
                    [
                        275,
                        297
                    ],
                    [
                        275,
                        296
                    ],
                    [
                        274,
                        296
                    ],
                    [
                        272,
                        294
                    ],
                    [
                        271,
                        294
                    ],
                    [
                        270,
                        293
                    ],
                    [
                        269,
                        293
                    ],
                    [
                        268,
                        292
                    ],
                    [
                        265,
                        292
                    ],
                    [
                        264,
                        291
                    ],
                    [
                        262,
                        291
                    ],
                    [
                        261,
                        290
                    ],
                    [
                        254,
                        290
                    ],
                    [
                        253,
                        289
                    ],
                    [
                        243,
                        289
                    ],
                    [
                        242,
                        288
                    ],
                    [
                        224,
                        288
                    ],
                    [
                        223,
                        287
                    ],
                    [
                        218,
                        287
                    ],
                    [
                        217,
                        286
                    ],
                    [
                        211,
                        286
                    ],
                    [
                        210,
                        287
                    ],
                    [
                        207,
                        287
                    ],
                    [
                        206,
                        288
                    ],
                    [
                        201,
                        288
                    ],
                    [
                        200,
                        287
                    ],
                    [
                        199,
                        287
                    ],
                    [
                        198,
                        286
                    ],
                    [
                        195,
                        286
                    ],
                    [
                        194,
                        285
                    ],
                    [
                        192,
                        285
                    ],
                    [
                        191,
                        284
                    ],
                    [
                        190,
                        284
                    ],
                    [
                        189,
                        283
                    ],
                    [
                        189,
                        282
                    ],
                    [
                        188,
                        282
                    ],
                    [
                        186,
                        280
                    ],
                    [
                        185,
                        280
                    ],
                    [
                        184,
                        279
                    ],
                    [
                        184,
                        278
                    ],
                    [
                        183,
                        278
                    ],
                    [
                        181,
                        276
                    ],
                    [
                        180,
                        276
                    ],
                    [
                        178,
                        274
                    ],
                    [
                        177,
                        274
                    ],
                    [
                        176,
                        273
                    ],
                    [
                        176,
                        272
                    ],
                    [
                        175,
                        272
                    ],
                    [
                        173,
                        270
                    ],
                    [
                        172,
                        270
                    ],
                    [
                        171,
                        269
                    ],
                    [
                        170,
                        269
                    ],
                    [
                        167,
                        266
                    ],
                    [
                        166,
                        266
                    ],
                    [
                        165,
                        265
                    ],
                    [
                        164,
                        265
                    ],
                    [
                        163,
                        264
                    ],
                    [
                        162,
                        264
                    ],
                    [
                        160,
                        262
                    ],
                    [
                        159,
                        262
                    ],
                    [
                        158,
                        261
                    ],
                    [
                        157,
                        261
                    ],
                    [
                        156,
                        260
                    ],
                    [
                        155,
                        260
                    ],
                    [
                        153,
                        258
                    ],
                    [
                        151,
                        258
                    ],
                    [
                        150,
                        257
                    ],
                    [
                        149,
                        257
                    ],
                    [
                        148,
                        256
                    ],
                    [
                        147,
                        256
                    ],
                    [
                        146,
                        255
                    ],
                    [
                        145,
                        255
                    ],
                    [
                        143,
                        253
                    ],
                    [
                        141,
                        253
                    ],
                    [
                        140,
                        252
                    ],
                    [
                        137,
                        252
                    ],
                    [
                        135,
                        250
                    ],
                    [
                        133,
                        250
                    ],
                    [
                        131,
                        248
                    ],
                    [
                        129,
                        248
                    ],
                    [
                        127,
                        246
                    ],
                    [
                        126,
                        246
                    ],
                    [
                        125,
                        245
                    ],
                    [
                        122,
                        245
                    ],
                    [
                        121,
                        244
                    ],
                    [
                        120,
                        244
                    ],
                    [
                        118,
                        242
                    ],
                    [
                        115,
                        242
                    ],
                    [
                        114,
                        241
                    ],
                    [
                        111,
                        241
                    ],
                    [
                        110,
                        240
                    ],
                    [
                        108,
                        240
                    ],
                    [
                        107,
                        239
                    ],
                    [
                        105,
                        239
                    ],
                    [
                        104,
                        238
                    ],
                    [
                        100,
                        238
                    ],
                    [
                        99,
                        237
                    ],
                    [
                        95,
                        237
                    ],
                    [
                        94,
                        236
                    ],
                    [
                        89,
                        236
                    ],
                    [
                        88,
                        235
                    ],
                    [
                        83,
                        235
                    ],
                    [
                        82,
                        234
                    ],
                    [
                        72,
                        234
                    ],
                    [
                        71,
                        233
                    ],
                    [
                        62,
                        233
                    ],
                    [
                        61,
                        232
                    ],
                    [
                        46,
                        232
                    ],
                    [
                        45,
                        231
                    ],
                    [
                        39,
                        231
                    ],
                    [
                        38,
                        230
                    ]
                ],
                "interior": []
            }
        },
        {
            "id": 159589473,
            "classId": 6551258,
            "objectId": null,
            "description": "",
            "geometryType": "rectangle",
            "labelerLogin": "inbox@datasetninja.com",
            "createdAt": "2024-03-12T15:51:35.805Z",
            "updatedAt": "2024-03-12T15:51:35.805Z",
            "tags": [
                {
                    "id": 122070059,
                    "tagId": 32511,
                    "name": "object id",
                    "value": 1002,
                    "labelerLogin": "inbox@datasetninja.com",
                    "createdAt": "2024-03-12T15:51:35.804Z",
                    "updatedAt": "2024-03-12T15:51:35.804Z"
                },
                {
                    "id": 122070060,
                    "tagId": 32513,
                    "name": "instance id",
                    "value": 2,
                    "labelerLogin": "inbox@datasetninja.com",
                    "createdAt": "2024-03-12T15:51:35.804Z",
                    "updatedAt": "2024-03-12T15:51:35.804Z"
                }
            ],
            "classTitle": "car",
            "points": {
                "exterior": [
                    [
                        0,
                        230
                    ],
                    [
                        287,
                        369
                    ]
                ],
                "interior": []
            }
        },
        {
            "id": 159589474,
            "classId": 6551258,
            "objectId": null,
            "description": "",
            "geometryType": "polygon",
            "labelerLogin": "inbox@datasetninja.com",
            "createdAt": "2024-03-12T15:51:35.805Z",
            "updatedAt": "2024-03-12T15:51:35.805Z",
            "tags": [
                {
                    "id": 122070061,
                    "tagId": 32511,
                    "name": "object id",
                    "value": 1018,
                    "labelerLogin": "inbox@datasetninja.com",
                    "createdAt": "2024-03-12T15:51:35.805Z",
                    "updatedAt": "2024-03-12T15:51:35.805Z"
                },
                {
                    "id": 122070062,
                    "tagId": 32513,
                    "name": "instance id",
                    "value": 18,
                    "labelerLogin": "inbox@datasetninja.com",
                    "createdAt": "2024-03-12T15:51:35.805Z",
                    "updatedAt": "2024-03-12T15:51:35.805Z"
                }
            ],
            "classTitle": "car",
            "points": {
                "exterior": [
                    [
                        722,
                        169
                    ],
                    [
                        721,
                        170
                    ],
                    [
                        711,
                        170
                    ],
                    [
                        710,
                        171
                    ],
                    [
                        705,
                        171
                    ],
                    [
                        704,
                        172
                    ],
                    [
                        702,
                        172
                    ],
                    [
                        701,
                        173
                    ],
                    [
                        700,
                        173
                    ],
                    [
                        699,
                        174
                    ],
                    [
                        697,
                        174
                    ],
                    [
                        696,
                        175
                    ],
                    [
                        695,
                        175
                    ],
                    [
                        694,
                        176
                    ],
                    [
                        693,
                        176
                    ],
                    [
                        692,
                        177
                    ],
                    [
                        691,
                        177
                    ],
                    [
                        690,
                        178
                    ],
                    [
                        689,
                        178
                    ],
                    [
                        688,
                        179
                    ],
                    [
                        687,
                        179
                    ],
                    [
                        686,
                        180
                    ],
                    [
                        683,
                        180
                    ],
                    [
                        682,
                        181
                    ],
                    [
                        675,
                        181
                    ],
                    [
                        674,
                        182
                    ],
                    [
                        669,
                        182
                    ],
                    [
                        669,
                        183
                    ],
                    [
                        668,
                        184
                    ],
                    [
                        667,
                        184
                    ],
                    [
                        667,
                        187
                    ],
                    [
                        666,
                        188
                    ],
                    [
                        666,
                        189
                    ],
                    [
                        665,
                        190
                    ],
                    [
                        665,
                        196
                    ],
                    [
                        664,
                        197
                    ],
                    [
                        664,
                        199
                    ],
                    [
                        665,
                        200
                    ],
                    [
                        665,
                        203
                    ],
                    [
                        669,
                        207
                    ],
                    [
                        671,
                        207
                    ],
                    [
                        672,
                        208
                    ],
                    [
                        677,
                        208
                    ],
                    [
                        680,
                        211
                    ],
                    [
                        680,
                        212
                    ],
                    [
                        682,
                        214
                    ],
                    [
                        684,
                        214
                    ],
                    [
                        685,
                        215
                    ],
                    [
                        689,
                        215
                    ],
                    [
                        690,
                        214
                    ],
                    [
                        694,
                        214
                    ],
                    [
                        695,
                        213
                    ],
                    [
                        696,
                        213
                    ],
                    [
                        697,
                        212
                    ],
                    [
                        698,
                        212
                    ],
                    [
                        699,
                        211
                    ],
                    [
                        700,
                        211
                    ],
                    [
                        701,
                        210
                    ],
                    [
                        702,
                        210
                    ],
                    [
                        703,
                        209
                    ],
                    [
                        759,
                        209
                    ],
                    [
                        760,
                        210
                    ],
                    [
                        761,
                        210
                    ],
                    [
                        763,
                        212
                    ],
                    [
                        765,
                        212
                    ],
                    [
                        766,
                        213
                    ],
                    [
                        768,
                        213
                    ],
                    [
                        769,
                        214
                    ],
                    [
                        775,
                        214
                    ],
                    [
                        776,
                        213
                    ],
                    [
                        777,
                        213
                    ],
                    [
                        778,
                        212
                    ],
                    [
                        779,
                        212
                    ],
                    [
                        781,
                        210
                    ],
                    [
                        782,
                        210
                    ],
                    [
                        783,
                        209
                    ],
                    [
                        784,
                        209
                    ],
                    [
                        785,
                        208
                    ],
                    [
                        794,
                        208
                    ],
                    [
                        795,
                        207
                    ],
                    [
                        797,
                        207
                    ],
                    [
                        798,
                        206
                    ],
                    [
                        799,
                        206
                    ],
                    [
                        801,
                        204
                    ],
                    [
                        801,
                        195
                    ],
                    [
                        800,
                        194
                    ],
                    [
                        800,
                        193
                    ],
                    [
                        799,
                        192
                    ],
                    [
                        799,
                        191
                    ],
                    [
                        798,
                        190
                    ],
                    [
                        797,
                        190
                    ],
                    [
                        796,
                        189
                    ],
                    [
                        795,
                        189
                    ],
                    [
                        794,
                        188
                    ],
                    [
                        792,
                        188
                    ],
                    [
                        791,
                        187
                    ],
                    [
                        790,
                        187
                    ],
                    [
                        789,
                        186
                    ],
                    [
                        781,
                        186
                    ],
                    [
                        780,
                        185
                    ],
                    [
                        776,
                        185
                    ],
                    [
                        775,
                        184
                    ],
                    [
                        771,
                        184
                    ],
                    [
                        770,
                        183
                    ],
                    [
                        768,
                        183
                    ],
                    [
                        767,
                        182
                    ],
                    [
                        764,
                        182
                    ],
                    [
                        763,
                        181
                    ],
                    [
                        762,
                        181
                    ],
                    [
                        761,
                        180
                    ],
                    [
                        759,
                        180
                    ],
                    [
                        757,
                        178
                    ],
                    [
                        756,
                        178
                    ],
                    [
                        755,
                        177
                    ],
                    [
                        753,
                        177
                    ],
                    [
                        751,
                        175
                    ],
                    [
                        748,
                        175
                    ],
                    [
                        746,
                        173
                    ],
                    [
                        745,
                        173
                    ],
                    [
                        744,
                        172
                    ],
                    [
                        743,
                        172
                    ],
                    [
                        742,
                        171
                    ],
                    [
                        736,
                        171
                    ],
                    [
                        735,
                        170
                    ],
                    [
                        729,
                        170
                    ],
                    [
                        728,
                        169
                    ]
                ],
                "interior": []
            }
        },
        {
            "id": 159589475,
            "classId": 6551258,
            "objectId": null,
            "description": "",
            "geometryType": "rectangle",
            "labelerLogin": "inbox@datasetninja.com",
            "createdAt": "2024-03-12T15:51:35.805Z",
            "updatedAt": "2024-03-12T15:51:35.805Z",
            "tags": [
                {
                    "id": 122070063,
                    "tagId": 32511,
                    "name": "object id",
                    "value": 1018,
                    "labelerLogin": "inbox@datasetninja.com",
                    "createdAt": "2024-03-12T15:51:35.805Z",
                    "updatedAt": "2024-03-12T15:51:35.805Z"
                },
                {
                    "id": 122070064,
                    "tagId": 32513,
                    "name": "instance id",
                    "value": 18,
                    "labelerLogin": "inbox@datasetninja.com",
                    "createdAt": "2024-03-12T15:51:35.805Z",
                    "updatedAt": "2024-03-12T15:51:35.805Z"
                }
            ],
            "classTitle": "car",
            "points": {
                "exterior": [
                    [
                        664,
                        169
                    ],
                    [
                        801,
                        215
                    ]
                ],
                "interior": []
            }
        },
        {
            "id": 159589476,
            "classId": 6551257,
            "objectId": null,
            "description": "",
            "geometryType": "polygon",
            "labelerLogin": "inbox@datasetninja.com",
            "createdAt": "2024-03-12T15:51:35.806Z",
            "updatedAt": "2024-03-12T15:51:35.806Z",
            "tags": [
                {
                    "id": 122070065,
                    "tagId": 32511,
                    "name": "object id",
                    "value": 2010,
                    "labelerLogin": "inbox@datasetninja.com",
                    "createdAt": "2024-03-12T15:51:35.806Z",
                    "updatedAt": "2024-03-12T15:51:35.806Z"
                },
                {
                    "id": 122070066,
                    "tagId": 32513,
                    "name": "instance id",
                    "value": 10,
                    "labelerLogin": "inbox@datasetninja.com",
                    "createdAt": "2024-03-12T15:51:35.806Z",
                    "updatedAt": "2024-03-12T15:51:35.806Z"
                }
            ],
            "classTitle": "pedestrian",
            "points": {
                "exterior": [
                    [
                        1197,
                        183
                    ],
                    [
                        1196,
                        184
                    ],
                    [
                        1190,
                        184
                    ],
                    [
                        1189,
                        185
                    ],
                    [
                        1187,
                        185
                    ],
                    [
                        1186,
                        186
                    ],
                    [
                        1185,
                        186
                    ],
                    [
                        1184,
                        187
                    ],
                    [
                        1178,
                        187
                    ],
                    [
                        1178,
                        190
                    ],
                    [
                        1179,
                        191
                    ],
                    [
                        1179,
                        192
                    ],
                    [
                        1180,
                        193
                    ],
                    [
                        1180,
                        222
                    ],
                    [
                        1181,
                        223
                    ],
                    [
                        1181,
                        227
                    ],
                    [
                        1182,
                        228
                    ],
                    [
                        1182,
                        230
                    ],
                    [
                        1183,
                        231
                    ],
                    [
                        1184,
                        231
                    ],
                    [
                        1186,
                        233
                    ],
                    [
                        1191,
                        233
                    ],
                    [
                        1192,
                        234
                    ],
                    [
                        1198,
                        234
                    ],
                    [
                        1199,
                        233
                    ],
                    [
                        1204,
                        233
                    ],
                    [
                        1202,
                        231
                    ],
                    [
                        1201,
                        231
                    ],
                    [
                        1199,
                        229
                    ],
                    [
                        1198,
                        229
                    ],
                    [
                        1196,
                        227
                    ],
                    [
                        1196,
                        222
                    ],
                    [
                        1197,
                        221
                    ],
                    [
                        1197,
                        217
                    ],
                    [
                        1198,
                        216
                    ],
                    [
                        1198,
                        209
                    ],
                    [
                        1199,
                        208
                    ],
                    [
                        1199,
                        205
                    ],
                    [
                        1200,
                        204
                    ],
                    [
                        1200,
                        201
                    ],
                    [
                        1201,
                        200
                    ],
                    [
                        1201,
                        199
                    ],
                    [
                        1202,
                        198
                    ],
                    [
                        1202,
                        184
                    ],
                    [
                        1201,
                        184
                    ],
                    [
                        1200,
                        183
                    ]
                ],
                "interior": []
            }
        },
        {
            "id": 159589477,
            "classId": 6551257,
            "objectId": null,
            "description": "",
            "geometryType": "rectangle",
            "labelerLogin": "inbox@datasetninja.com",
            "createdAt": "2024-03-12T15:51:35.807Z",
            "updatedAt": "2024-03-12T15:51:35.807Z",
            "tags": [
                {
                    "id": 122070067,
                    "tagId": 32511,
                    "name": "object id",
                    "value": 2010,
                    "labelerLogin": "inbox@datasetninja.com",
                    "createdAt": "2024-03-12T15:51:35.807Z",
                    "updatedAt": "2024-03-12T15:51:35.807Z"
                },
                {
                    "id": 122070068,
                    "tagId": 32513,
                    "name": "instance id",
                    "value": 10,
                    "labelerLogin": "inbox@datasetninja.com",
                    "createdAt": "2024-03-12T15:51:35.807Z",
                    "updatedAt": "2024-03-12T15:51:35.807Z"
                }
            ],
            "classTitle": "pedestrian",
            "points": {
                "exterior": [
                    [
                        1178,
                        183
                    ],
                    [
                        1204,
                        234
                    ]
                ],
                "interior": []
            }
        },
        {
            "id": 159589478,
            "classId": 6551257,
            "objectId": null,
            "description": "",
            "geometryType": "polygon",
            "labelerLogin": "inbox@datasetninja.com",
            "createdAt": "2024-03-12T15:51:35.807Z",
            "updatedAt": "2024-03-12T15:51:35.807Z",
            "tags": [
                {
                    "id": 122070069,
                    "tagId": 32511,
                    "name": "object id",
                    "value": 2010,
                    "labelerLogin": "inbox@datasetninja.com",
                    "createdAt": "2024-03-12T15:51:35.807Z",
                    "updatedAt": "2024-03-12T15:51:35.807Z"
                },
                {
                    "id": 122070070,
                    "tagId": 32513,
                    "name": "instance id",
                    "value": 10,
                    "labelerLogin": "inbox@datasetninja.com",
                    "createdAt": "2024-03-12T15:51:35.807Z",
                    "updatedAt": "2024-03-12T15:51:35.807Z"
                }
            ],
            "classTitle": "pedestrian",
            "points": {
                "exterior": [
                    [
                        1192,
                        135
                    ],
                    [
                        1190,
                        137
                    ],
                    [
                        1189,
                        137
                    ],
                    [
                        1189,
                        138
                    ],
                    [
                        1187,
                        140
                    ],
                    [
                        1187,
                        147
                    ],
                    [
                        1186,
                        148
                    ],
                    [
                        1186,
                        151
                    ],
                    [
                        1183,
                        154
                    ],
                    [
                        1182,
                        154
                    ],
                    [
                        1181,
                        155
                    ],
                    [
                        1180,
                        155
                    ],
                    [
                        1178,
                        157
                    ],
                    [
                        1178,
                        158
                    ],
                    [
                        1180,
                        158
                    ],
                    [
                        1181,
                        157
                    ],
                    [
                        1188,
                        157
                    ],
                    [
                        1189,
                        158
                    ],
                    [
                        1190,
                        158
                    ],
                    [
                        1191,
                        159
                    ],
                    [
                        1191,
                        160
                    ],
                    [
                        1195,
                        164
                    ],
                    [
                        1195,
                        165
                    ],
                    [
                        1196,
                        165
                    ],
                    [
                        1199,
                        168
                    ],
                    [
                        1204,
                        168
                    ],
                    [
                        1205,
                        169
                    ],
                    [
                        1205,
                        171
                    ],
                    [
                        1206,
                        172
                    ],
                    [
                        1205,
                        173
                    ],
                    [
                        1205,
                        175
                    ],
                    [
                        1206,
                        176
                    ],
                    [
                        1206,
                        178
                    ],
                    [
                        1207,
                        179
                    ],
                    [
                        1207,
                        178
                    ],
                    [
                        1208,
                        177
                    ],
                    [
                        1208,
                        172
                    ],
                    [
                        1207,
                        171
                    ],
                    [
                        1207,
                        169
                    ],
                    [
                        1206,
                        168
                    ],
                    [
                        1206,
                        166
                    ],
                    [
                        1205,
                        165
                    ],
                    [
                        1205,
                        162
                    ],
                    [
                        1204,
                        161
                    ],
                    [
                        1204,
                        160
                    ],
                    [
                        1203,
                        159
                    ],
                    [
                        1203,
                        158
                    ],
                    [
                        1201,
                        156
                    ],
                    [
                        1201,
                        140
                    ],
                    [
                        1199,
                        138
                    ],
                    [
                        1199,
                        137
                    ],
                    [
                        1197,
                        137
                    ],
                    [
                        1195,
                        135
                    ]
                ],
                "interior": []
            }
        },
        {
            "id": 159589479,
            "classId": 6551257,
            "objectId": null,
            "description": "",
            "geometryType": "rectangle",
            "labelerLogin": "inbox@datasetninja.com",
            "createdAt": "2024-03-12T15:51:35.807Z",
            "updatedAt": "2024-03-12T15:51:35.807Z",
            "tags": [
                {
                    "id": 122070071,
                    "tagId": 32511,
                    "name": "object id",
                    "value": 2010,
                    "labelerLogin": "inbox@datasetninja.com",
                    "createdAt": "2024-03-12T15:51:35.807Z",
                    "updatedAt": "2024-03-12T15:51:35.807Z"
                },
                {
                    "id": 122070072,
                    "tagId": 32513,
                    "name": "instance id",
                    "value": 10,
                    "labelerLogin": "inbox@datasetninja.com",
                    "createdAt": "2024-03-12T15:51:35.807Z",
                    "updatedAt": "2024-03-12T15:51:35.807Z"
                }
            ],
            "classTitle": "pedestrian",
            "points": {
                "exterior": [
                    [
                        1178,
                        135
                    ],
                    [
                        1208,
                        179
                    ]
                ],
                "interior": []
            }
        },
        {
            "id": 159589480,
            "classId": 6551257,
            "objectId": null,
            "description": "",
            "geometryType": "polygon",
            "labelerLogin": "inbox@datasetninja.com",
            "createdAt": "2024-03-12T15:51:35.808Z",
            "updatedAt": "2024-03-12T15:51:35.808Z",
            "tags": [
                {
                    "id": 122070073,
                    "tagId": 32511,
                    "name": "object id",
                    "value": 2011,
                    "labelerLogin": "inbox@datasetninja.com",
                    "createdAt": "2024-03-12T15:51:35.808Z",
                    "updatedAt": "2024-03-12T15:51:35.808Z"
                },
                {
                    "id": 122070074,
                    "tagId": 32513,
                    "name": "instance id",
                    "value": 11,
                    "labelerLogin": "inbox@datasetninja.com",
                    "createdAt": "2024-03-12T15:51:35.808Z",
                    "updatedAt": "2024-03-12T15:51:35.808Z"
                }
            ],
            "classTitle": "pedestrian",
            "points": {
                "exterior": [
                    [
                        1223,
                        203
                    ],
                    [
                        1223,
                        209
                    ],
                    [
                        1222,
                        210
                    ],
                    [
                        1222,
                        211
                    ],
                    [
                        1221,
                        212
                    ],
                    [
                        1221,
                        214
                    ],
                    [
                        1220,
                        215
                    ],
                    [
                        1220,
                        216
                    ],
                    [
                        1219,
                        217
                    ],
                    [
                        1219,
                        218
                    ],
                    [
                        1218,
                        219
                    ],
                    [
                        1218,
                        221
                    ],
                    [
                        1217,
                        222
                    ],
                    [
                        1217,
                        223
                    ],
                    [
                        1216,
                        224
                    ],
                    [
                        1216,
                        226
                    ],
                    [
                        1215,
                        227
                    ],
                    [
                        1215,
                        230
                    ],
                    [
                        1214,
                        231
                    ],
                    [
                        1214,
                        233
                    ],
                    [
                        1213,
                        234
                    ],
                    [
                        1213,
                        236
                    ],
                    [
                        1214,
                        236
                    ],
                    [
                        1215,
                        237
                    ],
                    [
                        1217,
                        237
                    ],
                    [
                        1218,
                        236
                    ],
                    [
                        1223,
                        236
                    ]
                ],
                "interior": []
            }
        },
        {
            "id": 159589481,
            "classId": 6551257,
            "objectId": null,
            "description": "",
            "geometryType": "rectangle",
            "labelerLogin": "inbox@datasetninja.com",
            "createdAt": "2024-03-12T15:51:35.808Z",
            "updatedAt": "2024-03-12T15:51:35.808Z",
            "tags": [
                {
                    "id": 122070075,
                    "tagId": 32511,
                    "name": "object id",
                    "value": 2011,
                    "labelerLogin": "inbox@datasetninja.com",
                    "createdAt": "2024-03-12T15:51:35.808Z",
                    "updatedAt": "2024-03-12T15:51:35.808Z"
                },
                {
                    "id": 122070076,
                    "tagId": 32513,
                    "name": "instance id",
                    "value": 11,
                    "labelerLogin": "inbox@datasetninja.com",
                    "createdAt": "2024-03-12T15:51:35.808Z",
                    "updatedAt": "2024-03-12T15:51:35.808Z"
                }
            ],
            "classTitle": "pedestrian",
            "points": {
                "exterior": [
                    [
                        1213,
                        203
                    ],
                    [
                        1223,
                        237
                    ]
                ],
                "interior": []
            }
        },
        {
            "id": 159589482,
            "classId": 6551259,
            "objectId": null,
            "description": "",
            "geometryType": "polygon",
            "labelerLogin": "inbox@datasetninja.com",
            "createdAt": "2024-03-12T15:51:35.808Z",
            "updatedAt": "2024-03-12T15:51:35.808Z",
            "tags": [],
            "classTitle": "ignore region",
            "points": {
                "exterior": [
                    [
                        650,
                        166
                    ],
                    [
                        650,
                        180
                    ],
                    [
                        676,
                        180
                    ],
                    [
                        676,
                        166
                    ]
                ],
                "interior": []
            }
        },
        {
            "id": 159589483,
            "classId": 6551259,
            "objectId": null,
            "description": "",
            "geometryType": "rectangle",
            "labelerLogin": "inbox@datasetninja.com",
            "createdAt": "2024-03-12T15:51:35.808Z",
            "updatedAt": "2024-03-12T15:51:35.808Z",
            "tags": [],
            "classTitle": "ignore region",
            "points": {
                "exterior": [
                    [
                        650,
                        166
                    ],
                    [
                        676,
                        180
                    ]
                ],
                "interior": []
            }
        },
        {
            "id": 159589484,
            "classId": 6551259,
            "objectId": null,
            "description": "",
            "geometryType": "polygon",
            "labelerLogin": "inbox@datasetninja.com",
            "createdAt": "2024-03-12T15:51:35.808Z",
            "updatedAt": "2024-03-12T15:51:35.808Z",
            "tags": [],
            "classTitle": "ignore region",
            "points": {
                "exterior": [
                    [
                        568,
                        164
                    ],
                    [
                        568,
                        184
                    ],
                    [
                        606,
                        184
                    ],
                    [
                        606,
                        164
                    ]
                ],
                "interior": []
            }
        },
        {
            "id": 159589485,
            "classId": 6551259,
            "objectId": null,
            "description": "",
            "geometryType": "rectangle",
            "labelerLogin": "inbox@datasetninja.com",
            "createdAt": "2024-03-12T15:51:35.809Z",
            "updatedAt": "2024-03-12T15:51:35.809Z",
            "tags": [],
            "classTitle": "ignore region",
            "points": {
                "exterior": [
                    [
                        568,
                        164
                    ],
                    [
                        606,
                        184
                    ]
                ],
                "interior": []
            }
        },
        {
            "id": 159589486,
            "classId": 6551259,
            "objectId": null,
            "description": "",
            "geometryType": "polygon",
            "labelerLogin": "inbox@datasetninja.com",
            "createdAt": "2024-03-12T15:51:35.809Z",
            "updatedAt": "2024-03-12T15:51:35.809Z",
            "tags": [],
            "classTitle": "ignore region",
            "points": {
                "exterior": [
                    [
                        622,
                        162
                    ],
                    [
                        622,
                        175
                    ],
                    [
                        637,
                        175
                    ],
                    [
                        637,
                        162
                    ]
                ],
                "interior": []
            }
        },
        {
            "id": 159589487,
            "classId": 6551259,
            "objectId": null,
            "description": "",
            "geometryType": "rectangle",
            "labelerLogin": "inbox@datasetninja.com",
            "createdAt": "2024-03-12T15:51:35.809Z",
            "updatedAt": "2024-03-12T15:51:35.809Z",
            "tags": [],
            "classTitle": "ignore region",
            "points": {
                "exterior": [
                    [
                        622,
                        162
                    ],
                    [
                        637,
                        175
                    ]
                ],
                "interior": []
            }
        },
        {
            "id": 159589488,
            "classId": 6551259,
            "objectId": null,
            "description": "",
            "geometryType": "polygon",
            "labelerLogin": "inbox@datasetninja.com",
            "createdAt": "2024-03-12T15:51:35.809Z",
            "updatedAt": "2024-03-12T15:51:35.809Z",
            "tags": [],
            "classTitle": "ignore region",
            "points": {
                "exterior": [
                    [
                        713,
                        157
                    ],
                    [
                        713,
                        169
                    ],
                    [
                        721,
                        169
                    ],
                    [
                        722,
                        168
                    ],
                    [
                        728,
                        168
                    ],
                    [
                        729,
                        169
                    ],
                    [
                        734,
                        169
                    ],
                    [
                        734,
                        157
                    ]
                ],
                "interior": []
            }
        },
        {
            "id": 159589489,
            "classId": 6551259,
            "objectId": null,
            "description": "",
            "geometryType": "rectangle",
            "labelerLogin": "inbox@datasetninja.com",
            "createdAt": "2024-03-12T15:51:35.809Z",
            "updatedAt": "2024-03-12T15:51:35.809Z",
            "tags": [],
            "classTitle": "ignore region",
            "points": {
                "exterior": [
                    [
                        713,
                        157
                    ],
                    [
                        734,
                        169
                    ]
                ],
                "interior": []
            }
        },
        {
            "id": 159589490,
            "classId": 6551259,
            "objectId": null,
            "description": "",
            "geometryType": "polygon",
            "labelerLogin": "inbox@datasetninja.com",
            "createdAt": "2024-03-12T15:51:35.809Z",
            "updatedAt": "2024-03-12T15:51:35.809Z",
            "tags": [],
            "classTitle": "ignore region",
            "points": {
                "exterior": [
                    [
                        872,
                        154
                    ],
                    [
                        872,
                        195
                    ],
                    [
                        915,
                        195
                    ],
                    [
                        915,
                        154
                    ]
                ],
                "interior": []
            }
        },
        {
            "id": 159589491,
            "classId": 6551259,
            "objectId": null,
            "description": "",
            "geometryType": "rectangle",
            "labelerLogin": "inbox@datasetninja.com",
            "createdAt": "2024-03-12T15:51:35.809Z",
            "updatedAt": "2024-03-12T15:51:35.809Z",
            "tags": [],
            "classTitle": "ignore region",
            "points": {
                "exterior": [
                    [
                        872,
                        154
                    ],
                    [
                        915,
                        195
                    ]
                ],
                "interior": []
            }
        },
        {
            "id": 159589492,
            "classId": 6551259,
            "objectId": null,
            "description": "",
            "geometryType": "polygon",
            "labelerLogin": "inbox@datasetninja.com",
            "createdAt": "2024-03-12T15:51:35.810Z",
            "updatedAt": "2024-03-12T15:51:35.810Z",
            "tags": [],
            "classTitle": "ignore region",
            "points": {
                "exterior": [
                    [
                        992,
                        147
                    ],
                    [
                        992,
                        216
                    ],
                    [
                        1028,
                        216
                    ],
                    [
                        1028,
                        147
                    ]
                ],
                "interior": []
            }
        },
        {
            "id": 159589493,
            "classId": 6551259,
            "objectId": null,
            "description": "",
            "geometryType": "rectangle",
            "labelerLogin": "inbox@datasetninja.com",
            "createdAt": "2024-03-12T15:51:35.810Z",
            "updatedAt": "2024-03-12T15:51:35.810Z",
            "tags": [],
            "classTitle": "ignore region",
            "points": {
                "exterior": [
                    [
                        992,
                        147
                    ],
                    [
                        1028,
                        216
                    ]
                ],
                "interior": []
            }
        }
    ]
}