{
    "description": "",
    "tags": [
        {
            "id": 21888356,
            "tagId": 32512,
            "name": "sequence",
            "value": "0017",
            "labelerLogin": "inbox@datasetninja.com",
            "createdAt": "2024-03-12T15:54:31.848Z",
            "updatedAt": "2024-03-12T15:54:31.848Z"
        }
    ],
    "size": {
        "height": 370,
        "width": 1224
    },
    "objects": [
        {
            "id": 159610516,
            "classId": 6551257,
            "objectId": null,
            "description": "",
            "geometryType": "polygon",
            "labelerLogin": "inbox@datasetninja.com",
            "createdAt": "2024-03-12T15:54:31.849Z",
            "updatedAt": "2024-03-12T15:54:31.849Z",
            "tags": [
                {
                    "id": 122092265,
                    "tagId": 32511,
                    "name": "object id",
                    "value": 2005,
                    "labelerLogin": "inbox@datasetninja.com",
                    "createdAt": "2024-03-12T15:54:31.848Z",
                    "updatedAt": "2024-03-12T15:54:31.848Z"
                },
                {
                    "id": 122092266,
                    "tagId": 32513,
                    "name": "instance id",
                    "value": 5,
                    "labelerLogin": "inbox@datasetninja.com",
                    "createdAt": "2024-03-12T15:54:31.848Z",
                    "updatedAt": "2024-03-12T15:54:31.848Z"
                }
            ],
            "classTitle": "pedestrian",
            "points": {
                "exterior": [
                    [
                        1121,
                        148
                    ],
                    [
                        1120,
                        149
                    ],
                    [
                        1119,
                        149
                    ],
                    [
                        1118,
                        150
                    ],
                    [
                        1116,
                        150
                    ],
                    [
                        1114,
                        152
                    ],
                    [
                        1113,
                        152
                    ],
                    [
                        1112,
                        153
                    ],
                    [
                        1112,
                        154
                    ],
                    [
                        1111,
                        155
                    ],
                    [
                        1111,
                        156
                    ],
                    [
                        1110,
                        157
                    ],
                    [
                        1110,
                        168
                    ],
                    [
                        1111,
                        169
                    ],
                    [
                        1111,
                        170
                    ],
                    [
                        1112,
                        171
                    ],
                    [
                        1112,
                        172
                    ],
                    [
                        1113,
                        173
                    ],
                    [
                        1113,
                        178
                    ],
                    [
                        1112,
                        179
                    ],
                    [
                        1112,
                        180
                    ],
                    [
                        1111,
                        181
                    ],
                    [
                        1110,
                        181
                    ],
                    [
                        1108,
                        183
                    ],
                    [
                        1105,
                        183
                    ],
                    [
                        1104,
                        184
                    ],
                    [
                        1103,
                        184
                    ],
                    [
                        1101,
                        186
                    ],
                    [
                        1099,
                        186
                    ],
                    [
                        1098,
                        187
                    ],
                    [
                        1097,
                        187
                    ],
                    [
                        1092,
                        192
                    ],
                    [
                        1092,
                        193
                    ],
                    [
                        1091,
                        194
                    ],
                    [
                        1091,
                        195
                    ],
                    [
                        1090,
                        196
                    ],
                    [
                        1090,
                        198
                    ],
                    [
                        1089,
                        199
                    ],
                    [
                        1089,
                        211
                    ],
                    [
                        1090,
                        212
                    ],
                    [
                        1090,
                        219
                    ],
                    [
                        1091,
                        220
                    ],
                    [
                        1091,
                        223
                    ],
                    [
                        1092,
                        224
                    ],
                    [
                        1092,
                        232
                    ],
                    [
                        1093,
                        233
                    ],
                    [
                        1093,
                        244
                    ],
                    [
                        1092,
                        245
                    ],
                    [
                        1092,
                        257
                    ],
                    [
                        1093,
                        258
                    ],
                    [
                        1093,
                        274
                    ],
                    [
                        1094,
                        275
                    ],
                    [
                        1094,
                        277
                    ],
                    [
                        1095,
                        278
                    ],
                    [
                        1095,
                        290
                    ],
                    [
                        1096,
                        291
                    ],
                    [
                        1096,
                        298
                    ],
                    [
                        1097,
                        299
                    ],
                    [
                        1097,
                        302
                    ],
                    [
                        1098,
                        303
                    ],
                    [
                        1098,
                        304
                    ],
                    [
                        1099,
                        305
                    ],
                    [
                        1099,
                        307
                    ],
                    [
                        1100,
                        308
                    ],
                    [
                        1100,
                        316
                    ],
                    [
                        1099,
                        317
                    ],
                    [
                        1099,
                        318
                    ],
                    [
                        1098,
                        319
                    ],
                    [
                        1097,
                        319
                    ],
                    [
                        1094,
                        322
                    ],
                    [
                        1093,
                        322
                    ],
                    [
                        1091,
                        324
                    ],
                    [
                        1087,
                        324
                    ],
                    [
                        1086,
                        325
                    ],
                    [
                        1084,
                        325
                    ],
                    [
                        1083,
                        326
                    ],
                    [
                        1081,
                        326
                    ],
                    [
                        1080,
                        327
                    ],
                    [
                        1075,
                        327
                    ],
                    [
                        1074,
                        328
                    ],
                    [
                        1072,
                        328
                    ],
                    [
                        1071,
                        329
                    ],
                    [
                        1069,
                        329
                    ],
                    [
                        1068,
                        330
                    ],
                    [
                        1067,
                        330
                    ],
                    [
                        1065,
                        332
                    ],
                    [
                        1063,
                        332
                    ],
                    [
                        1062,
                        333
                    ],
                    [
                        1061,
                        333
                    ],
                    [
                        1059,
                        335
                    ],
                    [
                        1057,
                        335
                    ],
                    [
                        1055,
                        337
                    ],
                    [
                        1051,
                        337
                    ],
                    [
                        1050,
                        338
                    ],
                    [
                        1049,
                        338
                    ],
                    [
                        1049,
                        341
                    ],
                    [
                        1048,
                        342
                    ],
                    [
                        1048,
                        349
                    ],
                    [
                        1049,
                        350
                    ],
                    [
                        1048,
                        351
                    ],
                    [
                        1048,
                        357
                    ],
                    [
                        1049,
                        358
                    ],
                    [
                        1049,
                        362
                    ],
                    [
                        1050,
                        363
                    ],
                    [
                        1050,
                        364
                    ],
                    [
                        1051,
                        365
                    ],
                    [
                        1051,
                        367
                    ],
                    [
                        1052,
                        368
                    ],
                    [
                        1052,
                        369
                    ],
                    [
                        1062,
                        369
                    ],
                    [
                        1062,
                        363
                    ],
                    [
                        1063,
                        362
                    ],
                    [
                        1063,
                        358
                    ],
                    [
                        1064,
                        357
                    ],
                    [
                        1064,
                        356
                    ],
                    [
                        1066,
                        354
                    ],
                    [
                        1066,
                        353
                    ],
                    [
                        1067,
                        352
                    ],
                    [
                        1068,
                        352
                    ],
                    [
                        1069,
                        351
                    ],
                    [
                        1069,
                        350
                    ],
                    [
                        1070,
                        349
                    ],
                    [
                        1073,
                        349
                    ],
                    [
                        1074,
                        348
                    ],
                    [
                        1075,
                        348
                    ],
                    [
                        1077,
                        346
                    ],
                    [
                        1080,
                        346
                    ],
                    [
                        1081,
                        345
                    ],
                    [
                        1082,
                        345
                    ],
                    [
                        1083,
                        344
                    ],
                    [
                        1085,
                        344
                    ],
                    [
                        1086,
                        343
                    ],
                    [
                        1087,
                        343
                    ],
                    [
                        1088,
                        342
                    ],
                    [
                        1089,
                        342
                    ],
                    [
                        1090,
                        341
                    ],
                    [
                        1094,
                        341
                    ],
                    [
                        1096,
                        339
                    ],
                    [
                        1099,
                        339
                    ],
                    [
                        1100,
                        338
                    ],
                    [
                        1101,
                        338
                    ],
                    [
                        1102,
                        337
                    ],
                    [
                        1103,
                        337
                    ],
                    [
                        1104,
                        336
                    ],
                    [
                        1108,
                        336
                    ],
                    [
                        1109,
                        335
                    ],
                    [
                        1110,
                        335
                    ],
                    [
                        1111,
                        334
                    ],
                    [
                        1113,
                        334
                    ],
                    [
                        1117,
                        330
                    ],
                    [
                        1117,
                        329
                    ],
                    [
                        1118,
                        328
                    ],
                    [
                        1118,
                        327
                    ],
                    [
                        1119,
                        326
                    ],
                    [
                        1119,
                        325
                    ],
                    [
                        1123,
                        321
                    ],
                    [
                        1124,
                        321
                    ],
                    [
                        1125,
                        320
                    ],
                    [
                        1125,
                        319
                    ],
                    [
                        1126,
                        318
                    ],
                    [
                        1127,
                        318
                    ],
                    [
                        1127,
                        317
                    ],
                    [
                        1128,
                        316
                    ],
                    [
                        1128,
                        315
                    ],
                    [
                        1130,
                        313
                    ],
                    [
                        1135,
                        318
                    ],
                    [
                        1135,
                        321
                    ],
                    [
                        1136,
                        322
                    ],
                    [
                        1136,
                        339
                    ],
                    [
                        1135,
                        340
                    ],
                    [
                        1135,
                        343
                    ],
                    [
                        1134,
                        344
                    ],
                    [
                        1134,
                        346
                    ],
                    [
                        1133,
                        347
                    ],
                    [
                        1133,
                        358
                    ],
                    [
                        1132,
                        359
                    ],
                    [
                        1132,
                        361
                    ],
                    [
                        1130,
                        363
                    ],
                    [
                        1130,
                        365
                    ],
                    [
                        1129,
                        366
                    ],
                    [
                        1129,
                        369
                    ],
                    [
                        1148,
                        369
                    ],
                    [
                        1148,
                        366
                    ],
                    [
                        1149,
                        365
                    ],
                    [
                        1149,
                        364
                    ],
                    [
                        1150,
                        363
                    ],
                    [
                        1150,
                        361
                    ],
                    [
                        1151,
                        360
                    ],
                    [
                        1151,
                        357
                    ],
                    [
                        1152,
                        356
                    ],
                    [
                        1152,
                        352
                    ],
                    [
                        1153,
                        351
                    ],
                    [
                        1153,
                        349
                    ],
                    [
                        1154,
                        348
                    ],
                    [
                        1154,
                        346
                    ],
                    [
                        1155,
                        345
                    ],
                    [
                        1155,
                        340
                    ],
                    [
                        1156,
                        339
                    ],
                    [
                        1156,
                        337
                    ],
                    [
                        1157,
                        336
                    ],
                    [
                        1157,
                        317
                    ],
                    [
                        1156,
                        316
                    ],
                    [
                        1156,
                        312
                    ],
                    [
                        1155,
                        311
                    ],
                    [
                        1155,
                        309
                    ],
                    [
                        1154,
                        308
                    ],
                    [
                        1154,
                        306
                    ],
                    [
                        1153,
                        305
                    ],
                    [
                        1153,
                        301
                    ],
                    [
                        1152,
                        300
                    ],
                    [
                        1152,
                        296
                    ],
                    [
                        1153,
                        295
                    ],
                    [
                        1153,
                        291
                    ],
                    [
                        1152,
                        290
                    ],
                    [
                        1152,
                        287
                    ],
                    [
                        1151,
                        286
                    ],
                    [
                        1151,
                        282
                    ],
                    [
                        1150,
                        281
                    ],
                    [
                        1150,
                        279
                    ],
                    [
                        1148,
                        277
                    ],
                    [
                        1148,
                        275
                    ],
                    [
                        1147,
                        274
                    ],
                    [
                        1147,
                        270
                    ],
                    [
                        1146,
                        269
                    ],
                    [
                        1146,
                        267
                    ],
                    [
                        1145,
                        266
                    ],
                    [
                        1145,
                        261
                    ],
                    [
                        1144,
                        260
                    ],
                    [
                        1144,
                        244
                    ],
                    [
                        1143,
                        243
                    ],
                    [
                        1143,
                        239
                    ],
                    [
                        1142,
                        238
                    ],
                    [
                        1142,
                        235
                    ],
                    [
                        1141,
                        234
                    ],
                    [
                        1141,
                        220
                    ],
                    [
                        1144,
                        217
                    ],
                    [
                        1144,
                        214
                    ],
                    [
                        1145,
                        213
                    ],
                    [
                        1145,
                        201
                    ],
                    [
                        1144,
                        200
                    ],
                    [
                        1144,
                        196
                    ],
                    [
                        1143,
                        196
                    ],
                    [
                        1142,
                        195
                    ],
                    [
                        1142,
                        194
                    ],
                    [
                        1141,
                        193
                    ],
                    [
                        1140,
                        193
                    ],
                    [
                        1139,
                        192
                    ],
                    [
                        1139,
                        191
                    ],
                    [
                        1138,
                        191
                    ],
                    [
                        1135,
                        188
                    ],
                    [
                        1134,
                        188
                    ],
                    [
                        1131,
                        185
                    ],
                    [
                        1134,
                        182
                    ],
                    [
                        1135,
                        182
                    ],
                    [
                        1137,
                        180
                    ],
                    [
                        1138,
                        180
                    ],
                    [
                        1138,
                        179
                    ],
                    [
                        1139,
                        178
                    ],
                    [
                        1139,
                        177
                    ],
                    [
                        1141,
                        175
                    ],
                    [
                        1141,
                        173
                    ],
                    [
                        1142,
                        172
                    ],
                    [
                        1142,
                        171
                    ],
                    [
                        1145,
                        168
                    ],
                    [
                        1145,
                        160
                    ],
                    [
                        1144,
                        159
                    ],
                    [
                        1144,
                        155
                    ],
                    [
                        1142,
                        153
                    ],
                    [
                        1142,
                        152
                    ],
                    [
                        1140,
                        152
                    ],
                    [
                        1139,
                        151
                    ],
                    [
                        1138,
                        151
                    ],
                    [
                        1137,
                        150
                    ],
                    [
                        1132,
                        150
                    ],
                    [
                        1131,
                        149
                    ],
                    [
                        1129,
                        149
                    ],
                    [
                        1128,
                        148
                    ]
                ],
                "interior": []
            }
        },
        {
            "id": 159610517,
            "classId": 6551257,
            "objectId": null,
            "description": "",
            "geometryType": "rectangle",
            "labelerLogin": "inbox@datasetninja.com",
            "createdAt": "2024-03-12T15:54:31.850Z",
            "updatedAt": "2024-03-12T15:54:31.850Z",
            "tags": [
                {
                    "id": 122092267,
                    "tagId": 32511,
                    "name": "object id",
                    "value": 2005,
                    "labelerLogin": "inbox@datasetninja.com",
                    "createdAt": "2024-03-12T15:54:31.850Z",
                    "updatedAt": "2024-03-12T15:54:31.850Z"
                },
                {
                    "id": 122092268,
                    "tagId": 32513,
                    "name": "instance id",
                    "value": 5,
                    "labelerLogin": "inbox@datasetninja.com",
                    "createdAt": "2024-03-12T15:54:31.850Z",
                    "updatedAt": "2024-03-12T15:54:31.850Z"
                }
            ],
            "classTitle": "pedestrian",
            "points": {
                "exterior": [
                    [
                        1048,
                        148
                    ],
                    [
                        1157,
                        369
                    ]
                ],
                "interior": []
            }
        },
        {
            "id": 159610518,
            "classId": 6551257,
            "objectId": null,
            "description": "",
            "geometryType": "polygon",
            "labelerLogin": "inbox@datasetninja.com",
            "createdAt": "2024-03-12T15:54:31.850Z",
            "updatedAt": "2024-03-12T15:54:31.850Z",
            "tags": [
                {
                    "id": 122092269,
                    "tagId": 32511,
                    "name": "object id",
                    "value": 2006,
                    "labelerLogin": "inbox@datasetninja.com",
                    "createdAt": "2024-03-12T15:54:31.850Z",
                    "updatedAt": "2024-03-12T15:54:31.850Z"
                },
                {
                    "id": 122092270,
                    "tagId": 32513,
                    "name": "instance id",
                    "value": 6,
                    "labelerLogin": "inbox@datasetninja.com",
                    "createdAt": "2024-03-12T15:54:31.850Z",
                    "updatedAt": "2024-03-12T15:54:31.850Z"
                }
            ],
            "classTitle": "pedestrian",
            "points": {
                "exterior": [
                    [
                        649,
                        134
                    ],
                    [
                        648,
                        135
                    ],
                    [
                        647,
                        135
                    ],
                    [
                        644,
                        138
                    ],
                    [
                        644,
                        147
                    ],
                    [
                        645,
                        148
                    ],
                    [
                        645,
                        151
                    ],
                    [
                        646,
                        152
                    ],
                    [
                        643,
                        155
                    ],
                    [
                        643,
                        156
                    ],
                    [
                        640,
                        159
                    ],
                    [
                        638,
                        159
                    ],
                    [
                        637,
                        160
                    ],
                    [
                        635,
                        160
                    ],
                    [
                        634,
                        161
                    ],
                    [
                        634,
                        162
                    ],
                    [
                        631,
                        165
                    ],
                    [
                        631,
                        166
                    ],
                    [
                        628,
                        169
                    ],
                    [
                        628,
                        170
                    ],
                    [
                        627,
                        171
                    ],
                    [
                        627,
                        172
                    ],
                    [
                        625,
                        174
                    ],
                    [
                        625,
                        175
                    ],
                    [
                        622,
                        178
                    ],
                    [
                        621,
                        178
                    ],
                    [
                        620,
                        179
                    ],
                    [
                        619,
                        179
                    ],
                    [
                        617,
                        181
                    ],
                    [
                        616,
                        181
                    ],
                    [
                        614,
                        183
                    ],
                    [
                        613,
                        183
                    ],
                    [
                        612,
                        184
                    ],
                    [
                        611,
                        184
                    ],
                    [
                        610,
                        185
                    ],
                    [
                        609,
                        185
                    ],
                    [
                        608,
                        186
                    ],
                    [
                        607,
                        186
                    ],
                    [
                        606,
                        187
                    ],
                    [
                        605,
                        187
                    ],
                    [
                        603,
                        189
                    ],
                    [
                        602,
                        189
                    ],
                    [
                        601,
                        190
                    ],
                    [
                        600,
                        190
                    ],
                    [
                        599,
                        191
                    ],
                    [
                        598,
                        191
                    ],
                    [
                        594,
                        195
                    ],
                    [
                        595,
                        196
                    ],
                    [
                        596,
                        196
                    ],
                    [
                        597,
                        197
                    ],
                    [
                        599,
                        197
                    ],
                    [
                        600,
                        196
                    ],
                    [
                        602,
                        196
                    ],
                    [
                        604,
                        194
                    ],
                    [
                        605,
                        194
                    ],
                    [
                        606,
                        193
                    ],
                    [
                        607,
                        193
                    ],
                    [
                        608,
                        192
                    ],
                    [
                        609,
                        192
                    ],
                    [
                        610,
                        191
                    ],
                    [
                        611,
                        191
                    ],
                    [
                        612,
                        190
                    ],
                    [
                        613,
                        190
                    ],
                    [
                        614,
                        189
                    ],
                    [
                        615,
                        189
                    ],
                    [
                        616,
                        188
                    ],
                    [
                        617,
                        188
                    ],
                    [
                        618,
                        187
                    ],
                    [
                        619,
                        187
                    ],
                    [
                        620,
                        186
                    ],
                    [
                        621,
                        186
                    ],
                    [
                        622,
                        185
                    ],
                    [
                        623,
                        185
                    ],
                    [
                        625,
                        183
                    ],
                    [
                        626,
                        183
                    ],
                    [
                        628,
                        181
                    ],
                    [
                        628,
                        180
                    ],
                    [
                        629,
                        179
                    ],
                    [
                        633,
                        179
                    ],
                    [
                        634,
                        178
                    ],
                    [
                        635,
                        178
                    ],
                    [
                        636,
                        179
                    ],
                    [
                        636,
                        181
                    ],
                    [
                        637,
                        182
                    ],
                    [
                        637,
                        195
                    ],
                    [
                        636,
                        196
                    ],
                    [
                        636,
                        199
                    ],
                    [
                        635,
                        200
                    ],
                    [
                        635,
                        201
                    ],
                    [
                        634,
                        202
                    ],
                    [
                        634,
                        214
                    ],
                    [
                        635,
                        215
                    ],
                    [
                        635,
                        220
                    ],
                    [
                        636,
                        221
                    ],
                    [
                        636,
                        224
                    ],
                    [
                        637,
                        225
                    ],
                    [
                        637,
                        237
                    ],
                    [
                        638,
                        238
                    ],
                    [
                        638,
                        245
                    ],
                    [
                        639,
                        246
                    ],
                    [
                        639,
                        250
                    ],
                    [
                        640,
                        251
                    ],
                    [
                        640,
                        253
                    ],
                    [
                        641,
                        254
                    ],
                    [
                        641,
                        264
                    ],
                    [
                        642,
                        265
                    ],
                    [
                        642,
                        275
                    ],
                    [
                        643,
                        276
                    ],
                    [
                        643,
                        278
                    ],
                    [
                        644,
                        279
                    ],
                    [
                        644,
                        281
                    ],
                    [
                        645,
                        282
                    ],
                    [
                        651,
                        282
                    ],
                    [
                        651,
                        281
                    ],
                    [
                        652,
                        280
                    ],
                    [
                        652,
                        268
                    ],
                    [
                        651,
                        267
                    ],
                    [
                        651,
                        258
                    ],
                    [
                        652,
                        257
                    ],
                    [
                        652,
                        256
                    ],
                    [
                        653,
                        255
                    ],
                    [
                        653,
                        254
                    ],
                    [
                        655,
                        252
                    ],
                    [
                        655,
                        251
                    ],
                    [
                        656,
                        250
                    ],
                    [
                        656,
                        249
                    ],
                    [
                        657,
                        248
                    ],
                    [
                        657,
                        245
                    ],
                    [
                        658,
                        244
                    ],
                    [
                        658,
                        241
                    ],
                    [
                        659,
                        240
                    ],
                    [
                        659,
                        237
                    ],
                    [
                        660,
                        236
                    ],
                    [
                        660,
                        233
                    ],
                    [
                        661,
                        232
                    ],
                    [
                        661,
                        220
                    ],
                    [
                        662,
                        219
                    ],
                    [
                        662,
                        209
                    ],
                    [
                        663,
                        208
                    ],
                    [
                        663,
                        207
                    ],
                    [
                        664,
                        206
                    ],
                    [
                        664,
                        204
                    ],
                    [
                        665,
                        203
                    ],
                    [
                        665,
                        199
                    ],
                    [
                        666,
                        198
                    ],
                    [
                        666,
                        194
                    ],
                    [
                        667,
                        193
                    ],
                    [
                        667,
                        181
                    ],
                    [
                        668,
                        180
                    ],
                    [
                        668,
                        169
                    ],
                    [
                        667,
                        168
                    ],
                    [
                        667,
                        165
                    ],
                    [
                        666,
                        164
                    ],
                    [
                        666,
                        162
                    ],
                    [
                        665,
                        162
                    ],
                    [
                        664,
                        161
                    ],
                    [
                        663,
                        161
                    ],
                    [
                        662,
                        160
                    ],
                    [
                        660,
                        160
                    ],
                    [
                        659,
                        159
                    ],
                    [
                        658,
                        159
                    ],
                    [
                        657,
                        158
                    ],
                    [
                        657,
                        157
                    ],
                    [
                        656,
                        156
                    ],
                    [
                        656,
                        154
                    ],
                    [
                        655,
                        153
                    ],
                    [
                        655,
                        150
                    ],
                    [
                        656,
                        149
                    ],
                    [
                        656,
                        148
                    ],
                    [
                        658,
                        146
                    ],
                    [
                        658,
                        139
                    ],
                    [
                        653,
                        134
                    ]
                ],
                "interior": []
            }
        },
        {
            "id": 159610519,
            "classId": 6551257,
            "objectId": null,
            "description": "",
            "geometryType": "rectangle",
            "labelerLogin": "inbox@datasetninja.com",
            "createdAt": "2024-03-12T15:54:31.851Z",
            "updatedAt": "2024-03-12T15:54:31.851Z",
            "tags": [
                {
                    "id": 122092271,
                    "tagId": 32511,
                    "name": "object id",
                    "value": 2006,
                    "labelerLogin": "inbox@datasetninja.com",
                    "createdAt": "2024-03-12T15:54:31.851Z",
                    "updatedAt": "2024-03-12T15:54:31.851Z"
                },
                {
                    "id": 122092272,
                    "tagId": 32513,
                    "name": "instance id",
                    "value": 6,
                    "labelerLogin": "inbox@datasetninja.com",
                    "createdAt": "2024-03-12T15:54:31.851Z",
                    "updatedAt": "2024-03-12T15:54:31.851Z"
                }
            ],
            "classTitle": "pedestrian",
            "points": {
                "exterior": [
                    [
                        594,
                        134
                    ],
                    [
                        668,
                        282
                    ]
                ],
                "interior": []
            }
        },
        {
            "id": 159610520,
            "classId": 6551257,
            "objectId": null,
            "description": "",
            "geometryType": "polygon",
            "labelerLogin": "inbox@datasetninja.com",
            "createdAt": "2024-03-12T15:54:31.851Z",
            "updatedAt": "2024-03-12T15:54:31.851Z",
            "tags": [
                {
                    "id": 122092273,
                    "tagId": 32511,
                    "name": "object id",
                    "value": 2007,
                    "labelerLogin": "inbox@datasetninja.com",
                    "createdAt": "2024-03-12T15:54:31.851Z",
                    "updatedAt": "2024-03-12T15:54:31.851Z"
                },
                {
                    "id": 122092274,
                    "tagId": 32513,
                    "name": "instance id",
                    "value": 7,
                    "labelerLogin": "inbox@datasetninja.com",
                    "createdAt": "2024-03-12T15:54:31.851Z",
                    "updatedAt": "2024-03-12T15:54:31.851Z"
                }
            ],
            "classTitle": "pedestrian",
            "points": {
                "exterior": [
                    [
                        705,
                        153
                    ],
                    [
                        702,
                        156
                    ],
                    [
                        702,
                        157
                    ],
                    [
                        701,
                        158
                    ],
                    [
                        701,
                        170
                    ],
                    [
                        699,
                        172
                    ],
                    [
                        698,
                        172
                    ],
                    [
                        695,
                        175
                    ],
                    [
                        694,
                        175
                    ],
                    [
                        692,
                        177
                    ],
                    [
                        691,
                        177
                    ],
                    [
                        691,
                        180
                    ],
                    [
                        690,
                        181
                    ],
                    [
                        690,
                        184
                    ],
                    [
                        689,
                        185
                    ],
                    [
                        689,
                        190
                    ],
                    [
                        688,
                        191
                    ],
                    [
                        688,
                        193
                    ],
                    [
                        687,
                        194
                    ],
                    [
                        687,
                        195
                    ],
                    [
                        686,
                        196
                    ],
                    [
                        686,
                        199
                    ],
                    [
                        685,
                        200
                    ],
                    [
                        685,
                        201
                    ],
                    [
                        684,
                        202
                    ],
                    [
                        684,
                        206
                    ],
                    [
                        683,
                        207
                    ],
                    [
                        683,
                        216
                    ],
                    [
                        682,
                        217
                    ],
                    [
                        682,
                        225
                    ],
                    [
                        685,
                        225
                    ],
                    [
                        685,
                        224
                    ],
                    [
                        686,
                        223
                    ],
                    [
                        686,
                        215
                    ],
                    [
                        687,
                        214
                    ],
                    [
                        687,
                        212
                    ],
                    [
                        688,
                        211
                    ],
                    [
                        688,
                        210
                    ],
                    [
                        689,
                        209
                    ],
                    [
                        689,
                        208
                    ],
                    [
                        690,
                        207
                    ],
                    [
                        691,
                        207
                    ],
                    [
                        691,
                        206
                    ],
                    [
                        692,
                        205
                    ],
                    [
                        693,
                        205
                    ],
                    [
                        694,
                        206
                    ],
                    [
                        694,
                        222
                    ],
                    [
                        695,
                        223
                    ],
                    [
                        695,
                        232
                    ],
                    [
                        696,
                        233
                    ],
                    [
                        696,
                        246
                    ],
                    [
                        695,
                        247
                    ],
                    [
                        695,
                        250
                    ],
                    [
                        694,
                        251
                    ],
                    [
                        694,
                        253
                    ],
                    [
                        693,
                        254
                    ],
                    [
                        693,
                        255
                    ],
                    [
                        692,
                        256
                    ],
                    [
                        691,
                        256
                    ],
                    [
                        691,
                        262
                    ],
                    [
                        692,
                        263
                    ],
                    [
                        692,
                        265
                    ],
                    [
                        694,
                        267
                    ],
                    [
                        694,
                        269
                    ],
                    [
                        695,
                        270
                    ],
                    [
                        695,
                        275
                    ],
                    [
                        696,
                        276
                    ],
                    [
                        697,
                        276
                    ],
                    [
                        698,
                        277
                    ],
                    [
                        702,
                        277
                    ],
                    [
                        703,
                        278
                    ],
                    [
                        712,
                        278
                    ],
                    [
                        712,
                        274
                    ],
                    [
                        711,
                        273
                    ],
                    [
                        711,
                        267
                    ],
                    [
                        710,
                        266
                    ],
                    [
                        710,
                        262
                    ],
                    [
                        711,
                        261
                    ],
                    [
                        711,
                        259
                    ],
                    [
                        712,
                        258
                    ],
                    [
                        712,
                        256
                    ],
                    [
                        713,
                        255
                    ],
                    [
                        713,
                        253
                    ],
                    [
                        714,
                        252
                    ],
                    [
                        714,
                        240
                    ],
                    [
                        715,
                        239
                    ],
                    [
                        715,
                        236
                    ],
                    [
                        716,
                        235
                    ],
                    [
                        716,
                        231
                    ],
                    [
                        717,
                        230
                    ],
                    [
                        717,
                        227
                    ],
                    [
                        718,
                        226
                    ],
                    [
                        718,
                        221
                    ],
                    [
                        719,
                        220
                    ],
                    [
                        719,
                        213
                    ],
                    [
                        720,
                        212
                    ],
                    [
                        720,
                        200
                    ],
                    [
                        721,
                        199
                    ],
                    [
                        721,
                        189
                    ],
                    [
                        720,
                        188
                    ],
                    [
                        720,
                        186
                    ],
                    [
                        719,
                        185
                    ],
                    [
                        719,
                        177
                    ],
                    [
                        713,
                        171
                    ],
                    [
                        713,
                        169
                    ],
                    [
                        714,
                        168
                    ],
                    [
                        714,
                        161
                    ],
                    [
                        715,
                        160
                    ],
                    [
                        714,
                        159
                    ],
                    [
                        714,
                        155
                    ],
                    [
                        712,
                        153
                    ]
                ],
                "interior": []
            }
        },
        {
            "id": 159610521,
            "classId": 6551257,
            "objectId": null,
            "description": "",
            "geometryType": "rectangle",
            "labelerLogin": "inbox@datasetninja.com",
            "createdAt": "2024-03-12T15:54:31.851Z",
            "updatedAt": "2024-03-12T15:54:31.851Z",
            "tags": [
                {
                    "id": 122092275,
                    "tagId": 32511,
                    "name": "object id",
                    "value": 2007,
                    "labelerLogin": "inbox@datasetninja.com",
                    "createdAt": "2024-03-12T15:54:31.851Z",
                    "updatedAt": "2024-03-12T15:54:31.851Z"
                },
                {
                    "id": 122092276,
                    "tagId": 32513,
                    "name": "instance id",
                    "value": 7,
                    "labelerLogin": "inbox@datasetninja.com",
                    "createdAt": "2024-03-12T15:54:31.851Z",
                    "updatedAt": "2024-03-12T15:54:31.851Z"
                }
            ],
            "classTitle": "pedestrian",
            "points": {
                "exterior": [
                    [
                        682,
                        153
                    ],
                    [
                        721,
                        278
                    ]
                ],
                "interior": []
            }
        },
        {
            "id": 159610522,
            "classId": 6551257,
            "objectId": null,
            "description": "",
            "geometryType": "polygon",
            "labelerLogin": "inbox@datasetninja.com",
            "createdAt": "2024-03-12T15:54:31.853Z",
            "updatedAt": "2024-03-12T15:54:31.853Z",
            "tags": [
                {
                    "id": 122092277,
                    "tagId": 32511,
                    "name": "object id",
                    "value": 2008,
                    "labelerLogin": "inbox@datasetninja.com",
                    "createdAt": "2024-03-12T15:54:31.852Z",
                    "updatedAt": "2024-03-12T15:54:31.852Z"
                },
                {
                    "id": 122092278,
                    "tagId": 32513,
                    "name": "instance id",
                    "value": 8,
                    "labelerLogin": "inbox@datasetninja.com",
                    "createdAt": "2024-03-12T15:54:31.852Z",
                    "updatedAt": "2024-03-12T15:54:31.852Z"
                }
            ],
            "classTitle": "pedestrian",
            "points": {
                "exterior": [
                    [
                        793,
                        250
                    ],
                    [
                        793,
                        251
                    ],
                    [
                        792,
                        252
                    ],
                    [
                        792,
                        257
                    ],
                    [
                        793,
                        258
                    ],
                    [
                        800,
                        258
                    ],
                    [
                        800,
                        257
                    ],
                    [
                        797,
                        254
                    ],
                    [
                        797,
                        250
                    ]
                ],
                "interior": []
            }
        },
        {
            "id": 159610523,
            "classId": 6551257,
            "objectId": null,
            "description": "",
            "geometryType": "rectangle",
            "labelerLogin": "inbox@datasetninja.com",
            "createdAt": "2024-03-12T15:54:31.853Z",
            "updatedAt": "2024-03-12T15:54:31.853Z",
            "tags": [
                {
                    "id": 122092279,
                    "tagId": 32511,
                    "name": "object id",
                    "value": 2008,
                    "labelerLogin": "inbox@datasetninja.com",
                    "createdAt": "2024-03-12T15:54:31.853Z",
                    "updatedAt": "2024-03-12T15:54:31.853Z"
                },
                {
                    "id": 122092280,
                    "tagId": 32513,
                    "name": "instance id",
                    "value": 8,
                    "labelerLogin": "inbox@datasetninja.com",
                    "createdAt": "2024-03-12T15:54:31.853Z",
                    "updatedAt": "2024-03-12T15:54:31.853Z"
                }
            ],
            "classTitle": "pedestrian",
            "points": {
                "exterior": [
                    [
                        792,
                        250
                    ],
                    [
                        800,
                        258
                    ]
                ],
                "interior": []
            }
        },
        {
            "id": 159610524,
            "classId": 6551257,
            "objectId": null,
            "description": "",
            "geometryType": "polygon",
            "labelerLogin": "inbox@datasetninja.com",
            "createdAt": "2024-03-12T15:54:31.854Z",
            "updatedAt": "2024-03-12T15:54:31.854Z",
            "tags": [
                {
                    "id": 122092281,
                    "tagId": 32511,
                    "name": "object id",
                    "value": 2008,
                    "labelerLogin": "inbox@datasetninja.com",
                    "createdAt": "2024-03-12T15:54:31.853Z",
                    "updatedAt": "2024-03-12T15:54:31.853Z"
                },
                {
                    "id": 122092282,
                    "tagId": 32513,
                    "name": "instance id",
                    "value": 8,
                    "labelerLogin": "inbox@datasetninja.com",
                    "createdAt": "2024-03-12T15:54:31.853Z",
                    "updatedAt": "2024-03-12T15:54:31.853Z"
                }
            ],
            "classTitle": "pedestrian",
            "points": {
                "exterior": [
                    [
                        805,
                        156
                    ],
                    [
                        804,
                        157
                    ],
                    [
                        802,
                        157
                    ],
                    [
                        802,
                        158
                    ],
                    [
                        801,
                        159
                    ],
                    [
                        801,
                        161
                    ],
                    [
                        800,
                        162
                    ],
                    [
                        800,
                        171
                    ],
                    [
                        797,
                        174
                    ],
                    [
                        796,
                        174
                    ],
                    [
                        794,
                        176
                    ],
                    [
                        794,
                        177
                    ],
                    [
                        792,
                        179
                    ],
                    [
                        792,
                        180
                    ],
                    [
                        791,
                        181
                    ],
                    [
                        791,
                        184
                    ],
                    [
                        790,
                        185
                    ],
                    [
                        790,
                        191
                    ],
                    [
                        789,
                        192
                    ],
                    [
                        789,
                        196
                    ],
                    [
                        788,
                        197
                    ],
                    [
                        788,
                        206
                    ],
                    [
                        787,
                        207
                    ],
                    [
                        787,
                        210
                    ],
                    [
                        786,
                        211
                    ],
                    [
                        786,
                        215
                    ],
                    [
                        787,
                        215
                    ],
                    [
                        788,
                        216
                    ],
                    [
                        791,
                        216
                    ],
                    [
                        793,
                        218
                    ],
                    [
                        794,
                        218
                    ],
                    [
                        798,
                        222
                    ],
                    [
                        798,
                        224
                    ],
                    [
                        799,
                        225
                    ],
                    [
                        799,
                        244
                    ],
                    [
                        800,
                        245
                    ],
                    [
                        800,
                        247
                    ],
                    [
                        801,
                        248
                    ],
                    [
                        801,
                        250
                    ],
                    [
                        802,
                        251
                    ],
                    [
                        802,
                        256
                    ],
                    [
                        803,
                        257
                    ],
                    [
                        803,
                        258
                    ],
                    [
                        804,
                        258
                    ],
                    [
                        808,
                        262
                    ],
                    [
                        811,
                        262
                    ],
                    [
                        813,
                        260
                    ],
                    [
                        813,
                        257
                    ],
                    [
                        811,
                        255
                    ],
                    [
                        811,
                        254
                    ],
                    [
                        810,
                        253
                    ],
                    [
                        810,
                        251
                    ],
                    [
                        809,
                        250
                    ],
                    [
                        809,
                        240
                    ],
                    [
                        808,
                        239
                    ],
                    [
                        808,
                        230
                    ],
                    [
                        809,
                        229
                    ],
                    [
                        809,
                        224
                    ],
                    [
                        811,
                        222
                    ],
                    [
                        811,
                        219
                    ],
                    [
                        812,
                        218
                    ],
                    [
                        812,
                        216
                    ],
                    [
                        813,
                        215
                    ],
                    [
                        813,
                        207
                    ],
                    [
                        816,
                        204
                    ],
                    [
                        817,
                        205
                    ],
                    [
                        818,
                        205
                    ],
                    [
                        821,
                        208
                    ],
                    [
                        821,
                        211
                    ],
                    [
                        822,
                        212
                    ],
                    [
                        822,
                        215
                    ],
                    [
                        823,
                        216
                    ],
                    [
                        825,
                        216
                    ],
                    [
                        826,
                        215
                    ],
                    [
                        826,
                        211
                    ],
                    [
                        825,
                        210
                    ],
                    [
                        825,
                        208
                    ],
                    [
                        824,
                        207
                    ],
                    [
                        824,
                        206
                    ],
                    [
                        823,
                        205
                    ],
                    [
                        823,
                        203
                    ],
                    [
                        822,
                        202
                    ],
                    [
                        822,
                        201
                    ],
                    [
                        821,
                        200
                    ],
                    [
                        821,
                        199
                    ],
                    [
                        820,
                        198
                    ],
                    [
                        820,
                        196
                    ],
                    [
                        819,
                        195
                    ],
                    [
                        819,
                        194
                    ],
                    [
                        818,
                        193
                    ],
                    [
                        818,
                        187
                    ],
                    [
                        817,
                        186
                    ],
                    [
                        817,
                        181
                    ],
                    [
                        816,
                        180
                    ],
                    [
                        816,
                        178
                    ],
                    [
                        815,
                        177
                    ],
                    [
                        815,
                        176
                    ],
                    [
                        812,
                        173
                    ],
                    [
                        812,
                        168
                    ],
                    [
                        813,
                        167
                    ],
                    [
                        813,
                        163
                    ],
                    [
                        812,
                        162
                    ],
                    [
                        812,
                        160
                    ],
                    [
                        811,
                        159
                    ],
                    [
                        811,
                        158
                    ],
                    [
                        810,
                        157
                    ],
                    [
                        809,
                        157
                    ],
                    [
                        808,
                        156
                    ]
                ],
                "interior": []
            }
        },
        {
            "id": 159610525,
            "classId": 6551257,
            "objectId": null,
            "description": "",
            "geometryType": "rectangle",
            "labelerLogin": "inbox@datasetninja.com",
            "createdAt": "2024-03-12T15:54:31.854Z",
            "updatedAt": "2024-03-12T15:54:31.854Z",
            "tags": [
                {
                    "id": 122092283,
                    "tagId": 32511,
                    "name": "object id",
                    "value": 2008,
                    "labelerLogin": "inbox@datasetninja.com",
                    "createdAt": "2024-03-12T15:54:31.854Z",
                    "updatedAt": "2024-03-12T15:54:31.854Z"
                },
                {
                    "id": 122092284,
                    "tagId": 32513,
                    "name": "instance id",
                    "value": 8,
                    "labelerLogin": "inbox@datasetninja.com",
                    "createdAt": "2024-03-12T15:54:31.854Z",
                    "updatedAt": "2024-03-12T15:54:31.854Z"
                }
            ],
            "classTitle": "pedestrian",
            "points": {
                "exterior": [
                    [
                        786,
                        156
                    ],
                    [
                        826,
                        262
                    ]
                ],
                "interior": []
            }
        },
        {
            "id": 159610526,
            "classId": 6551259,
            "objectId": null,
            "description": "",
            "geometryType": "polygon",
            "labelerLogin": "inbox@datasetninja.com",
            "createdAt": "2024-03-12T15:54:31.854Z",
            "updatedAt": "2024-03-12T15:54:31.854Z",
            "tags": [],
            "classTitle": "ignore region",
            "points": {
                "exterior": [
                    [
                        433,
                        148
                    ],
                    [
                        433,
                        188
                    ],
                    [
                        468,
                        188
                    ],
                    [
                        468,
                        148
                    ]
                ],
                "interior": []
            }
        },
        {
            "id": 159610527,
            "classId": 6551259,
            "objectId": null,
            "description": "",
            "geometryType": "rectangle",
            "labelerLogin": "inbox@datasetninja.com",
            "createdAt": "2024-03-12T15:54:31.855Z",
            "updatedAt": "2024-03-12T15:54:31.855Z",
            "tags": [],
            "classTitle": "ignore region",
            "points": {
                "exterior": [
                    [
                        433,
                        148
                    ],
                    [
                        468,
                        188
                    ]
                ],
                "interior": []
            }
        },
        {
            "id": 159610528,
            "classId": 6551259,
            "objectId": null,
            "description": "",
            "geometryType": "polygon",
            "labelerLogin": "inbox@datasetninja.com",
            "createdAt": "2024-03-12T15:54:31.855Z",
            "updatedAt": "2024-03-12T15:54:31.855Z",
            "tags": [],
            "classTitle": "ignore region",
            "points": {
                "exterior": [
                    [
                        544,
                        142
                    ],
                    [
                        544,
                        183
                    ],
                    [
                        577,
                        183
                    ],
                    [
                        577,
                        142
                    ]
                ],
                "interior": []
            }
        },
        {
            "id": 159610529,
            "classId": 6551259,
            "objectId": null,
            "description": "",
            "geometryType": "rectangle",
            "labelerLogin": "inbox@datasetninja.com",
            "createdAt": "2024-03-12T15:54:31.855Z",
            "updatedAt": "2024-03-12T15:54:31.855Z",
            "tags": [],
            "classTitle": "ignore region",
            "points": {
                "exterior": [
                    [
                        544,
                        142
                    ],
                    [
                        577,
                        183
                    ]
                ],
                "interior": []
            }
        },
        {
            "id": 159610530,
            "classId": 6551259,
            "objectId": null,
            "description": "",
            "geometryType": "polygon",
            "labelerLogin": "inbox@datasetninja.com",
            "createdAt": "2024-03-12T15:54:31.855Z",
            "updatedAt": "2024-03-12T15:54:31.855Z",
            "tags": [],
            "classTitle": "ignore region",
            "points": {
                "exterior": [
                    [
                        476,
                        141
                    ],
                    [
                        476,
                        188
                    ],
                    [
                        499,
                        188
                    ],
                    [
                        499,
                        141
                    ]
                ],
                "interior": []
            }
        },
        {
            "id": 159610531,
            "classId": 6551259,
            "objectId": null,
            "description": "",
            "geometryType": "rectangle",
            "labelerLogin": "inbox@datasetninja.com",
            "createdAt": "2024-03-12T15:54:31.856Z",
            "updatedAt": "2024-03-12T15:54:31.856Z",
            "tags": [],
            "classTitle": "ignore region",
            "points": {
                "exterior": [
                    [
                        476,
                        141
                    ],
                    [
                        499,
                        188
                    ]
                ],
                "interior": []
            }
        },
        {
            "id": 159610532,
            "classId": 6551259,
            "objectId": null,
            "description": "",
            "geometryType": "polygon",
            "labelerLogin": "inbox@datasetninja.com",
            "createdAt": "2024-03-12T15:54:31.856Z",
            "updatedAt": "2024-03-12T15:54:31.856Z",
            "tags": [],
            "classTitle": "ignore region",
            "points": {
                "exterior": [
                    [
                        241,
                        140
                    ],
                    [
                        241,
                        213
                    ],
                    [
                        392,
                        213
                    ],
                    [
                        392,
                        140
                    ]
                ],
                "interior": []
            }
        },
        {
            "id": 159610533,
            "classId": 6551259,
            "objectId": null,
            "description": "",
            "geometryType": "rectangle",
            "labelerLogin": "inbox@datasetninja.com",
            "createdAt": "2024-03-12T15:54:31.856Z",
            "updatedAt": "2024-03-12T15:54:31.856Z",
            "tags": [],
            "classTitle": "ignore region",
            "points": {
                "exterior": [
                    [
                        241,
                        140
                    ],
                    [
                        392,
                        213
                    ]
                ],
                "interior": []
            }
        },
        {
            "id": 159610534,
            "classId": 6551259,
            "objectId": null,
            "description": "",
            "geometryType": "polygon",
            "labelerLogin": "inbox@datasetninja.com",
            "createdAt": "2024-03-12T15:54:31.856Z",
            "updatedAt": "2024-03-12T15:54:31.856Z",
            "tags": [],
            "classTitle": "ignore region",
            "points": {
                "exterior": [
                    [
                        701,
                        118
                    ],
                    [
                        701,
                        157
                    ],
                    [
                        701,
                        156
                    ],
                    [
                        705,
                        152
                    ],
                    [
                        712,
                        152
                    ],
                    [
                        715,
                        155
                    ],
                    [
                        715,
                        159
                    ],
                    [
                        716,
                        160
                    ],
                    [
                        715,
                        161
                    ],
                    [
                        715,
                        165
                    ],
                    [
                        799,
                        165
                    ],
                    [
                        799,
                        162
                    ],
                    [
                        800,
                        161
                    ],
                    [
                        800,
                        159
                    ],
                    [
                        801,
                        158
                    ],
                    [
                        801,
                        157
                    ],
                    [
                        802,
                        156
                    ],
                    [
                        804,
                        156
                    ],
                    [
                        805,
                        155
                    ],
                    [
                        808,
                        155
                    ],
                    [
                        809,
                        156
                    ],
                    [
                        810,
                        156
                    ],
                    [
                        812,
                        158
                    ],
                    [
                        812,
                        159
                    ],
                    [
                        813,
                        160
                    ],
                    [
                        813,
                        162
                    ],
                    [
                        814,
                        163
                    ],
                    [
                        814,
                        165
                    ],
                    [
                        1109,
                        165
                    ],
                    [
                        1109,
                        157
                    ],
                    [
                        1110,
                        156
                    ],
                    [
                        1110,
                        155
                    ],
                    [
                        1111,
                        154
                    ],
                    [
                        1111,
                        153
                    ],
                    [
                        1113,
                        151
                    ],
                    [
                        1114,
                        151
                    ],
                    [
                        1116,
                        149
                    ],
                    [
                        1118,
                        149
                    ],
                    [
                        1119,
                        148
                    ],
                    [
                        1120,
                        148
                    ],
                    [
                        1121,
                        147
                    ],
                    [
                        1128,
                        147
                    ],
                    [
                        1129,
                        148
                    ],
                    [
                        1131,
                        148
                    ],
                    [
                        1132,
                        149
                    ],
                    [
                        1137,
                        149
                    ],
                    [
                        1138,
                        150
                    ],
                    [
                        1139,
                        150
                    ],
                    [
                        1140,
                        151
                    ],
                    [
                        1142,
                        151
                    ],
                    [
                        1143,
                        152
                    ],
                    [
                        1143,
                        153
                    ],
                    [
                        1145,
                        155
                    ],
                    [
                        1145,
                        159
                    ],
                    [
                        1146,
                        160
                    ],
                    [
                        1146,
                        165
                    ],
                    [
                        1223,
                        165
                    ],
                    [
                        1223,
                        118
                    ]
                ],
                "interior": []
            }
        },
        {
            "id": 159610535,
            "classId": 6551259,
            "objectId": null,
            "description": "",
            "geometryType": "rectangle",
            "labelerLogin": "inbox@datasetninja.com",
            "createdAt": "2024-03-12T15:54:31.857Z",
            "updatedAt": "2024-03-12T15:54:31.857Z",
            "tags": [],
            "classTitle": "ignore region",
            "points": {
                "exterior": [
                    [
                        701,
                        118
                    ],
                    [
                        1223,
                        165
                    ]
                ],
                "interior": []
            }
        }
    ]
}