{
    "description": "",
    "tags": [
        {
            "id": 21889814,
            "tagId": 32512,
            "name": "sequence",
            "value": "0019",
            "labelerLogin": "inbox@datasetninja.com",
            "createdAt": "2024-03-12T16:07:30.066Z",
            "updatedAt": "2024-03-12T16:07:30.066Z"
        }
    ],
    "size": {
        "height": 374,
        "width": 1238
    },
    "objects": [
        {
            "id": 159655376,
            "classId": 6551257,
            "objectId": null,
            "description": "",
            "geometryType": "polygon",
            "labelerLogin": "inbox@datasetninja.com",
            "createdAt": "2024-03-12T16:07:30.067Z",
            "updatedAt": "2024-03-12T16:07:30.067Z",
            "tags": [
                {
                    "id": 122149545,
                    "tagId": 32511,
                    "name": "object id",
                    "value": 2001,
                    "labelerLogin": "inbox@datasetninja.com",
                    "createdAt": "2024-03-12T16:07:30.067Z",
                    "updatedAt": "2024-03-12T16:07:30.067Z"
                },
                {
                    "id": 122149546,
                    "tagId": 32513,
                    "name": "instance id",
                    "value": 1,
                    "labelerLogin": "inbox@datasetninja.com",
                    "createdAt": "2024-03-12T16:07:30.067Z",
                    "updatedAt": "2024-03-12T16:07:30.067Z"
                }
            ],
            "classTitle": "pedestrian",
            "points": {
                "exterior": [
                    [
                        781,
                        169
                    ],
                    [
                        778,
                        172
                    ],
                    [
                        778,
                        173
                    ],
                    [
                        777,
                        174
                    ],
                    [
                        777,
                        177
                    ],
                    [
                        776,
                        178
                    ],
                    [
                        776,
                        180
                    ],
                    [
                        775,
                        181
                    ],
                    [
                        775,
                        183
                    ],
                    [
                        776,
                        184
                    ],
                    [
                        774,
                        186
                    ],
                    [
                        773,
                        186
                    ],
                    [
                        771,
                        188
                    ],
                    [
                        770,
                        188
                    ],
                    [
                        769,
                        189
                    ],
                    [
                        769,
                        190
                    ],
                    [
                        768,
                        191
                    ],
                    [
                        768,
                        192
                    ],
                    [
                        767,
                        193
                    ],
                    [
                        767,
                        194
                    ],
                    [
                        766,
                        195
                    ],
                    [
                        766,
                        198
                    ],
                    [
                        767,
                        198
                    ],
                    [
                        768,
                        199
                    ],
                    [
                        768,
                        200
                    ],
                    [
                        767,
                        201
                    ],
                    [
                        767,
                        206
                    ],
                    [
                        766,
                        207
                    ],
                    [
                        766,
                        208
                    ],
                    [
                        765,
                        209
                    ],
                    [
                        765,
                        219
                    ],
                    [
                        764,
                        220
                    ],
                    [
                        764,
                        221
                    ],
                    [
                        762,
                        223
                    ],
                    [
                        764,
                        223
                    ],
                    [
                        765,
                        222
                    ],
                    [
                        765,
                        219
                    ],
                    [
                        767,
                        217
                    ],
                    [
                        768,
                        217
                    ],
                    [
                        769,
                        216
                    ],
                    [
                        770,
                        216
                    ],
                    [
                        774,
                        212
                    ],
                    [
                        774,
                        194
                    ],
                    [
                        773,
                        193
                    ],
                    [
                        773,
                        189
                    ],
                    [
                        772,
                        188
                    ],
                    [
                        774,
                        186
                    ],
                    [
                        776,
                        188
                    ],
                    [
                        776,
                        190
                    ],
                    [
                        777,
                        191
                    ],
                    [
                        777,
                        203
                    ],
                    [
                        778,
                        204
                    ],
                    [
                        778,
                        212
                    ],
                    [
                        779,
                        213
                    ],
                    [
                        779,
                        220
                    ],
                    [
                        780,
                        221
                    ],
                    [
                        780,
                        223
                    ],
                    [
                        781,
                        224
                    ],
                    [
                        781,
                        226
                    ],
                    [
                        782,
                        227
                    ],
                    [
                        780,
                        229
                    ],
                    [
                        779,
                        229
                    ],
                    [
                        778,
                        230
                    ],
                    [
                        777,
                        230
                    ],
                    [
                        776,
                        231
                    ],
                    [
                        775,
                        231
                    ],
                    [
                        774,
                        232
                    ],
                    [
                        773,
                        232
                    ],
                    [
                        772,
                        233
                    ],
                    [
                        773,
                        234
                    ],
                    [
                        773,
                        236
                    ],
                    [
                        774,
                        237
                    ],
                    [
                        774,
                        239
                    ],
                    [
                        775,
                        240
                    ],
                    [
                        775,
                        241
                    ],
                    [
                        776,
                        242
                    ],
                    [
                        776,
                        244
                    ],
                    [
                        777,
                        245
                    ],
                    [
                        777,
                        248
                    ],
                    [
                        776,
                        249
                    ],
                    [
                        775,
                        249
                    ],
                    [
                        774,
                        250
                    ],
                    [
                        774,
                        252
                    ],
                    [
                        775,
                        253
                    ],
                    [
                        775,
                        254
                    ],
                    [
                        776,
                        255
                    ],
                    [
                        776,
                        256
                    ],
                    [
                        777,
                        257
                    ],
                    [
                        777,
                        264
                    ],
                    [
                        778,
                        265
                    ],
                    [
                        778,
                        266
                    ],
                    [
                        779,
                        267
                    ],
                    [
                        779,
                        268
                    ],
                    [
                        777,
                        270
                    ],
                    [
                        777,
                        271
                    ],
                    [
                        776,
                        272
                    ],
                    [
                        777,
                        273
                    ],
                    [
                        778,
                        273
                    ],
                    [
                        779,
                        274
                    ],
                    [
                        781,
                        274
                    ],
                    [
                        782,
                        275
                    ],
                    [
                        788,
                        275
                    ],
                    [
                        788,
                        274
                    ],
                    [
                        789,
                        273
                    ],
                    [
                        789,
                        272
                    ],
                    [
                        790,
                        271
                    ],
                    [
                        790,
                        270
                    ],
                    [
                        791,
                        269
                    ],
                    [
                        791,
                        262
                    ],
                    [
                        790,
                        261
                    ],
                    [
                        790,
                        250
                    ],
                    [
                        791,
                        249
                    ],
                    [
                        791,
                        246
                    ],
                    [
                        792,
                        245
                    ],
                    [
                        792,
                        241
                    ],
                    [
                        793,
                        240
                    ],
                    [
                        793,
                        237
                    ],
                    [
                        794,
                        236
                    ],
                    [
                        794,
                        235
                    ],
                    [
                        795,
                        234
                    ],
                    [
                        795,
                        230
                    ],
                    [
                        796,
                        229
                    ],
                    [
                        796,
                        226
                    ],
                    [
                        797,
                        225
                    ],
                    [
                        797,
                        221
                    ],
                    [
                        798,
                        220
                    ],
                    [
                        800,
                        222
                    ],
                    [
                        800,
                        224
                    ],
                    [
                        801,
                        225
                    ],
                    [
                        801,
                        230
                    ],
                    [
                        802,
                        231
                    ],
                    [
                        802,
                        232
                    ],
                    [
                        803,
                        233
                    ],
                    [
                        804,
                        233
                    ],
                    [
                        805,
                        232
                    ],
                    [
                        805,
                        231
                    ],
                    [
                        806,
                        230
                    ],
                    [
                        806,
                        227
                    ],
                    [
                        804,
                        225
                    ],
                    [
                        804,
                        223
                    ],
                    [
                        803,
                        222
                    ],
                    [
                        803,
                        220
                    ],
                    [
                        802,
                        219
                    ],
                    [
                        802,
                        218
                    ],
                    [
                        801,
                        217
                    ],
                    [
                        801,
                        215
                    ],
                    [
                        800,
                        214
                    ],
                    [
                        800,
                        213
                    ],
                    [
                        799,
                        212
                    ],
                    [
                        799,
                        209
                    ],
                    [
                        798,
                        208
                    ],
                    [
                        798,
                        202
                    ],
                    [
                        799,
                        201
                    ],
                    [
                        799,
                        198
                    ],
                    [
                        798,
                        197
                    ],
                    [
                        798,
                        195
                    ],
                    [
                        797,
                        194
                    ],
                    [
                        797,
                        193
                    ],
                    [
                        796,
                        192
                    ],
                    [
                        796,
                        191
                    ],
                    [
                        794,
                        189
                    ],
                    [
                        792,
                        189
                    ],
                    [
                        789,
                        186
                    ],
                    [
                        789,
                        184
                    ],
                    [
                        788,
                        183
                    ],
                    [
                        788,
                        181
                    ],
                    [
                        789,
                        180
                    ],
                    [
                        789,
                        179
                    ],
                    [
                        790,
                        178
                    ],
                    [
                        790,
                        173
                    ],
                    [
                        789,
                        172
                    ],
                    [
                        789,
                        171
                    ],
                    [
                        788,
                        170
                    ],
                    [
                        786,
                        170
                    ],
                    [
                        785,
                        169
                    ]
                ],
                "interior": []
            }
        },
        {
            "id": 159655377,
            "classId": 6551257,
            "objectId": null,
            "description": "",
            "geometryType": "rectangle",
            "labelerLogin": "inbox@datasetninja.com",
            "createdAt": "2024-03-12T16:07:30.067Z",
            "updatedAt": "2024-03-12T16:07:30.067Z",
            "tags": [
                {
                    "id": 122149547,
                    "tagId": 32511,
                    "name": "object id",
                    "value": 2001,
                    "labelerLogin": "inbox@datasetninja.com",
                    "createdAt": "2024-03-12T16:07:30.067Z",
                    "updatedAt": "2024-03-12T16:07:30.067Z"
                },
                {
                    "id": 122149548,
                    "tagId": 32513,
                    "name": "instance id",
                    "value": 1,
                    "labelerLogin": "inbox@datasetninja.com",
                    "createdAt": "2024-03-12T16:07:30.067Z",
                    "updatedAt": "2024-03-12T16:07:30.067Z"
                }
            ],
            "classTitle": "pedestrian",
            "points": {
                "exterior": [
                    [
                        762,
                        169
                    ],
                    [
                        806,
                        275
                    ]
                ],
                "interior": []
            }
        },
        {
            "id": 159655378,
            "classId": 6551257,
            "objectId": null,
            "description": "",
            "geometryType": "polygon",
            "labelerLogin": "inbox@datasetninja.com",
            "createdAt": "2024-03-12T16:07:30.068Z",
            "updatedAt": "2024-03-12T16:07:30.068Z",
            "tags": [
                {
                    "id": 122149549,
                    "tagId": 32511,
                    "name": "object id",
                    "value": 2004,
                    "labelerLogin": "inbox@datasetninja.com",
                    "createdAt": "2024-03-12T16:07:30.068Z",
                    "updatedAt": "2024-03-12T16:07:30.068Z"
                },
                {
                    "id": 122149550,
                    "tagId": 32513,
                    "name": "instance id",
                    "value": 4,
                    "labelerLogin": "inbox@datasetninja.com",
                    "createdAt": "2024-03-12T16:07:30.068Z",
                    "updatedAt": "2024-03-12T16:07:30.068Z"
                }
            ],
            "classTitle": "pedestrian",
            "points": {
                "exterior": [
                    [
                        660,
                        164
                    ],
                    [
                        658,
                        166
                    ],
                    [
                        658,
                        171
                    ],
                    [
                        657,
                        172
                    ],
                    [
                        657,
                        173
                    ],
                    [
                        655,
                        175
                    ],
                    [
                        655,
                        180
                    ],
                    [
                        656,
                        181
                    ],
                    [
                        659,
                        181
                    ],
                    [
                        660,
                        182
                    ],
                    [
                        662,
                        182
                    ],
                    [
                        665,
                        185
                    ],
                    [
                        670,
                        185
                    ],
                    [
                        671,
                        184
                    ],
                    [
                        671,
                        183
                    ],
                    [
                        670,
                        182
                    ],
                    [
                        670,
                        177
                    ],
                    [
                        669,
                        176
                    ],
                    [
                        669,
                        175
                    ],
                    [
                        665,
                        171
                    ],
                    [
                        665,
                        169
                    ],
                    [
                        664,
                        168
                    ],
                    [
                        664,
                        166
                    ],
                    [
                        663,
                        165
                    ],
                    [
                        663,
                        164
                    ]
                ],
                "interior": []
            }
        },
        {
            "id": 159655379,
            "classId": 6551257,
            "objectId": null,
            "description": "",
            "geometryType": "rectangle",
            "labelerLogin": "inbox@datasetninja.com",
            "createdAt": "2024-03-12T16:07:30.069Z",
            "updatedAt": "2024-03-12T16:07:30.069Z",
            "tags": [
                {
                    "id": 122149551,
                    "tagId": 32511,
                    "name": "object id",
                    "value": 2004,
                    "labelerLogin": "inbox@datasetninja.com",
                    "createdAt": "2024-03-12T16:07:30.068Z",
                    "updatedAt": "2024-03-12T16:07:30.068Z"
                },
                {
                    "id": 122149552,
                    "tagId": 32513,
                    "name": "instance id",
                    "value": 4,
                    "labelerLogin": "inbox@datasetninja.com",
                    "createdAt": "2024-03-12T16:07:30.068Z",
                    "updatedAt": "2024-03-12T16:07:30.068Z"
                }
            ],
            "classTitle": "pedestrian",
            "points": {
                "exterior": [
                    [
                        655,
                        164
                    ],
                    [
                        671,
                        185
                    ]
                ],
                "interior": []
            }
        },
        {
            "id": 159655380,
            "classId": 6551259,
            "objectId": null,
            "description": "",
            "geometryType": "polygon",
            "labelerLogin": "inbox@datasetninja.com",
            "createdAt": "2024-03-12T16:07:30.069Z",
            "updatedAt": "2024-03-12T16:07:30.069Z",
            "tags": [],
            "classTitle": "ignore region",
            "points": {
                "exterior": [
                    [
                        380,
                        160
                    ],
                    [
                        380,
                        248
                    ],
                    [
                        430,
                        248
                    ],
                    [
                        430,
                        160
                    ]
                ],
                "interior": []
            }
        },
        {
            "id": 159655381,
            "classId": 6551259,
            "objectId": null,
            "description": "",
            "geometryType": "rectangle",
            "labelerLogin": "inbox@datasetninja.com",
            "createdAt": "2024-03-12T16:07:30.069Z",
            "updatedAt": "2024-03-12T16:07:30.069Z",
            "tags": [],
            "classTitle": "ignore region",
            "points": {
                "exterior": [
                    [
                        380,
                        160
                    ],
                    [
                        430,
                        248
                    ]
                ],
                "interior": []
            }
        },
        {
            "id": 159655382,
            "classId": 6551259,
            "objectId": null,
            "description": "",
            "geometryType": "polygon",
            "labelerLogin": "inbox@datasetninja.com",
            "createdAt": "2024-03-12T16:07:30.069Z",
            "updatedAt": "2024-03-12T16:07:30.069Z",
            "tags": [],
            "classTitle": "ignore region",
            "points": {
                "exterior": [
                    [
                        552,
                        136
                    ],
                    [
                        552,
                        152
                    ],
                    [
                        551,
                        153
                    ],
                    [
                        454,
                        153
                    ],
                    [
                        454,
                        160
                    ],
                    [
                        453,
                        161
                    ],
                    [
                        439,
                        161
                    ],
                    [
                        439,
                        233
                    ],
                    [
                        485,
                        233
                    ],
                    [
                        485,
                        199
                    ],
                    [
                        486,
                        198
                    ],
                    [
                        562,
                        198
                    ],
                    [
                        562,
                        195
                    ],
                    [
                        563,
                        194
                    ],
                    [
                        589,
                        194
                    ],
                    [
                        590,
                        195
                    ],
                    [
                        590,
                        202
                    ],
                    [
                        621,
                        202
                    ],
                    [
                        621,
                        152
                    ],
                    [
                        599,
                        152
                    ],
                    [
                        598,
                        151
                    ],
                    [
                        598,
                        136
                    ]
                ],
                "interior": []
            }
        },
        {
            "id": 159655383,
            "classId": 6551259,
            "objectId": null,
            "description": "",
            "geometryType": "rectangle",
            "labelerLogin": "inbox@datasetninja.com",
            "createdAt": "2024-03-12T16:07:30.069Z",
            "updatedAt": "2024-03-12T16:07:30.069Z",
            "tags": [],
            "classTitle": "ignore region",
            "points": {
                "exterior": [
                    [
                        439,
                        136
                    ],
                    [
                        621,
                        233
                    ]
                ],
                "interior": []
            }
        }
    ]
}