{
    "description": "",
    "tags": [
        {
            "id": 21888696,
            "tagId": 32512,
            "name": "sequence",
            "value": "0019",
            "labelerLogin": "inbox@datasetninja.com",
            "createdAt": "2024-03-12T15:58:22.576Z",
            "updatedAt": "2024-03-12T15:58:22.576Z"
        }
    ],
    "size": {
        "height": 374,
        "width": 1238
    },
    "objects": [
        {
            "id": 159624156,
            "classId": 6551257,
            "objectId": null,
            "description": "",
            "geometryType": "polygon",
            "labelerLogin": "inbox@datasetninja.com",
            "createdAt": "2024-03-12T15:58:22.578Z",
            "updatedAt": "2024-03-12T15:58:22.578Z",
            "tags": [
                {
                    "id": 122108097,
                    "tagId": 32511,
                    "name": "object id",
                    "value": 2004,
                    "labelerLogin": "inbox@datasetninja.com",
                    "createdAt": "2024-03-12T15:58:22.578Z",
                    "updatedAt": "2024-03-12T15:58:22.578Z"
                },
                {
                    "id": 122108098,
                    "tagId": 32513,
                    "name": "instance id",
                    "value": 4,
                    "labelerLogin": "inbox@datasetninja.com",
                    "createdAt": "2024-03-12T15:58:22.578Z",
                    "updatedAt": "2024-03-12T15:58:22.578Z"
                }
            ],
            "classTitle": "pedestrian",
            "points": {
                "exterior": [
                    [
                        874,
                        174
                    ],
                    [
                        873,
                        175
                    ],
                    [
                        872,
                        175
                    ],
                    [
                        871,
                        176
                    ],
                    [
                        871,
                        178
                    ],
                    [
                        870,
                        179
                    ],
                    [
                        870,
                        182
                    ],
                    [
                        869,
                        183
                    ],
                    [
                        869,
                        185
                    ],
                    [
                        870,
                        186
                    ],
                    [
                        870,
                        188
                    ],
                    [
                        869,
                        189
                    ],
                    [
                        869,
                        190
                    ],
                    [
                        867,
                        192
                    ],
                    [
                        864,
                        192
                    ],
                    [
                        861,
                        195
                    ],
                    [
                        860,
                        195
                    ],
                    [
                        860,
                        196
                    ],
                    [
                        859,
                        197
                    ],
                    [
                        859,
                        198
                    ],
                    [
                        857,
                        200
                    ],
                    [
                        857,
                        202
                    ],
                    [
                        856,
                        203
                    ],
                    [
                        856,
                        213
                    ],
                    [
                        855,
                        214
                    ],
                    [
                        855,
                        217
                    ],
                    [
                        854,
                        218
                    ],
                    [
                        854,
                        220
                    ],
                    [
                        853,
                        221
                    ],
                    [
                        853,
                        229
                    ],
                    [
                        854,
                        230
                    ],
                    [
                        855,
                        230
                    ],
                    [
                        856,
                        231
                    ],
                    [
                        859,
                        231
                    ],
                    [
                        860,
                        232
                    ],
                    [
                        860,
                        234
                    ],
                    [
                        861,
                        235
                    ],
                    [
                        861,
                        236
                    ],
                    [
                        862,
                        236
                    ],
                    [
                        863,
                        237
                    ],
                    [
                        864,
                        237
                    ],
                    [
                        865,
                        238
                    ],
                    [
                        865,
                        240
                    ],
                    [
                        866,
                        241
                    ],
                    [
                        866,
                        245
                    ],
                    [
                        865,
                        246
                    ],
                    [
                        865,
                        253
                    ],
                    [
                        864,
                        254
                    ],
                    [
                        864,
                        255
                    ],
                    [
                        863,
                        256
                    ],
                    [
                        863,
                        265
                    ],
                    [
                        864,
                        266
                    ],
                    [
                        864,
                        267
                    ],
                    [
                        865,
                        268
                    ],
                    [
                        865,
                        269
                    ],
                    [
                        868,
                        272
                    ],
                    [
                        868,
                        273
                    ],
                    [
                        872,
                        273
                    ],
                    [
                        874,
                        275
                    ],
                    [
                        874,
                        279
                    ],
                    [
                        873,
                        280
                    ],
                    [
                        873,
                        281
                    ],
                    [
                        872,
                        282
                    ],
                    [
                        873,
                        283
                    ],
                    [
                        877,
                        283
                    ],
                    [
                        878,
                        284
                    ],
                    [
                        880,
                        284
                    ],
                    [
                        881,
                        285
                    ],
                    [
                        881,
                        286
                    ],
                    [
                        884,
                        289
                    ],
                    [
                        887,
                        289
                    ],
                    [
                        889,
                        287
                    ],
                    [
                        889,
                        275
                    ],
                    [
                        890,
                        274
                    ],
                    [
                        892,
                        274
                    ],
                    [
                        893,
                        273
                    ],
                    [
                        896,
                        273
                    ],
                    [
                        899,
                        270
                    ],
                    [
                        899,
                        264
                    ],
                    [
                        900,
                        263
                    ],
                    [
                        900,
                        261
                    ],
                    [
                        902,
                        259
                    ],
                    [
                        902,
                        254
                    ],
                    [
                        903,
                        253
                    ],
                    [
                        903,
                        252
                    ],
                    [
                        904,
                        251
                    ],
                    [
                        904,
                        244
                    ],
                    [
                        905,
                        243
                    ],
                    [
                        904,
                        242
                    ],
                    [
                        904,
                        239
                    ],
                    [
                        903,
                        238
                    ],
                    [
                        903,
                        232
                    ],
                    [
                        902,
                        231
                    ],
                    [
                        902,
                        224
                    ],
                    [
                        901,
                        223
                    ],
                    [
                        901,
                        219
                    ],
                    [
                        899,
                        217
                    ],
                    [
                        899,
                        215
                    ],
                    [
                        897,
                        213
                    ],
                    [
                        897,
                        212
                    ],
                    [
                        896,
                        211
                    ],
                    [
                        896,
                        204
                    ],
                    [
                        895,
                        203
                    ],
                    [
                        895,
                        202
                    ],
                    [
                        894,
                        201
                    ],
                    [
                        894,
                        199
                    ],
                    [
                        892,
                        197
                    ],
                    [
                        892,
                        196
                    ],
                    [
                        891,
                        195
                    ],
                    [
                        890,
                        195
                    ],
                    [
                        886,
                        191
                    ],
                    [
                        886,
                        190
                    ],
                    [
                        885,
                        189
                    ],
                    [
                        885,
                        187
                    ],
                    [
                        886,
                        186
                    ],
                    [
                        886,
                        184
                    ],
                    [
                        885,
                        183
                    ],
                    [
                        885,
                        180
                    ],
                    [
                        884,
                        179
                    ],
                    [
                        884,
                        178
                    ],
                    [
                        881,
                        175
                    ],
                    [
                        880,
                        175
                    ],
                    [
                        879,
                        174
                    ]
                ],
                "interior": [
                    [
                        [
                            858,
                            227
                        ],
                        [
                            859,
                            226
                        ],
                        [
                            860,
                            227
                        ],
                        [
                            859,
                            228
                        ]
                    ]
                ]
            }
        },
        {
            "id": 159624157,
            "classId": 6551257,
            "objectId": null,
            "description": "",
            "geometryType": "rectangle",
            "labelerLogin": "inbox@datasetninja.com",
            "createdAt": "2024-03-12T15:58:22.579Z",
            "updatedAt": "2024-03-12T15:58:22.579Z",
            "tags": [
                {
                    "id": 122108099,
                    "tagId": 32511,
                    "name": "object id",
                    "value": 2004,
                    "labelerLogin": "inbox@datasetninja.com",
                    "createdAt": "2024-03-12T15:58:22.579Z",
                    "updatedAt": "2024-03-12T15:58:22.579Z"
                },
                {
                    "id": 122108100,
                    "tagId": 32513,
                    "name": "instance id",
                    "value": 4,
                    "labelerLogin": "inbox@datasetninja.com",
                    "createdAt": "2024-03-12T15:58:22.579Z",
                    "updatedAt": "2024-03-12T15:58:22.579Z"
                }
            ],
            "classTitle": "pedestrian",
            "points": {
                "exterior": [
                    [
                        853,
                        174
                    ],
                    [
                        905,
                        289
                    ]
                ],
                "interior": []
            }
        },
        {
            "id": 159624158,
            "classId": 6551257,
            "objectId": null,
            "description": "",
            "geometryType": "polygon",
            "labelerLogin": "inbox@datasetninja.com",
            "createdAt": "2024-03-12T15:58:22.580Z",
            "updatedAt": "2024-03-12T15:58:22.580Z",
            "tags": [
                {
                    "id": 122108101,
                    "tagId": 32511,
                    "name": "object id",
                    "value": 2005,
                    "labelerLogin": "inbox@datasetninja.com",
                    "createdAt": "2024-03-12T15:58:22.580Z",
                    "updatedAt": "2024-03-12T15:58:22.580Z"
                },
                {
                    "id": 122108102,
                    "tagId": 32513,
                    "name": "instance id",
                    "value": 5,
                    "labelerLogin": "inbox@datasetninja.com",
                    "createdAt": "2024-03-12T15:58:22.580Z",
                    "updatedAt": "2024-03-12T15:58:22.580Z"
                }
            ],
            "classTitle": "pedestrian",
            "points": {
                "exterior": [
                    [
                        249,
                        188
                    ],
                    [
                        248,
                        189
                    ],
                    [
                        245,
                        189
                    ],
                    [
                        244,
                        190
                    ],
                    [
                        243,
                        190
                    ],
                    [
                        242,
                        191
                    ],
                    [
                        241,
                        191
                    ],
                    [
                        239,
                        193
                    ],
                    [
                        239,
                        196
                    ],
                    [
                        240,
                        197
                    ],
                    [
                        240,
                        198
                    ],
                    [
                        241,
                        199
                    ],
                    [
                        241,
                        200
                    ],
                    [
                        242,
                        201
                    ],
                    [
                        242,
                        204
                    ],
                    [
                        243,
                        205
                    ],
                    [
                        243,
                        209
                    ],
                    [
                        242,
                        210
                    ],
                    [
                        240,
                        210
                    ],
                    [
                        239,
                        211
                    ],
                    [
                        238,
                        211
                    ],
                    [
                        236,
                        213
                    ],
                    [
                        236,
                        214
                    ],
                    [
                        235,
                        215
                    ],
                    [
                        235,
                        218
                    ],
                    [
                        234,
                        219
                    ],
                    [
                        234,
                        220
                    ],
                    [
                        233,
                        221
                    ],
                    [
                        233,
                        222
                    ],
                    [
                        232,
                        223
                    ],
                    [
                        232,
                        231
                    ],
                    [
                        231,
                        232
                    ],
                    [
                        231,
                        238
                    ],
                    [
                        230,
                        239
                    ],
                    [
                        230,
                        242
                    ],
                    [
                        229,
                        243
                    ],
                    [
                        229,
                        245
                    ],
                    [
                        228,
                        246
                    ],
                    [
                        228,
                        254
                    ],
                    [
                        230,
                        254
                    ],
                    [
                        230,
                        253
                    ],
                    [
                        232,
                        251
                    ],
                    [
                        233,
                        251
                    ],
                    [
                        234,
                        252
                    ],
                    [
                        234,
                        262
                    ],
                    [
                        235,
                        263
                    ],
                    [
                        235,
                        264
                    ],
                    [
                        236,
                        265
                    ],
                    [
                        245,
                        265
                    ],
                    [
                        246,
                        264
                    ],
                    [
                        250,
                        264
                    ],
                    [
                        251,
                        263
                    ],
                    [
                        261,
                        263
                    ],
                    [
                        261,
                        262
                    ],
                    [
                        262,
                        261
                    ],
                    [
                        262,
                        259
                    ],
                    [
                        263,
                        258
                    ],
                    [
                        263,
                        257
                    ],
                    [
                        262,
                        257
                    ],
                    [
                        259,
                        254
                    ],
                    [
                        259,
                        253
                    ],
                    [
                        258,
                        252
                    ],
                    [
                        258,
                        250
                    ],
                    [
                        257,
                        249
                    ],
                    [
                        255,
                        249
                    ],
                    [
                        254,
                        250
                    ],
                    [
                        249,
                        250
                    ],
                    [
                        248,
                        249
                    ],
                    [
                        246,
                        249
                    ],
                    [
                        244,
                        247
                    ],
                    [
                        244,
                        246
                    ],
                    [
                        242,
                        244
                    ],
                    [
                        242,
                        241
                    ],
                    [
                        245,
                        238
                    ],
                    [
                        246,
                        238
                    ],
                    [
                        247,
                        237
                    ],
                    [
                        250,
                        237
                    ],
                    [
                        251,
                        236
                    ],
                    [
                        252,
                        237
                    ],
                    [
                        253,
                        237
                    ],
                    [
                        255,
                        235
                    ],
                    [
                        256,
                        235
                    ],
                    [
                        257,
                        234
                    ],
                    [
                        257,
                        231
                    ],
                    [
                        259,
                        229
                    ],
                    [
                        260,
                        229
                    ],
                    [
                        262,
                        227
                    ],
                    [
                        264,
                        227
                    ],
                    [
                        264,
                        226
                    ],
                    [
                        265,
                        225
                    ],
                    [
                        265,
                        223
                    ],
                    [
                        264,
                        222
                    ],
                    [
                        264,
                        213
                    ],
                    [
                        263,
                        212
                    ],
                    [
                        263,
                        210
                    ],
                    [
                        261,
                        208
                    ],
                    [
                        259,
                        208
                    ],
                    [
                        257,
                        206
                    ],
                    [
                        257,
                        204
                    ],
                    [
                        256,
                        203
                    ],
                    [
                        256,
                        200
                    ],
                    [
                        257,
                        199
                    ],
                    [
                        257,
                        193
                    ],
                    [
                        256,
                        192
                    ],
                    [
                        256,
                        191
                    ],
                    [
                        255,
                        190
                    ],
                    [
                        254,
                        190
                    ],
                    [
                        252,
                        188
                    ]
                ],
                "interior": [
                    [
                        [
                            237,
                            240
                        ],
                        [
                            238,
                            239
                        ],
                        [
                            239,
                            240
                        ],
                        [
                            239,
                            241
                        ],
                        [
                            238,
                            242
                        ],
                        [
                            237,
                            241
                        ]
                    ]
                ]
            }
        },
        {
            "id": 159624159,
            "classId": 6551257,
            "objectId": null,
            "description": "",
            "geometryType": "rectangle",
            "labelerLogin": "inbox@datasetninja.com",
            "createdAt": "2024-03-12T15:58:22.582Z",
            "updatedAt": "2024-03-12T15:58:22.582Z",
            "tags": [
                {
                    "id": 122108103,
                    "tagId": 32511,
                    "name": "object id",
                    "value": 2005,
                    "labelerLogin": "inbox@datasetninja.com",
                    "createdAt": "2024-03-12T15:58:22.582Z",
                    "updatedAt": "2024-03-12T15:58:22.582Z"
                },
                {
                    "id": 122108104,
                    "tagId": 32513,
                    "name": "instance id",
                    "value": 5,
                    "labelerLogin": "inbox@datasetninja.com",
                    "createdAt": "2024-03-12T15:58:22.582Z",
                    "updatedAt": "2024-03-12T15:58:22.582Z"
                }
            ],
            "classTitle": "pedestrian",
            "points": {
                "exterior": [
                    [
                        228,
                        188
                    ],
                    [
                        265,
                        265
                    ]
                ],
                "interior": []
            }
        },
        {
            "id": 159624160,
            "classId": 6551257,
            "objectId": null,
            "description": "",
            "geometryType": "polygon",
            "labelerLogin": "inbox@datasetninja.com",
            "createdAt": "2024-03-12T15:58:22.583Z",
            "updatedAt": "2024-03-12T15:58:22.583Z",
            "tags": [
                {
                    "id": 122108105,
                    "tagId": 32511,
                    "name": "object id",
                    "value": 2006,
                    "labelerLogin": "inbox@datasetninja.com",
                    "createdAt": "2024-03-12T15:58:22.583Z",
                    "updatedAt": "2024-03-12T15:58:22.583Z"
                },
                {
                    "id": 122108106,
                    "tagId": 32513,
                    "name": "instance id",
                    "value": 6,
                    "labelerLogin": "inbox@datasetninja.com",
                    "createdAt": "2024-03-12T15:58:22.583Z",
                    "updatedAt": "2024-03-12T15:58:22.583Z"
                }
            ],
            "classTitle": "pedestrian",
            "points": {
                "exterior": [
                    [
                        442,
                        178
                    ],
                    [
                        441,
                        179
                    ],
                    [
                        441,
                        185
                    ],
                    [
                        440,
                        186
                    ],
                    [
                        440,
                        188
                    ],
                    [
                        439,
                        189
                    ],
                    [
                        439,
                        198
                    ],
                    [
                        440,
                        199
                    ],
                    [
                        440,
                        202
                    ],
                    [
                        441,
                        203
                    ],
                    [
                        441,
                        212
                    ],
                    [
                        442,
                        213
                    ],
                    [
                        442,
                        216
                    ],
                    [
                        445,
                        216
                    ],
                    [
                        446,
                        215
                    ],
                    [
                        452,
                        215
                    ],
                    [
                        452,
                        214
                    ],
                    [
                        453,
                        213
                    ],
                    [
                        453,
                        209
                    ],
                    [
                        452,
                        208
                    ],
                    [
                        452,
                        206
                    ],
                    [
                        451,
                        205
                    ],
                    [
                        451,
                        204
                    ],
                    [
                        450,
                        203
                    ],
                    [
                        447,
                        203
                    ],
                    [
                        445,
                        201
                    ],
                    [
                        445,
                        191
                    ],
                    [
                        446,
                        190
                    ],
                    [
                        446,
                        188
                    ],
                    [
                        448,
                        186
                    ],
                    [
                        449,
                        186
                    ],
                    [
                        449,
                        184
                    ],
                    [
                        446,
                        181
                    ],
                    [
                        446,
                        180
                    ],
                    [
                        445,
                        179
                    ],
                    [
                        445,
                        178
                    ]
                ],
                "interior": []
            }
        },
        {
            "id": 159624161,
            "classId": 6551257,
            "objectId": null,
            "description": "",
            "geometryType": "rectangle",
            "labelerLogin": "inbox@datasetninja.com",
            "createdAt": "2024-03-12T15:58:22.586Z",
            "updatedAt": "2024-03-12T15:58:22.586Z",
            "tags": [
                {
                    "id": 122108107,
                    "tagId": 32511,
                    "name": "object id",
                    "value": 2006,
                    "labelerLogin": "inbox@datasetninja.com",
                    "createdAt": "2024-03-12T15:58:22.586Z",
                    "updatedAt": "2024-03-12T15:58:22.586Z"
                },
                {
                    "id": 122108108,
                    "tagId": 32513,
                    "name": "instance id",
                    "value": 6,
                    "labelerLogin": "inbox@datasetninja.com",
                    "createdAt": "2024-03-12T15:58:22.586Z",
                    "updatedAt": "2024-03-12T15:58:22.586Z"
                }
            ],
            "classTitle": "pedestrian",
            "points": {
                "exterior": [
                    [
                        439,
                        178
                    ],
                    [
                        453,
                        216
                    ]
                ],
                "interior": []
            }
        },
        {
            "id": 159624162,
            "classId": 6551257,
            "objectId": null,
            "description": "",
            "geometryType": "polygon",
            "labelerLogin": "inbox@datasetninja.com",
            "createdAt": "2024-03-12T15:58:22.586Z",
            "updatedAt": "2024-03-12T15:58:22.586Z",
            "tags": [
                {
                    "id": 122108109,
                    "tagId": 32511,
                    "name": "object id",
                    "value": 2007,
                    "labelerLogin": "inbox@datasetninja.com",
                    "createdAt": "2024-03-12T15:58:22.586Z",
                    "updatedAt": "2024-03-12T15:58:22.586Z"
                },
                {
                    "id": 122108110,
                    "tagId": 32513,
                    "name": "instance id",
                    "value": 7,
                    "labelerLogin": "inbox@datasetninja.com",
                    "createdAt": "2024-03-12T15:58:22.586Z",
                    "updatedAt": "2024-03-12T15:58:22.586Z"
                }
            ],
            "classTitle": "pedestrian",
            "points": {
                "exterior": [
                    [
                        464,
                        181
                    ],
                    [
                        464,
                        182
                    ],
                    [
                        463,
                        183
                    ],
                    [
                        463,
                        191
                    ],
                    [
                        460,
                        194
                    ],
                    [
                        459,
                        194
                    ],
                    [
                        458,
                        195
                    ],
                    [
                        458,
                        205
                    ],
                    [
                        459,
                        206
                    ],
                    [
                        459,
                        211
                    ],
                    [
                        460,
                        212
                    ],
                    [
                        460,
                        213
                    ],
                    [
                        461,
                        214
                    ],
                    [
                        461,
                        223
                    ],
                    [
                        462,
                        224
                    ],
                    [
                        462,
                        225
                    ],
                    [
                        467,
                        230
                    ],
                    [
                        467,
                        231
                    ],
                    [
                        468,
                        232
                    ],
                    [
                        468,
                        235
                    ],
                    [
                        467,
                        236
                    ],
                    [
                        467,
                        237
                    ],
                    [
                        465,
                        239
                    ],
                    [
                        464,
                        239
                    ],
                    [
                        464,
                        240
                    ],
                    [
                        461,
                        243
                    ],
                    [
                        461,
                        250
                    ],
                    [
                        462,
                        251
                    ],
                    [
                        465,
                        251
                    ],
                    [
                        466,
                        250
                    ],
                    [
                        467,
                        250
                    ],
                    [
                        468,
                        249
                    ],
                    [
                        469,
                        249
                    ],
                    [
                        470,
                        248
                    ],
                    [
                        471,
                        248
                    ],
                    [
                        472,
                        247
                    ],
                    [
                        473,
                        247
                    ],
                    [
                        474,
                        246
                    ],
                    [
                        474,
                        244
                    ],
                    [
                        473,
                        243
                    ],
                    [
                        473,
                        241
                    ],
                    [
                        472,
                        240
                    ],
                    [
                        472,
                        238
                    ],
                    [
                        471,
                        237
                    ],
                    [
                        471,
                        233
                    ],
                    [
                        470,
                        232
                    ],
                    [
                        470,
                        231
                    ],
                    [
                        471,
                        230
                    ],
                    [
                        471,
                        228
                    ],
                    [
                        472,
                        227
                    ],
                    [
                        472,
                        226
                    ],
                    [
                        474,
                        224
                    ],
                    [
                        474,
                        222
                    ],
                    [
                        475,
                        221
                    ],
                    [
                        475,
                        219
                    ],
                    [
                        476,
                        218
                    ],
                    [
                        477,
                        218
                    ],
                    [
                        477,
                        217
                    ],
                    [
                        478,
                        216
                    ],
                    [
                        478,
                        202
                    ],
                    [
                        477,
                        201
                    ],
                    [
                        477,
                        199
                    ],
                    [
                        476,
                        198
                    ],
                    [
                        476,
                        196
                    ],
                    [
                        470,
                        190
                    ],
                    [
                        470,
                        186
                    ],
                    [
                        469,
                        185
                    ],
                    [
                        469,
                        183
                    ],
                    [
                        467,
                        181
                    ]
                ],
                "interior": []
            }
        },
        {
            "id": 159624163,
            "classId": 6551257,
            "objectId": null,
            "description": "",
            "geometryType": "rectangle",
            "labelerLogin": "inbox@datasetninja.com",
            "createdAt": "2024-03-12T15:58:22.587Z",
            "updatedAt": "2024-03-12T15:58:22.587Z",
            "tags": [
                {
                    "id": 122108111,
                    "tagId": 32511,
                    "name": "object id",
                    "value": 2007,
                    "labelerLogin": "inbox@datasetninja.com",
                    "createdAt": "2024-03-12T15:58:22.587Z",
                    "updatedAt": "2024-03-12T15:58:22.587Z"
                },
                {
                    "id": 122108112,
                    "tagId": 32513,
                    "name": "instance id",
                    "value": 7,
                    "labelerLogin": "inbox@datasetninja.com",
                    "createdAt": "2024-03-12T15:58:22.587Z",
                    "updatedAt": "2024-03-12T15:58:22.587Z"
                }
            ],
            "classTitle": "pedestrian",
            "points": {
                "exterior": [
                    [
                        458,
                        181
                    ],
                    [
                        478,
                        251
                    ]
                ],
                "interior": []
            }
        },
        {
            "id": 159624164,
            "classId": 6551257,
            "objectId": null,
            "description": "",
            "geometryType": "polygon",
            "labelerLogin": "inbox@datasetninja.com",
            "createdAt": "2024-03-12T15:58:22.588Z",
            "updatedAt": "2024-03-12T15:58:22.588Z",
            "tags": [
                {
                    "id": 122108113,
                    "tagId": 32511,
                    "name": "object id",
                    "value": 2010,
                    "labelerLogin": "inbox@datasetninja.com",
                    "createdAt": "2024-03-12T15:58:22.588Z",
                    "updatedAt": "2024-03-12T15:58:22.588Z"
                },
                {
                    "id": 122108114,
                    "tagId": 32513,
                    "name": "instance id",
                    "value": 10,
                    "labelerLogin": "inbox@datasetninja.com",
                    "createdAt": "2024-03-12T15:58:22.588Z",
                    "updatedAt": "2024-03-12T15:58:22.588Z"
                }
            ],
            "classTitle": "pedestrian",
            "points": {
                "exterior": [
                    [
                        511,
                        184
                    ],
                    [
                        510,
                        185
                    ],
                    [
                        510,
                        191
                    ],
                    [
                        508,
                        193
                    ],
                    [
                        508,
                        201
                    ],
                    [
                        509,
                        202
                    ],
                    [
                        509,
                        209
                    ],
                    [
                        510,
                        210
                    ],
                    [
                        510,
                        216
                    ],
                    [
                        511,
                        217
                    ],
                    [
                        511,
                        218
                    ],
                    [
                        510,
                        219
                    ],
                    [
                        510,
                        225
                    ],
                    [
                        511,
                        226
                    ],
                    [
                        511,
                        231
                    ],
                    [
                        512,
                        232
                    ],
                    [
                        513,
                        232
                    ],
                    [
                        514,
                        231
                    ],
                    [
                        514,
                        228
                    ],
                    [
                        513,
                        227
                    ],
                    [
                        513,
                        219
                    ],
                    [
                        514,
                        218
                    ],
                    [
                        514,
                        217
                    ],
                    [
                        515,
                        216
                    ],
                    [
                        516,
                        217
                    ],
                    [
                        516,
                        218
                    ],
                    [
                        517,
                        219
                    ],
                    [
                        517,
                        224
                    ],
                    [
                        518,
                        225
                    ],
                    [
                        517,
                        226
                    ],
                    [
                        517,
                        230
                    ],
                    [
                        518,
                        231
                    ],
                    [
                        519,
                        231
                    ],
                    [
                        520,
                        230
                    ],
                    [
                        521,
                        230
                    ],
                    [
                        521,
                        227
                    ],
                    [
                        520,
                        226
                    ],
                    [
                        520,
                        217
                    ],
                    [
                        519,
                        216
                    ],
                    [
                        519,
                        213
                    ],
                    [
                        520,
                        212
                    ],
                    [
                        520,
                        210
                    ],
                    [
                        519,
                        209
                    ],
                    [
                        519,
                        203
                    ],
                    [
                        518,
                        202
                    ],
                    [
                        518,
                        196
                    ],
                    [
                        517,
                        195
                    ],
                    [
                        517,
                        192
                    ],
                    [
                        515,
                        190
                    ],
                    [
                        515,
                        186
                    ],
                    [
                        513,
                        184
                    ]
                ],
                "interior": []
            }
        },
        {
            "id": 159624165,
            "classId": 6551257,
            "objectId": null,
            "description": "",
            "geometryType": "rectangle",
            "labelerLogin": "inbox@datasetninja.com",
            "createdAt": "2024-03-12T15:58:22.590Z",
            "updatedAt": "2024-03-12T15:58:22.590Z",
            "tags": [
                {
                    "id": 122108115,
                    "tagId": 32511,
                    "name": "object id",
                    "value": 2010,
                    "labelerLogin": "inbox@datasetninja.com",
                    "createdAt": "2024-03-12T15:58:22.589Z",
                    "updatedAt": "2024-03-12T15:58:22.589Z"
                },
                {
                    "id": 122108116,
                    "tagId": 32513,
                    "name": "instance id",
                    "value": 10,
                    "labelerLogin": "inbox@datasetninja.com",
                    "createdAt": "2024-03-12T15:58:22.589Z",
                    "updatedAt": "2024-03-12T15:58:22.589Z"
                }
            ],
            "classTitle": "pedestrian",
            "points": {
                "exterior": [
                    [
                        508,
                        184
                    ],
                    [
                        521,
                        232
                    ]
                ],
                "interior": []
            }
        },
        {
            "id": 159624166,
            "classId": 6551257,
            "objectId": null,
            "description": "",
            "geometryType": "polygon",
            "labelerLogin": "inbox@datasetninja.com",
            "createdAt": "2024-03-12T15:58:22.590Z",
            "updatedAt": "2024-03-12T15:58:22.590Z",
            "tags": [
                {
                    "id": 122108117,
                    "tagId": 32511,
                    "name": "object id",
                    "value": 2012,
                    "labelerLogin": "inbox@datasetninja.com",
                    "createdAt": "2024-03-12T15:58:22.590Z",
                    "updatedAt": "2024-03-12T15:58:22.590Z"
                },
                {
                    "id": 122108118,
                    "tagId": 32513,
                    "name": "instance id",
                    "value": 12,
                    "labelerLogin": "inbox@datasetninja.com",
                    "createdAt": "2024-03-12T15:58:22.590Z",
                    "updatedAt": "2024-03-12T15:58:22.590Z"
                }
            ],
            "classTitle": "pedestrian",
            "points": {
                "exterior": [
                    [
                        574,
                        183
                    ],
                    [
                        574,
                        187
                    ],
                    [
                        573,
                        188
                    ],
                    [
                        573,
                        194
                    ],
                    [
                        572,
                        195
                    ],
                    [
                        572,
                        197
                    ],
                    [
                        573,
                        198
                    ],
                    [
                        573,
                        199
                    ],
                    [
                        574,
                        200
                    ],
                    [
                        574,
                        206
                    ],
                    [
                        575,
                        207
                    ],
                    [
                        575,
                        215
                    ],
                    [
                        576,
                        216
                    ],
                    [
                        576,
                        217
                    ],
                    [
                        577,
                        218
                    ],
                    [
                        579,
                        218
                    ],
                    [
                        580,
                        217
                    ],
                    [
                        582,
                        217
                    ],
                    [
                        582,
                        207
                    ],
                    [
                        583,
                        206
                    ],
                    [
                        583,
                        205
                    ],
                    [
                        584,
                        204
                    ],
                    [
                        584,
                        202
                    ],
                    [
                        583,
                        201
                    ],
                    [
                        583,
                        199
                    ],
                    [
                        582,
                        198
                    ],
                    [
                        582,
                        194
                    ],
                    [
                        581,
                        193
                    ],
                    [
                        581,
                        191
                    ],
                    [
                        578,
                        188
                    ],
                    [
                        578,
                        187
                    ],
                    [
                        577,
                        186
                    ],
                    [
                        577,
                        184
                    ],
                    [
                        576,
                        183
                    ]
                ],
                "interior": []
            }
        },
        {
            "id": 159624167,
            "classId": 6551257,
            "objectId": null,
            "description": "",
            "geometryType": "rectangle",
            "labelerLogin": "inbox@datasetninja.com",
            "createdAt": "2024-03-12T15:58:22.591Z",
            "updatedAt": "2024-03-12T15:58:22.591Z",
            "tags": [
                {
                    "id": 122108119,
                    "tagId": 32511,
                    "name": "object id",
                    "value": 2012,
                    "labelerLogin": "inbox@datasetninja.com",
                    "createdAt": "2024-03-12T15:58:22.591Z",
                    "updatedAt": "2024-03-12T15:58:22.591Z"
                },
                {
                    "id": 122108120,
                    "tagId": 32513,
                    "name": "instance id",
                    "value": 12,
                    "labelerLogin": "inbox@datasetninja.com",
                    "createdAt": "2024-03-12T15:58:22.591Z",
                    "updatedAt": "2024-03-12T15:58:22.591Z"
                }
            ],
            "classTitle": "pedestrian",
            "points": {
                "exterior": [
                    [
                        572,
                        183
                    ],
                    [
                        584,
                        218
                    ]
                ],
                "interior": []
            }
        },
        {
            "id": 159624168,
            "classId": 6551257,
            "objectId": null,
            "description": "",
            "geometryType": "polygon",
            "labelerLogin": "inbox@datasetninja.com",
            "createdAt": "2024-03-12T15:58:22.592Z",
            "updatedAt": "2024-03-12T15:58:22.592Z",
            "tags": [
                {
                    "id": 122108121,
                    "tagId": 32511,
                    "name": "object id",
                    "value": 2014,
                    "labelerLogin": "inbox@datasetninja.com",
                    "createdAt": "2024-03-12T15:58:22.592Z",
                    "updatedAt": "2024-03-12T15:58:22.592Z"
                },
                {
                    "id": 122108122,
                    "tagId": 32513,
                    "name": "instance id",
                    "value": 14,
                    "labelerLogin": "inbox@datasetninja.com",
                    "createdAt": "2024-03-12T15:58:22.592Z",
                    "updatedAt": "2024-03-12T15:58:22.592Z"
                }
            ],
            "classTitle": "pedestrian",
            "points": {
                "exterior": [
                    [
                        612,
                        180
                    ],
                    [
                        611,
                        181
                    ],
                    [
                        611,
                        183
                    ],
                    [
                        609,
                        185
                    ],
                    [
                        609,
                        196
                    ],
                    [
                        610,
                        197
                    ],
                    [
                        610,
                        201
                    ],
                    [
                        611,
                        202
                    ],
                    [
                        611,
                        203
                    ],
                    [
                        612,
                        204
                    ],
                    [
                        612,
                        213
                    ],
                    [
                        611,
                        214
                    ],
                    [
                        611,
                        217
                    ],
                    [
                        612,
                        218
                    ],
                    [
                        615,
                        218
                    ],
                    [
                        615,
                        217
                    ],
                    [
                        616,
                        216
                    ],
                    [
                        616,
                        214
                    ],
                    [
                        615,
                        213
                    ],
                    [
                        615,
                        204
                    ],
                    [
                        619,
                        200
                    ],
                    [
                        619,
                        197
                    ],
                    [
                        618,
                        196
                    ],
                    [
                        619,
                        195
                    ],
                    [
                        619,
                        192
                    ],
                    [
                        618,
                        191
                    ],
                    [
                        618,
                        188
                    ],
                    [
                        617,
                        187
                    ],
                    [
                        617,
                        186
                    ],
                    [
                        615,
                        184
                    ],
                    [
                        615,
                        182
                    ],
                    [
                        614,
                        181
                    ],
                    [
                        614,
                        180
                    ]
                ],
                "interior": []
            }
        },
        {
            "id": 159624169,
            "classId": 6551257,
            "objectId": null,
            "description": "",
            "geometryType": "rectangle",
            "labelerLogin": "inbox@datasetninja.com",
            "createdAt": "2024-03-12T15:58:22.593Z",
            "updatedAt": "2024-03-12T15:58:22.593Z",
            "tags": [
                {
                    "id": 122108123,
                    "tagId": 32511,
                    "name": "object id",
                    "value": 2014,
                    "labelerLogin": "inbox@datasetninja.com",
                    "createdAt": "2024-03-12T15:58:22.593Z",
                    "updatedAt": "2024-03-12T15:58:22.593Z"
                },
                {
                    "id": 122108124,
                    "tagId": 32513,
                    "name": "instance id",
                    "value": 14,
                    "labelerLogin": "inbox@datasetninja.com",
                    "createdAt": "2024-03-12T15:58:22.593Z",
                    "updatedAt": "2024-03-12T15:58:22.593Z"
                }
            ],
            "classTitle": "pedestrian",
            "points": {
                "exterior": [
                    [
                        609,
                        180
                    ],
                    [
                        619,
                        218
                    ]
                ],
                "interior": []
            }
        },
        {
            "id": 159624170,
            "classId": 6551259,
            "objectId": null,
            "description": "",
            "geometryType": "polygon",
            "labelerLogin": "inbox@datasetninja.com",
            "createdAt": "2024-03-12T15:58:22.594Z",
            "updatedAt": "2024-03-12T15:58:22.594Z",
            "tags": [],
            "classTitle": "ignore region",
            "points": {
                "exterior": [
                    [
                        680,
                        118
                    ],
                    [
                        680,
                        169
                    ],
                    [
                        679,
                        170
                    ],
                    [
                        530,
                        170
                    ],
                    [
                        530,
                        213
                    ],
                    [
                        574,
                        213
                    ],
                    [
                        574,
                        207
                    ],
                    [
                        573,
                        206
                    ],
                    [
                        573,
                        200
                    ],
                    [
                        572,
                        199
                    ],
                    [
                        572,
                        198
                    ],
                    [
                        571,
                        197
                    ],
                    [
                        571,
                        195
                    ],
                    [
                        572,
                        194
                    ],
                    [
                        572,
                        188
                    ],
                    [
                        573,
                        187
                    ],
                    [
                        573,
                        183
                    ],
                    [
                        574,
                        182
                    ],
                    [
                        576,
                        182
                    ],
                    [
                        578,
                        184
                    ],
                    [
                        578,
                        186
                    ],
                    [
                        579,
                        187
                    ],
                    [
                        579,
                        188
                    ],
                    [
                        582,
                        191
                    ],
                    [
                        582,
                        193
                    ],
                    [
                        583,
                        194
                    ],
                    [
                        583,
                        198
                    ],
                    [
                        584,
                        199
                    ],
                    [
                        584,
                        201
                    ],
                    [
                        585,
                        202
                    ],
                    [
                        585,
                        204
                    ],
                    [
                        584,
                        205
                    ],
                    [
                        584,
                        206
                    ],
                    [
                        583,
                        207
                    ],
                    [
                        583,
                        213
                    ],
                    [
                        611,
                        213
                    ],
                    [
                        611,
                        204
                    ],
                    [
                        610,
                        203
                    ],
                    [
                        610,
                        202
                    ],
                    [
                        609,
                        201
                    ],
                    [
                        609,
                        197
                    ],
                    [
                        608,
                        196
                    ],
                    [
                        608,
                        185
                    ],
                    [
                        610,
                        183
                    ],
                    [
                        610,
                        181
                    ],
                    [
                        612,
                        179
                    ],
                    [
                        614,
                        179
                    ],
                    [
                        615,
                        180
                    ],
                    [
                        615,
                        181
                    ],
                    [
                        616,
                        182
                    ],
                    [
                        616,
                        184
                    ],
                    [
                        618,
                        186
                    ],
                    [
                        618,
                        187
                    ],
                    [
                        619,
                        188
                    ],
                    [
                        619,
                        191
                    ],
                    [
                        620,
                        192
                    ],
                    [
                        620,
                        195
                    ],
                    [
                        619,
                        196
                    ],
                    [
                        620,
                        197
                    ],
                    [
                        620,
                        200
                    ],
                    [
                        616,
                        204
                    ],
                    [
                        616,
                        213
                    ],
                    [
                        679,
                        213
                    ],
                    [
                        680,
                        214
                    ],
                    [
                        680,
                        260
                    ],
                    [
                        815,
                        260
                    ],
                    [
                        815,
                        118
                    ]
                ],
                "interior": []
            }
        },
        {
            "id": 159624171,
            "classId": 6551259,
            "objectId": null,
            "description": "",
            "geometryType": "rectangle",
            "labelerLogin": "inbox@datasetninja.com",
            "createdAt": "2024-03-12T15:58:22.594Z",
            "updatedAt": "2024-03-12T15:58:22.594Z",
            "tags": [],
            "classTitle": "ignore region",
            "points": {
                "exterior": [
                    [
                        530,
                        118
                    ],
                    [
                        815,
                        260
                    ]
                ],
                "interior": []
            }
        }
    ]
}