{
    "description": "",
    "tags": [
        {
            "id": 21889084,
            "tagId": 32512,
            "name": "sequence",
            "value": "0019",
            "labelerLogin": "inbox@datasetninja.com",
            "createdAt": "2024-03-12T16:00:54.110Z",
            "updatedAt": "2024-03-12T16:00:54.110Z"
        }
    ],
    "size": {
        "height": 374,
        "width": 1238
    },
    "objects": [
        {
            "id": 159634400,
            "classId": 6551257,
            "objectId": null,
            "description": "",
            "geometryType": "polygon",
            "labelerLogin": "inbox@datasetninja.com",
            "createdAt": "2024-03-12T16:00:54.113Z",
            "updatedAt": "2024-03-12T16:00:54.113Z",
            "tags": [
                {
                    "id": 122121777,
                    "tagId": 32511,
                    "name": "object id",
                    "value": 2047,
                    "labelerLogin": "inbox@datasetninja.com",
                    "createdAt": "2024-03-12T16:00:54.112Z",
                    "updatedAt": "2024-03-12T16:00:54.112Z"
                },
                {
                    "id": 122121778,
                    "tagId": 32513,
                    "name": "instance id",
                    "value": 47,
                    "labelerLogin": "inbox@datasetninja.com",
                    "createdAt": "2024-03-12T16:00:54.112Z",
                    "updatedAt": "2024-03-12T16:00:54.112Z"
                }
            ],
            "classTitle": "pedestrian",
            "points": {
                "exterior": [
                    [
                        664,
                        177
                    ],
                    [
                        664,
                        179
                    ],
                    [
                        663,
                        180
                    ],
                    [
                        663,
                        181
                    ],
                    [
                        662,
                        182
                    ],
                    [
                        662,
                        184
                    ],
                    [
                        659,
                        187
                    ],
                    [
                        659,
                        189
                    ],
                    [
                        658,
                        190
                    ],
                    [
                        658,
                        196
                    ],
                    [
                        657,
                        197
                    ],
                    [
                        658,
                        198
                    ],
                    [
                        658,
                        202
                    ],
                    [
                        659,
                        203
                    ],
                    [
                        659,
                        205
                    ],
                    [
                        661,
                        207
                    ],
                    [
                        661,
                        213
                    ],
                    [
                        662,
                        214
                    ],
                    [
                        662,
                        227
                    ],
                    [
                        663,
                        228
                    ],
                    [
                        663,
                        232
                    ],
                    [
                        664,
                        233
                    ],
                    [
                        669,
                        233
                    ],
                    [
                        670,
                        232
                    ],
                    [
                        673,
                        232
                    ],
                    [
                        674,
                        231
                    ],
                    [
                        675,
                        231
                    ],
                    [
                        676,
                        230
                    ],
                    [
                        676,
                        229
                    ],
                    [
                        675,
                        228
                    ],
                    [
                        675,
                        213
                    ],
                    [
                        676,
                        212
                    ],
                    [
                        676,
                        211
                    ],
                    [
                        677,
                        210
                    ],
                    [
                        677,
                        205
                    ],
                    [
                        676,
                        204
                    ],
                    [
                        676,
                        195
                    ],
                    [
                        675,
                        194
                    ],
                    [
                        675,
                        187
                    ],
                    [
                        674,
                        186
                    ],
                    [
                        674,
                        185
                    ],
                    [
                        673,
                        184
                    ],
                    [
                        673,
                        183
                    ],
                    [
                        671,
                        181
                    ],
                    [
                        671,
                        180
                    ],
                    [
                        670,
                        179
                    ],
                    [
                        670,
                        178
                    ],
                    [
                        669,
                        177
                    ]
                ],
                "interior": []
            }
        },
        {
            "id": 159634401,
            "classId": 6551257,
            "objectId": null,
            "description": "",
            "geometryType": "rectangle",
            "labelerLogin": "inbox@datasetninja.com",
            "createdAt": "2024-03-12T16:00:54.114Z",
            "updatedAt": "2024-03-12T16:00:54.114Z",
            "tags": [
                {
                    "id": 122121779,
                    "tagId": 32511,
                    "name": "object id",
                    "value": 2047,
                    "labelerLogin": "inbox@datasetninja.com",
                    "createdAt": "2024-03-12T16:00:54.113Z",
                    "updatedAt": "2024-03-12T16:00:54.113Z"
                },
                {
                    "id": 122121780,
                    "tagId": 32513,
                    "name": "instance id",
                    "value": 47,
                    "labelerLogin": "inbox@datasetninja.com",
                    "createdAt": "2024-03-12T16:00:54.113Z",
                    "updatedAt": "2024-03-12T16:00:54.113Z"
                }
            ],
            "classTitle": "pedestrian",
            "points": {
                "exterior": [
                    [
                        657,
                        177
                    ],
                    [
                        677,
                        233
                    ]
                ],
                "interior": []
            }
        },
        {
            "id": 159634402,
            "classId": 6551257,
            "objectId": null,
            "description": "",
            "geometryType": "polygon",
            "labelerLogin": "inbox@datasetninja.com",
            "createdAt": "2024-03-12T16:00:54.115Z",
            "updatedAt": "2024-03-12T16:00:54.115Z",
            "tags": [
                {
                    "id": 122121781,
                    "tagId": 32511,
                    "name": "object id",
                    "value": 2048,
                    "labelerLogin": "inbox@datasetninja.com",
                    "createdAt": "2024-03-12T16:00:54.114Z",
                    "updatedAt": "2024-03-12T16:00:54.114Z"
                },
                {
                    "id": 122121782,
                    "tagId": 32513,
                    "name": "instance id",
                    "value": 48,
                    "labelerLogin": "inbox@datasetninja.com",
                    "createdAt": "2024-03-12T16:00:54.114Z",
                    "updatedAt": "2024-03-12T16:00:54.114Z"
                }
            ],
            "classTitle": "pedestrian",
            "points": {
                "exterior": [
                    [
                        688,
                        176
                    ],
                    [
                        688,
                        177
                    ],
                    [
                        687,
                        178
                    ],
                    [
                        687,
                        183
                    ],
                    [
                        686,
                        184
                    ],
                    [
                        686,
                        185
                    ],
                    [
                        684,
                        187
                    ],
                    [
                        683,
                        187
                    ],
                    [
                        683,
                        188
                    ],
                    [
                        681,
                        190
                    ],
                    [
                        681,
                        194
                    ],
                    [
                        680,
                        195
                    ],
                    [
                        680,
                        197
                    ],
                    [
                        681,
                        198
                    ],
                    [
                        681,
                        201
                    ],
                    [
                        682,
                        202
                    ],
                    [
                        682,
                        203
                    ],
                    [
                        683,
                        204
                    ],
                    [
                        683,
                        205
                    ],
                    [
                        684,
                        206
                    ],
                    [
                        684,
                        208
                    ],
                    [
                        685,
                        209
                    ],
                    [
                        685,
                        214
                    ],
                    [
                        686,
                        215
                    ],
                    [
                        686,
                        217
                    ],
                    [
                        687,
                        218
                    ],
                    [
                        687,
                        222
                    ],
                    [
                        688,
                        223
                    ],
                    [
                        688,
                        232
                    ],
                    [
                        689,
                        233
                    ],
                    [
                        694,
                        233
                    ],
                    [
                        695,
                        232
                    ],
                    [
                        696,
                        232
                    ],
                    [
                        696,
                        221
                    ],
                    [
                        697,
                        220
                    ],
                    [
                        697,
                        217
                    ],
                    [
                        698,
                        216
                    ],
                    [
                        698,
                        215
                    ],
                    [
                        700,
                        213
                    ],
                    [
                        700,
                        212
                    ],
                    [
                        701,
                        211
                    ],
                    [
                        701,
                        210
                    ],
                    [
                        702,
                        209
                    ],
                    [
                        702,
                        201
                    ],
                    [
                        701,
                        200
                    ],
                    [
                        701,
                        192
                    ],
                    [
                        700,
                        191
                    ],
                    [
                        700,
                        188
                    ],
                    [
                        699,
                        187
                    ],
                    [
                        698,
                        187
                    ],
                    [
                        696,
                        185
                    ],
                    [
                        696,
                        184
                    ],
                    [
                        694,
                        182
                    ],
                    [
                        694,
                        180
                    ],
                    [
                        693,
                        179
                    ],
                    [
                        693,
                        177
                    ],
                    [
                        692,
                        176
                    ]
                ],
                "interior": []
            }
        },
        {
            "id": 159634403,
            "classId": 6551257,
            "objectId": null,
            "description": "",
            "geometryType": "rectangle",
            "labelerLogin": "inbox@datasetninja.com",
            "createdAt": "2024-03-12T16:00:54.116Z",
            "updatedAt": "2024-03-12T16:00:54.116Z",
            "tags": [
                {
                    "id": 122121783,
                    "tagId": 32511,
                    "name": "object id",
                    "value": 2048,
                    "labelerLogin": "inbox@datasetninja.com",
                    "createdAt": "2024-03-12T16:00:54.116Z",
                    "updatedAt": "2024-03-12T16:00:54.116Z"
                },
                {
                    "id": 122121784,
                    "tagId": 32513,
                    "name": "instance id",
                    "value": 48,
                    "labelerLogin": "inbox@datasetninja.com",
                    "createdAt": "2024-03-12T16:00:54.116Z",
                    "updatedAt": "2024-03-12T16:00:54.116Z"
                }
            ],
            "classTitle": "pedestrian",
            "points": {
                "exterior": [
                    [
                        680,
                        176
                    ],
                    [
                        702,
                        233
                    ]
                ],
                "interior": []
            }
        },
        {
            "id": 159634404,
            "classId": 6551257,
            "objectId": null,
            "description": "",
            "geometryType": "polygon",
            "labelerLogin": "inbox@datasetninja.com",
            "createdAt": "2024-03-12T16:00:54.118Z",
            "updatedAt": "2024-03-12T16:00:54.118Z",
            "tags": [
                {
                    "id": 122121785,
                    "tagId": 32511,
                    "name": "object id",
                    "value": 2049,
                    "labelerLogin": "inbox@datasetninja.com",
                    "createdAt": "2024-03-12T16:00:54.117Z",
                    "updatedAt": "2024-03-12T16:00:54.117Z"
                },
                {
                    "id": 122121786,
                    "tagId": 32513,
                    "name": "instance id",
                    "value": 49,
                    "labelerLogin": "inbox@datasetninja.com",
                    "createdAt": "2024-03-12T16:00:54.117Z",
                    "updatedAt": "2024-03-12T16:00:54.117Z"
                }
            ],
            "classTitle": "pedestrian",
            "points": {
                "exterior": [
                    [
                        508,
                        172
                    ],
                    [
                        506,
                        174
                    ],
                    [
                        506,
                        178
                    ],
                    [
                        507,
                        179
                    ],
                    [
                        507,
                        181
                    ],
                    [
                        505,
                        183
                    ],
                    [
                        504,
                        183
                    ],
                    [
                        503,
                        184
                    ],
                    [
                        503,
                        185
                    ],
                    [
                        502,
                        186
                    ],
                    [
                        502,
                        187
                    ],
                    [
                        501,
                        188
                    ],
                    [
                        500,
                        188
                    ],
                    [
                        500,
                        192
                    ],
                    [
                        501,
                        193
                    ],
                    [
                        501,
                        194
                    ],
                    [
                        502,
                        195
                    ],
                    [
                        502,
                        198
                    ],
                    [
                        503,
                        199
                    ],
                    [
                        503,
                        201
                    ],
                    [
                        505,
                        203
                    ],
                    [
                        505,
                        208
                    ],
                    [
                        506,
                        209
                    ],
                    [
                        506,
                        211
                    ],
                    [
                        507,
                        212
                    ],
                    [
                        507,
                        220
                    ],
                    [
                        508,
                        221
                    ],
                    [
                        507,
                        222
                    ],
                    [
                        507,
                        231
                    ],
                    [
                        508,
                        232
                    ],
                    [
                        510,
                        232
                    ],
                    [
                        511,
                        231
                    ],
                    [
                        511,
                        228
                    ],
                    [
                        512,
                        227
                    ],
                    [
                        511,
                        226
                    ],
                    [
                        511,
                        219
                    ],
                    [
                        512,
                        218
                    ],
                    [
                        513,
                        218
                    ],
                    [
                        515,
                        220
                    ],
                    [
                        515,
                        222
                    ],
                    [
                        514,
                        223
                    ],
                    [
                        515,
                        224
                    ],
                    [
                        515,
                        225
                    ],
                    [
                        514,
                        226
                    ],
                    [
                        514,
                        228
                    ],
                    [
                        515,
                        229
                    ],
                    [
                        515,
                        230
                    ],
                    [
                        518,
                        230
                    ],
                    [
                        519,
                        229
                    ],
                    [
                        519,
                        228
                    ],
                    [
                        520,
                        227
                    ],
                    [
                        519,
                        226
                    ],
                    [
                        519,
                        214
                    ],
                    [
                        518,
                        213
                    ],
                    [
                        518,
                        211
                    ],
                    [
                        517,
                        210
                    ],
                    [
                        516,
                        211
                    ],
                    [
                        513,
                        211
                    ],
                    [
                        512,
                        210
                    ],
                    [
                        512,
                        209
                    ],
                    [
                        511,
                        208
                    ],
                    [
                        511,
                        205
                    ],
                    [
                        509,
                        203
                    ],
                    [
                        509,
                        199
                    ],
                    [
                        510,
                        198
                    ],
                    [
                        510,
                        197
                    ],
                    [
                        511,
                        196
                    ],
                    [
                        513,
                        196
                    ],
                    [
                        514,
                        195
                    ],
                    [
                        516,
                        195
                    ],
                    [
                        516,
                        193
                    ],
                    [
                        517,
                        192
                    ],
                    [
                        518,
                        192
                    ],
                    [
                        520,
                        194
                    ],
                    [
                        520,
                        195
                    ],
                    [
                        521,
                        196
                    ],
                    [
                        521,
                        197
                    ],
                    [
                        522,
                        198
                    ],
                    [
                        522,
                        199
                    ],
                    [
                        523,
                        200
                    ],
                    [
                        523,
                        201
                    ],
                    [
                        524,
                        202
                    ],
                    [
                        524,
                        203
                    ],
                    [
                        526,
                        201
                    ],
                    [
                        525,
                        200
                    ],
                    [
                        525,
                        198
                    ],
                    [
                        524,
                        197
                    ],
                    [
                        524,
                        194
                    ],
                    [
                        523,
                        193
                    ],
                    [
                        523,
                        192
                    ],
                    [
                        522,
                        191
                    ],
                    [
                        522,
                        189
                    ],
                    [
                        520,
                        187
                    ],
                    [
                        520,
                        186
                    ],
                    [
                        518,
                        184
                    ],
                    [
                        518,
                        183
                    ],
                    [
                        516,
                        181
                    ],
                    [
                        516,
                        179
                    ],
                    [
                        515,
                        178
                    ],
                    [
                        515,
                        176
                    ],
                    [
                        514,
                        175
                    ],
                    [
                        514,
                        173
                    ],
                    [
                        513,
                        173
                    ],
                    [
                        512,
                        172
                    ]
                ],
                "interior": []
            }
        },
        {
            "id": 159634405,
            "classId": 6551257,
            "objectId": null,
            "description": "",
            "geometryType": "rectangle",
            "labelerLogin": "inbox@datasetninja.com",
            "createdAt": "2024-03-12T16:00:54.121Z",
            "updatedAt": "2024-03-12T16:00:54.121Z",
            "tags": [
                {
                    "id": 122121787,
                    "tagId": 32511,
                    "name": "object id",
                    "value": 2049,
                    "labelerLogin": "inbox@datasetninja.com",
                    "createdAt": "2024-03-12T16:00:54.119Z",
                    "updatedAt": "2024-03-12T16:00:54.119Z"
                },
                {
                    "id": 122121788,
                    "tagId": 32513,
                    "name": "instance id",
                    "value": 49,
                    "labelerLogin": "inbox@datasetninja.com",
                    "createdAt": "2024-03-12T16:00:54.119Z",
                    "updatedAt": "2024-03-12T16:00:54.119Z"
                }
            ],
            "classTitle": "pedestrian",
            "points": {
                "exterior": [
                    [
                        500,
                        172
                    ],
                    [
                        526,
                        232
                    ]
                ],
                "interior": []
            }
        },
        {
            "id": 159634406,
            "classId": 6551259,
            "objectId": null,
            "description": "",
            "geometryType": "polygon",
            "labelerLogin": "inbox@datasetninja.com",
            "createdAt": "2024-03-12T16:00:54.122Z",
            "updatedAt": "2024-03-12T16:00:54.122Z",
            "tags": [],
            "classTitle": "ignore region",
            "points": {
                "exterior": [
                    [
                        197,
                        189
                    ],
                    [
                        197,
                        258
                    ],
                    [
                        272,
                        258
                    ],
                    [
                        272,
                        189
                    ]
                ],
                "interior": []
            }
        },
        {
            "id": 159634407,
            "classId": 6551259,
            "objectId": null,
            "description": "",
            "geometryType": "rectangle",
            "labelerLogin": "inbox@datasetninja.com",
            "createdAt": "2024-03-12T16:00:54.123Z",
            "updatedAt": "2024-03-12T16:00:54.123Z",
            "tags": [],
            "classTitle": "ignore region",
            "points": {
                "exterior": [
                    [
                        197,
                        189
                    ],
                    [
                        272,
                        258
                    ]
                ],
                "interior": []
            }
        },
        {
            "id": 159634408,
            "classId": 6551259,
            "objectId": null,
            "description": "",
            "geometryType": "polygon",
            "labelerLogin": "inbox@datasetninja.com",
            "createdAt": "2024-03-12T16:00:54.124Z",
            "updatedAt": "2024-03-12T16:00:54.124Z",
            "tags": [],
            "classTitle": "ignore region",
            "points": {
                "exterior": [
                    [
                        786,
                        171
                    ],
                    [
                        786,
                        323
                    ],
                    [
                        956,
                        323
                    ],
                    [
                        956,
                        171
                    ]
                ],
                "interior": []
            }
        },
        {
            "id": 159634409,
            "classId": 6551259,
            "objectId": null,
            "description": "",
            "geometryType": "rectangle",
            "labelerLogin": "inbox@datasetninja.com",
            "createdAt": "2024-03-12T16:00:54.124Z",
            "updatedAt": "2024-03-12T16:00:54.124Z",
            "tags": [],
            "classTitle": "ignore region",
            "points": {
                "exterior": [
                    [
                        786,
                        171
                    ],
                    [
                        956,
                        323
                    ]
                ],
                "interior": []
            }
        },
        {
            "id": 159634410,
            "classId": 6551259,
            "objectId": null,
            "description": "",
            "geometryType": "polygon",
            "labelerLogin": "inbox@datasetninja.com",
            "createdAt": "2024-03-12T16:00:54.125Z",
            "updatedAt": "2024-03-12T16:00:54.125Z",
            "tags": [],
            "classTitle": "ignore region",
            "points": {
                "exterior": [
                    [
                        323,
                        171
                    ],
                    [
                        323,
                        224
                    ],
                    [
                        477,
                        224
                    ],
                    [
                        477,
                        171
                    ]
                ],
                "interior": []
            }
        },
        {
            "id": 159634411,
            "classId": 6551259,
            "objectId": null,
            "description": "",
            "geometryType": "rectangle",
            "labelerLogin": "inbox@datasetninja.com",
            "createdAt": "2024-03-12T16:00:54.127Z",
            "updatedAt": "2024-03-12T16:00:54.127Z",
            "tags": [],
            "classTitle": "ignore region",
            "points": {
                "exterior": [
                    [
                        323,
                        171
                    ],
                    [
                        477,
                        224
                    ]
                ],
                "interior": []
            }
        },
        {
            "id": 159634412,
            "classId": 6551259,
            "objectId": null,
            "description": "",
            "geometryType": "polygon",
            "labelerLogin": "inbox@datasetninja.com",
            "createdAt": "2024-03-12T16:00:54.127Z",
            "updatedAt": "2024-03-12T16:00:54.127Z",
            "tags": [],
            "classTitle": "ignore region",
            "points": {
                "exterior": [
                    [
                        562,
                        169
                    ],
                    [
                        562,
                        216
                    ],
                    [
                        661,
                        216
                    ],
                    [
                        661,
                        214
                    ],
                    [
                        660,
                        213
                    ],
                    [
                        660,
                        207
                    ],
                    [
                        658,
                        205
                    ],
                    [
                        658,
                        203
                    ],
                    [
                        657,
                        202
                    ],
                    [
                        657,
                        198
                    ],
                    [
                        656,
                        197
                    ],
                    [
                        657,
                        196
                    ],
                    [
                        657,
                        190
                    ],
                    [
                        658,
                        189
                    ],
                    [
                        658,
                        187
                    ],
                    [
                        661,
                        184
                    ],
                    [
                        661,
                        182
                    ],
                    [
                        662,
                        181
                    ],
                    [
                        662,
                        180
                    ],
                    [
                        663,
                        179
                    ],
                    [
                        663,
                        177
                    ],
                    [
                        664,
                        176
                    ],
                    [
                        669,
                        176
                    ],
                    [
                        671,
                        178
                    ],
                    [
                        671,
                        179
                    ],
                    [
                        672,
                        180
                    ],
                    [
                        672,
                        181
                    ],
                    [
                        674,
                        183
                    ],
                    [
                        674,
                        184
                    ],
                    [
                        675,
                        185
                    ],
                    [
                        675,
                        186
                    ],
                    [
                        676,
                        187
                    ],
                    [
                        676,
                        194
                    ],
                    [
                        677,
                        195
                    ],
                    [
                        677,
                        204
                    ],
                    [
                        678,
                        205
                    ],
                    [
                        678,
                        210
                    ],
                    [
                        677,
                        211
                    ],
                    [
                        677,
                        212
                    ],
                    [
                        676,
                        213
                    ],
                    [
                        676,
                        216
                    ],
                    [
                        685,
                        216
                    ],
                    [
                        685,
                        215
                    ],
                    [
                        684,
                        214
                    ],
                    [
                        684,
                        209
                    ],
                    [
                        683,
                        208
                    ],
                    [
                        683,
                        206
                    ],
                    [
                        682,
                        205
                    ],
                    [
                        682,
                        204
                    ],
                    [
                        681,
                        203
                    ],
                    [
                        681,
                        202
                    ],
                    [
                        680,
                        201
                    ],
                    [
                        680,
                        198
                    ],
                    [
                        679,
                        197
                    ],
                    [
                        679,
                        195
                    ],
                    [
                        680,
                        194
                    ],
                    [
                        680,
                        190
                    ],
                    [
                        682,
                        188
                    ],
                    [
                        682,
                        187
                    ],
                    [
                        683,
                        186
                    ],
                    [
                        684,
                        186
                    ],
                    [
                        685,
                        185
                    ],
                    [
                        685,
                        184
                    ],
                    [
                        686,
                        183
                    ],
                    [
                        686,
                        178
                    ],
                    [
                        687,
                        177
                    ],
                    [
                        687,
                        176
                    ],
                    [
                        688,
                        175
                    ],
                    [
                        692,
                        175
                    ],
                    [
                        694,
                        177
                    ],
                    [
                        694,
                        179
                    ],
                    [
                        695,
                        180
                    ],
                    [
                        695,
                        182
                    ],
                    [
                        697,
                        184
                    ],
                    [
                        697,
                        185
                    ],
                    [
                        698,
                        186
                    ],
                    [
                        699,
                        186
                    ],
                    [
                        701,
                        188
                    ],
                    [
                        701,
                        191
                    ],
                    [
                        702,
                        192
                    ],
                    [
                        702,
                        200
                    ],
                    [
                        703,
                        201
                    ],
                    [
                        703,
                        209
                    ],
                    [
                        702,
                        210
                    ],
                    [
                        702,
                        211
                    ],
                    [
                        701,
                        212
                    ],
                    [
                        701,
                        213
                    ],
                    [
                        699,
                        215
                    ],
                    [
                        699,
                        216
                    ],
                    [
                        734,
                        216
                    ],
                    [
                        734,
                        169
                    ]
                ],
                "interior": []
            }
        },
        {
            "id": 159634413,
            "classId": 6551259,
            "objectId": null,
            "description": "",
            "geometryType": "rectangle",
            "labelerLogin": "inbox@datasetninja.com",
            "createdAt": "2024-03-12T16:00:54.128Z",
            "updatedAt": "2024-03-12T16:00:54.128Z",
            "tags": [],
            "classTitle": "ignore region",
            "points": {
                "exterior": [
                    [
                        562,
                        169
                    ],
                    [
                        734,
                        216
                    ]
                ],
                "interior": []
            }
        },
        {
            "id": 159634414,
            "classId": 6551259,
            "objectId": null,
            "description": "",
            "geometryType": "polygon",
            "labelerLogin": "inbox@datasetninja.com",
            "createdAt": "2024-03-12T16:00:54.129Z",
            "updatedAt": "2024-03-12T16:00:54.129Z",
            "tags": [],
            "classTitle": "ignore region",
            "points": {
                "exterior": [
                    [
                        1023,
                        147
                    ],
                    [
                        1023,
                        327
                    ],
                    [
                        1180,
                        327
                    ],
                    [
                        1180,
                        147
                    ]
                ],
                "interior": []
            }
        },
        {
            "id": 159634415,
            "classId": 6551259,
            "objectId": null,
            "description": "",
            "geometryType": "rectangle",
            "labelerLogin": "inbox@datasetninja.com",
            "createdAt": "2024-03-12T16:00:54.129Z",
            "updatedAt": "2024-03-12T16:00:54.129Z",
            "tags": [],
            "classTitle": "ignore region",
            "points": {
                "exterior": [
                    [
                        1023,
                        147
                    ],
                    [
                        1180,
                        327
                    ]
                ],
                "interior": []
            }
        }
    ]
}