{
    "description": "",
    "tags": [
        {
            "id": 21889083,
            "tagId": 32512,
            "name": "sequence",
            "value": "0019",
            "labelerLogin": "inbox@datasetninja.com",
            "createdAt": "2024-03-12T16:00:54.110Z",
            "updatedAt": "2024-03-12T16:00:54.110Z"
        }
    ],
    "size": {
        "height": 374,
        "width": 1238
    },
    "objects": [
        {
            "id": 159634388,
            "classId": 6551258,
            "objectId": null,
            "description": "",
            "geometryType": "polygon",
            "labelerLogin": "inbox@datasetninja.com",
            "createdAt": "2024-03-12T16:00:54.113Z",
            "updatedAt": "2024-03-12T16:00:54.113Z",
            "tags": [
                {
                    "id": 122121765,
                    "tagId": 32511,
                    "name": "object id",
                    "value": 1003,
                    "labelerLogin": "inbox@datasetninja.com",
                    "createdAt": "2024-03-12T16:00:54.112Z",
                    "updatedAt": "2024-03-12T16:00:54.112Z"
                },
                {
                    "id": 122121766,
                    "tagId": 32513,
                    "name": "instance id",
                    "value": 3,
                    "labelerLogin": "inbox@datasetninja.com",
                    "createdAt": "2024-03-12T16:00:54.112Z",
                    "updatedAt": "2024-03-12T16:00:54.112Z"
                }
            ],
            "classTitle": "car",
            "points": {
                "exterior": [
                    [
                        462,
                        189
                    ],
                    [
                        461,
                        190
                    ],
                    [
                        422,
                        190
                    ],
                    [
                        421,
                        191
                    ],
                    [
                        417,
                        191
                    ],
                    [
                        416,
                        192
                    ],
                    [
                        415,
                        192
                    ],
                    [
                        412,
                        195
                    ],
                    [
                        410,
                        195
                    ],
                    [
                        410,
                        196
                    ],
                    [
                        409,
                        197
                    ],
                    [
                        407,
                        197
                    ],
                    [
                        406,
                        198
                    ],
                    [
                        405,
                        198
                    ],
                    [
                        405,
                        199
                    ],
                    [
                        404,
                        200
                    ],
                    [
                        403,
                        200
                    ],
                    [
                        401,
                        202
                    ],
                    [
                        400,
                        202
                    ],
                    [
                        400,
                        203
                    ],
                    [
                        395,
                        208
                    ],
                    [
                        395,
                        209
                    ],
                    [
                        392,
                        212
                    ],
                    [
                        392,
                        213
                    ],
                    [
                        390,
                        215
                    ],
                    [
                        390,
                        216
                    ],
                    [
                        387,
                        219
                    ],
                    [
                        386,
                        219
                    ],
                    [
                        386,
                        221
                    ],
                    [
                        376,
                        231
                    ],
                    [
                        373,
                        231
                    ],
                    [
                        372,
                        232
                    ],
                    [
                        366,
                        232
                    ],
                    [
                        365,
                        233
                    ],
                    [
                        363,
                        233
                    ],
                    [
                        362,
                        234
                    ],
                    [
                        362,
                        237
                    ],
                    [
                        363,
                        238
                    ],
                    [
                        364,
                        238
                    ],
                    [
                        366,
                        240
                    ],
                    [
                        366,
                        243
                    ],
                    [
                        359,
                        250
                    ],
                    [
                        358,
                        250
                    ],
                    [
                        355,
                        253
                    ],
                    [
                        354,
                        253
                    ],
                    [
                        349,
                        258
                    ],
                    [
                        348,
                        258
                    ],
                    [
                        348,
                        259
                    ],
                    [
                        345,
                        262
                    ],
                    [
                        344,
                        262
                    ],
                    [
                        338,
                        268
                    ],
                    [
                        337,
                        268
                    ],
                    [
                        337,
                        270
                    ],
                    [
                        335,
                        272
                    ],
                    [
                        335,
                        273
                    ],
                    [
                        334,
                        274
                    ],
                    [
                        333,
                        274
                    ],
                    [
                        333,
                        276
                    ],
                    [
                        332,
                        277
                    ],
                    [
                        332,
                        282
                    ],
                    [
                        331,
                        283
                    ],
                    [
                        331,
                        288
                    ],
                    [
                        330,
                        289
                    ],
                    [
                        330,
                        291
                    ],
                    [
                        329,
                        292
                    ],
                    [
                        329,
                        307
                    ],
                    [
                        330,
                        308
                    ],
                    [
                        330,
                        312
                    ],
                    [
                        331,
                        313
                    ],
                    [
                        331,
                        317
                    ],
                    [
                        332,
                        318
                    ],
                    [
                        332,
                        326
                    ],
                    [
                        333,
                        327
                    ],
                    [
                        334,
                        327
                    ],
                    [
                        337,
                        330
                    ],
                    [
                        337,
                        331
                    ],
                    [
                        338,
                        332
                    ],
                    [
                        339,
                        332
                    ],
                    [
                        341,
                        334
                    ],
                    [
                        343,
                        334
                    ],
                    [
                        344,
                        335
                    ],
                    [
                        346,
                        335
                    ],
                    [
                        347,
                        336
                    ],
                    [
                        349,
                        336
                    ],
                    [
                        350,
                        335
                    ],
                    [
                        354,
                        335
                    ],
                    [
                        355,
                        334
                    ],
                    [
                        360,
                        334
                    ],
                    [
                        362,
                        332
                    ],
                    [
                        365,
                        332
                    ],
                    [
                        366,
                        331
                    ],
                    [
                        382,
                        331
                    ],
                    [
                        383,
                        332
                    ],
                    [
                        439,
                        332
                    ],
                    [
                        440,
                        331
                    ],
                    [
                        457,
                        331
                    ],
                    [
                        458,
                        330
                    ],
                    [
                        467,
                        330
                    ],
                    [
                        468,
                        329
                    ],
                    [
                        477,
                        329
                    ],
                    [
                        478,
                        328
                    ],
                    [
                        483,
                        328
                    ],
                    [
                        484,
                        329
                    ],
                    [
                        486,
                        329
                    ],
                    [
                        488,
                        331
                    ],
                    [
                        489,
                        331
                    ],
                    [
                        490,
                        332
                    ],
                    [
                        491,
                        332
                    ],
                    [
                        492,
                        333
                    ],
                    [
                        492,
                        334
                    ],
                    [
                        503,
                        334
                    ],
                    [
                        504,
                        333
                    ],
                    [
                        505,
                        333
                    ],
                    [
                        506,
                        332
                    ],
                    [
                        507,
                        332
                    ],
                    [
                        508,
                        331
                    ],
                    [
                        509,
                        331
                    ],
                    [
                        509,
                        330
                    ],
                    [
                        510,
                        329
                    ],
                    [
                        510,
                        327
                    ],
                    [
                        511,
                        326
                    ],
                    [
                        511,
                        321
                    ],
                    [
                        512,
                        320
                    ],
                    [
                        512,
                        315
                    ],
                    [
                        513,
                        314
                    ],
                    [
                        513,
                        309
                    ],
                    [
                        514,
                        308
                    ],
                    [
                        514,
                        305
                    ],
                    [
                        515,
                        304
                    ],
                    [
                        515,
                        299
                    ],
                    [
                        516,
                        298
                    ],
                    [
                        516,
                        297
                    ],
                    [
                        518,
                        295
                    ],
                    [
                        518,
                        294
                    ],
                    [
                        519,
                        293
                    ],
                    [
                        519,
                        292
                    ],
                    [
                        523,
                        288
                    ],
                    [
                        524,
                        288
                    ],
                    [
                        525,
                        287
                    ],
                    [
                        526,
                        288
                    ],
                    [
                        527,
                        288
                    ],
                    [
                        528,
                        289
                    ],
                    [
                        529,
                        289
                    ],
                    [
                        530,
                        290
                    ],
                    [
                        532,
                        290
                    ],
                    [
                        533,
                        289
                    ],
                    [
                        534,
                        289
                    ],
                    [
                        534,
                        287
                    ],
                    [
                        535,
                        286
                    ],
                    [
                        535,
                        270
                    ],
                    [
                        536,
                        269
                    ],
                    [
                        536,
                        265
                    ],
                    [
                        537,
                        264
                    ],
                    [
                        537,
                        243
                    ],
                    [
                        536,
                        242
                    ],
                    [
                        536,
                        240
                    ],
                    [
                        535,
                        239
                    ],
                    [
                        535,
                        237
                    ],
                    [
                        534,
                        236
                    ],
                    [
                        534,
                        228
                    ],
                    [
                        533,
                        227
                    ],
                    [
                        533,
                        225
                    ],
                    [
                        532,
                        224
                    ],
                    [
                        532,
                        222
                    ],
                    [
                        531,
                        221
                    ],
                    [
                        531,
                        220
                    ],
                    [
                        530,
                        219
                    ],
                    [
                        530,
                        218
                    ],
                    [
                        529,
                        217
                    ],
                    [
                        529,
                        216
                    ],
                    [
                        528,
                        215
                    ],
                    [
                        528,
                        214
                    ],
                    [
                        527,
                        213
                    ],
                    [
                        527,
                        212
                    ],
                    [
                        526,
                        211
                    ],
                    [
                        526,
                        210
                    ],
                    [
                        524,
                        208
                    ],
                    [
                        524,
                        207
                    ],
                    [
                        523,
                        206
                    ],
                    [
                        523,
                        205
                    ],
                    [
                        522,
                        204
                    ],
                    [
                        522,
                        203
                    ],
                    [
                        520,
                        201
                    ],
                    [
                        520,
                        200
                    ],
                    [
                        519,
                        199
                    ],
                    [
                        519,
                        198
                    ],
                    [
                        515,
                        194
                    ],
                    [
                        515,
                        193
                    ],
                    [
                        511,
                        193
                    ],
                    [
                        510,
                        192
                    ],
                    [
                        510,
                        191
                    ],
                    [
                        506,
                        191
                    ],
                    [
                        505,
                        190
                    ],
                    [
                        484,
                        190
                    ],
                    [
                        483,
                        189
                    ],
                    [
                        482,
                        189
                    ],
                    [
                        481,
                        190
                    ],
                    [
                        475,
                        190
                    ],
                    [
                        474,
                        189
                    ]
                ],
                "interior": []
            }
        },
        {
            "id": 159634389,
            "classId": 6551258,
            "objectId": null,
            "description": "",
            "geometryType": "rectangle",
            "labelerLogin": "inbox@datasetninja.com",
            "createdAt": "2024-03-12T16:00:54.114Z",
            "updatedAt": "2024-03-12T16:00:54.114Z",
            "tags": [
                {
                    "id": 122121767,
                    "tagId": 32511,
                    "name": "object id",
                    "value": 1003,
                    "labelerLogin": "inbox@datasetninja.com",
                    "createdAt": "2024-03-12T16:00:54.113Z",
                    "updatedAt": "2024-03-12T16:00:54.113Z"
                },
                {
                    "id": 122121768,
                    "tagId": 32513,
                    "name": "instance id",
                    "value": 3,
                    "labelerLogin": "inbox@datasetninja.com",
                    "createdAt": "2024-03-12T16:00:54.113Z",
                    "updatedAt": "2024-03-12T16:00:54.113Z"
                }
            ],
            "classTitle": "car",
            "points": {
                "exterior": [
                    [
                        329,
                        189
                    ],
                    [
                        537,
                        336
                    ]
                ],
                "interior": []
            }
        },
        {
            "id": 159634390,
            "classId": 6551257,
            "objectId": null,
            "description": "",
            "geometryType": "polygon",
            "labelerLogin": "inbox@datasetninja.com",
            "createdAt": "2024-03-12T16:00:54.115Z",
            "updatedAt": "2024-03-12T16:00:54.115Z",
            "tags": [
                {
                    "id": 122121769,
                    "tagId": 32511,
                    "name": "object id",
                    "value": 2004,
                    "labelerLogin": "inbox@datasetninja.com",
                    "createdAt": "2024-03-12T16:00:54.114Z",
                    "updatedAt": "2024-03-12T16:00:54.114Z"
                },
                {
                    "id": 122121770,
                    "tagId": 32513,
                    "name": "instance id",
                    "value": 4,
                    "labelerLogin": "inbox@datasetninja.com",
                    "createdAt": "2024-03-12T16:00:54.114Z",
                    "updatedAt": "2024-03-12T16:00:54.114Z"
                }
            ],
            "classTitle": "pedestrian",
            "points": {
                "exterior": [
                    [
                        771,
                        166
                    ],
                    [
                        768,
                        169
                    ],
                    [
                        768,
                        173
                    ],
                    [
                        767,
                        174
                    ],
                    [
                        767,
                        180
                    ],
                    [
                        766,
                        181
                    ],
                    [
                        766,
                        182
                    ],
                    [
                        765,
                        183
                    ],
                    [
                        764,
                        183
                    ],
                    [
                        763,
                        184
                    ],
                    [
                        762,
                        184
                    ],
                    [
                        762,
                        185
                    ],
                    [
                        761,
                        186
                    ],
                    [
                        761,
                        187
                    ],
                    [
                        759,
                        189
                    ],
                    [
                        759,
                        193
                    ],
                    [
                        758,
                        194
                    ],
                    [
                        758,
                        198
                    ],
                    [
                        757,
                        199
                    ],
                    [
                        757,
                        204
                    ],
                    [
                        756,
                        205
                    ],
                    [
                        756,
                        207
                    ],
                    [
                        755,
                        208
                    ],
                    [
                        755,
                        211
                    ],
                    [
                        753,
                        213
                    ],
                    [
                        753,
                        216
                    ],
                    [
                        757,
                        216
                    ],
                    [
                        758,
                        215
                    ],
                    [
                        759,
                        215
                    ],
                    [
                        760,
                        216
                    ],
                    [
                        760,
                        217
                    ],
                    [
                        761,
                        218
                    ],
                    [
                        761,
                        221
                    ],
                    [
                        764,
                        224
                    ],
                    [
                        764,
                        225
                    ],
                    [
                        765,
                        226
                    ],
                    [
                        765,
                        228
                    ],
                    [
                        766,
                        229
                    ],
                    [
                        766,
                        238
                    ],
                    [
                        765,
                        239
                    ],
                    [
                        765,
                        242
                    ],
                    [
                        764,
                        243
                    ],
                    [
                        764,
                        256
                    ],
                    [
                        765,
                        257
                    ],
                    [
                        765,
                        258
                    ],
                    [
                        767,
                        260
                    ],
                    [
                        767,
                        261
                    ],
                    [
                        768,
                        262
                    ],
                    [
                        768,
                        264
                    ],
                    [
                        771,
                        264
                    ],
                    [
                        772,
                        263
                    ],
                    [
                        772,
                        257
                    ],
                    [
                        773,
                        256
                    ],
                    [
                        773,
                        255
                    ],
                    [
                        774,
                        254
                    ],
                    [
                        774,
                        253
                    ],
                    [
                        775,
                        252
                    ],
                    [
                        776,
                        252
                    ],
                    [
                        779,
                        255
                    ],
                    [
                        779,
                        256
                    ],
                    [
                        780,
                        257
                    ],
                    [
                        780,
                        259
                    ],
                    [
                        781,
                        260
                    ],
                    [
                        781,
                        263
                    ],
                    [
                        780,
                        264
                    ],
                    [
                        780,
                        266
                    ],
                    [
                        784,
                        266
                    ],
                    [
                        785,
                        265
                    ],
                    [
                        785,
                        261
                    ],
                    [
                        784,
                        260
                    ],
                    [
                        784,
                        259
                    ],
                    [
                        783,
                        258
                    ],
                    [
                        783,
                        256
                    ],
                    [
                        784,
                        255
                    ],
                    [
                        784,
                        254
                    ],
                    [
                        785,
                        253
                    ],
                    [
                        785,
                        250
                    ],
                    [
                        786,
                        249
                    ],
                    [
                        786,
                        248
                    ],
                    [
                        787,
                        247
                    ],
                    [
                        787,
                        246
                    ],
                    [
                        788,
                        245
                    ],
                    [
                        788,
                        243
                    ],
                    [
                        789,
                        242
                    ],
                    [
                        789,
                        240
                    ],
                    [
                        790,
                        239
                    ],
                    [
                        790,
                        225
                    ],
                    [
                        789,
                        224
                    ],
                    [
                        789,
                        223
                    ],
                    [
                        787,
                        221
                    ],
                    [
                        787,
                        220
                    ],
                    [
                        785,
                        218
                    ],
                    [
                        785,
                        217
                    ],
                    [
                        783,
                        215
                    ],
                    [
                        783,
                        212
                    ],
                    [
                        784,
                        211
                    ],
                    [
                        785,
                        211
                    ],
                    [
                        786,
                        210
                    ],
                    [
                        790,
                        210
                    ],
                    [
                        792,
                        208
                    ],
                    [
                        792,
                        204
                    ],
                    [
                        793,
                        203
                    ],
                    [
                        793,
                        201
                    ],
                    [
                        790,
                        198
                    ],
                    [
                        790,
                        194
                    ],
                    [
                        789,
                        193
                    ],
                    [
                        789,
                        190
                    ],
                    [
                        787,
                        188
                    ],
                    [
                        787,
                        186
                    ],
                    [
                        786,
                        186
                    ],
                    [
                        785,
                        185
                    ],
                    [
                        785,
                        184
                    ],
                    [
                        784,
                        184
                    ],
                    [
                        781,
                        181
                    ],
                    [
                        781,
                        174
                    ],
                    [
                        780,
                        173
                    ],
                    [
                        780,
                        169
                    ],
                    [
                        779,
                        168
                    ],
                    [
                        778,
                        168
                    ],
                    [
                        776,
                        166
                    ]
                ],
                "interior": []
            }
        },
        {
            "id": 159634391,
            "classId": 6551257,
            "objectId": null,
            "description": "",
            "geometryType": "rectangle",
            "labelerLogin": "inbox@datasetninja.com",
            "createdAt": "2024-03-12T16:00:54.116Z",
            "updatedAt": "2024-03-12T16:00:54.116Z",
            "tags": [
                {
                    "id": 122121771,
                    "tagId": 32511,
                    "name": "object id",
                    "value": 2004,
                    "labelerLogin": "inbox@datasetninja.com",
                    "createdAt": "2024-03-12T16:00:54.116Z",
                    "updatedAt": "2024-03-12T16:00:54.116Z"
                },
                {
                    "id": 122121772,
                    "tagId": 32513,
                    "name": "instance id",
                    "value": 4,
                    "labelerLogin": "inbox@datasetninja.com",
                    "createdAt": "2024-03-12T16:00:54.116Z",
                    "updatedAt": "2024-03-12T16:00:54.116Z"
                }
            ],
            "classTitle": "pedestrian",
            "points": {
                "exterior": [
                    [
                        753,
                        166
                    ],
                    [
                        793,
                        266
                    ]
                ],
                "interior": []
            }
        },
        {
            "id": 159634392,
            "classId": 6551257,
            "objectId": null,
            "description": "",
            "geometryType": "polygon",
            "labelerLogin": "inbox@datasetninja.com",
            "createdAt": "2024-03-12T16:00:54.118Z",
            "updatedAt": "2024-03-12T16:00:54.118Z",
            "tags": [
                {
                    "id": 122121773,
                    "tagId": 32511,
                    "name": "object id",
                    "value": 2014,
                    "labelerLogin": "inbox@datasetninja.com",
                    "createdAt": "2024-03-12T16:00:54.117Z",
                    "updatedAt": "2024-03-12T16:00:54.117Z"
                },
                {
                    "id": 122121774,
                    "tagId": 32513,
                    "name": "instance id",
                    "value": 14,
                    "labelerLogin": "inbox@datasetninja.com",
                    "createdAt": "2024-03-12T16:00:54.117Z",
                    "updatedAt": "2024-03-12T16:00:54.117Z"
                }
            ],
            "classTitle": "pedestrian",
            "points": {
                "exterior": [
                    [
                        520,
                        173
                    ],
                    [
                        520,
                        174
                    ],
                    [
                        519,
                        175
                    ],
                    [
                        519,
                        176
                    ],
                    [
                        516,
                        179
                    ],
                    [
                        516,
                        181
                    ],
                    [
                        517,
                        182
                    ],
                    [
                        517,
                        193
                    ],
                    [
                        519,
                        195
                    ],
                    [
                        519,
                        196
                    ],
                    [
                        520,
                        197
                    ],
                    [
                        520,
                        199
                    ],
                    [
                        522,
                        201
                    ],
                    [
                        522,
                        202
                    ],
                    [
                        523,
                        203
                    ],
                    [
                        523,
                        204
                    ],
                    [
                        524,
                        205
                    ],
                    [
                        524,
                        206
                    ],
                    [
                        525,
                        207
                    ],
                    [
                        525,
                        208
                    ],
                    [
                        526,
                        208
                    ],
                    [
                        526,
                        203
                    ],
                    [
                        524,
                        201
                    ],
                    [
                        524,
                        194
                    ],
                    [
                        526,
                        192
                    ],
                    [
                        526,
                        189
                    ],
                    [
                        527,
                        188
                    ],
                    [
                        527,
                        186
                    ],
                    [
                        526,
                        185
                    ],
                    [
                        526,
                        184
                    ],
                    [
                        525,
                        183
                    ],
                    [
                        525,
                        182
                    ],
                    [
                        524,
                        181
                    ],
                    [
                        524,
                        179
                    ],
                    [
                        523,
                        178
                    ],
                    [
                        523,
                        177
                    ],
                    [
                        521,
                        175
                    ],
                    [
                        521,
                        174
                    ]
                ],
                "interior": []
            }
        },
        {
            "id": 159634393,
            "classId": 6551257,
            "objectId": null,
            "description": "",
            "geometryType": "rectangle",
            "labelerLogin": "inbox@datasetninja.com",
            "createdAt": "2024-03-12T16:00:54.121Z",
            "updatedAt": "2024-03-12T16:00:54.121Z",
            "tags": [
                {
                    "id": 122121775,
                    "tagId": 32511,
                    "name": "object id",
                    "value": 2014,
                    "labelerLogin": "inbox@datasetninja.com",
                    "createdAt": "2024-03-12T16:00:54.119Z",
                    "updatedAt": "2024-03-12T16:00:54.119Z"
                },
                {
                    "id": 122121776,
                    "tagId": 32513,
                    "name": "instance id",
                    "value": 14,
                    "labelerLogin": "inbox@datasetninja.com",
                    "createdAt": "2024-03-12T16:00:54.119Z",
                    "updatedAt": "2024-03-12T16:00:54.119Z"
                }
            ],
            "classTitle": "pedestrian",
            "points": {
                "exterior": [
                    [
                        516,
                        173
                    ],
                    [
                        527,
                        208
                    ]
                ],
                "interior": []
            }
        },
        {
            "id": 159634394,
            "classId": 6551259,
            "objectId": null,
            "description": "",
            "geometryType": "polygon",
            "labelerLogin": "inbox@datasetninja.com",
            "createdAt": "2024-03-12T16:00:54.122Z",
            "updatedAt": "2024-03-12T16:00:54.122Z",
            "tags": [],
            "classTitle": "ignore region",
            "points": {
                "exterior": [
                    [
                        341,
                        185
                    ],
                    [
                        341,
                        234
                    ],
                    [
                        361,
                        234
                    ],
                    [
                        363,
                        232
                    ],
                    [
                        365,
                        232
                    ],
                    [
                        366,
                        231
                    ],
                    [
                        372,
                        231
                    ],
                    [
                        373,
                        230
                    ],
                    [
                        375,
                        230
                    ],
                    [
                        375,
                        185
                    ]
                ],
                "interior": []
            }
        },
        {
            "id": 159634395,
            "classId": 6551259,
            "objectId": null,
            "description": "",
            "geometryType": "rectangle",
            "labelerLogin": "inbox@datasetninja.com",
            "createdAt": "2024-03-12T16:00:54.123Z",
            "updatedAt": "2024-03-12T16:00:54.123Z",
            "tags": [],
            "classTitle": "ignore region",
            "points": {
                "exterior": [
                    [
                        341,
                        185
                    ],
                    [
                        375,
                        234
                    ]
                ],
                "interior": []
            }
        },
        {
            "id": 159634396,
            "classId": 6551259,
            "objectId": null,
            "description": "",
            "geometryType": "polygon",
            "labelerLogin": "inbox@datasetninja.com",
            "createdAt": "2024-03-12T16:00:54.124Z",
            "updatedAt": "2024-03-12T16:00:54.124Z",
            "tags": [],
            "classTitle": "ignore region",
            "points": {
                "exterior": [
                    [
                        399,
                        163
                    ],
                    [
                        399,
                        198
                    ],
                    [
                        404,
                        198
                    ],
                    [
                        405,
                        197
                    ],
                    [
                        406,
                        197
                    ],
                    [
                        407,
                        196
                    ],
                    [
                        409,
                        196
                    ],
                    [
                        409,
                        195
                    ],
                    [
                        410,
                        194
                    ],
                    [
                        412,
                        194
                    ],
                    [
                        415,
                        191
                    ],
                    [
                        416,
                        191
                    ],
                    [
                        417,
                        190
                    ],
                    [
                        421,
                        190
                    ],
                    [
                        422,
                        189
                    ],
                    [
                        431,
                        189
                    ],
                    [
                        431,
                        163
                    ]
                ],
                "interior": []
            }
        },
        {
            "id": 159634397,
            "classId": 6551259,
            "objectId": null,
            "description": "",
            "geometryType": "rectangle",
            "labelerLogin": "inbox@datasetninja.com",
            "createdAt": "2024-03-12T16:00:54.124Z",
            "updatedAt": "2024-03-12T16:00:54.124Z",
            "tags": [],
            "classTitle": "ignore region",
            "points": {
                "exterior": [
                    [
                        399,
                        163
                    ],
                    [
                        431,
                        198
                    ]
                ],
                "interior": []
            }
        },
        {
            "id": 159634398,
            "classId": 6551259,
            "objectId": null,
            "description": "",
            "geometryType": "polygon",
            "labelerLogin": "inbox@datasetninja.com",
            "createdAt": "2024-03-12T16:00:54.125Z",
            "updatedAt": "2024-03-12T16:00:54.125Z",
            "tags": [],
            "classTitle": "ignore region",
            "points": {
                "exterior": [
                    [
                        603,
                        124
                    ],
                    [
                        603,
                        160
                    ],
                    [
                        602,
                        161
                    ],
                    [
                        462,
                        161
                    ],
                    [
                        462,
                        188
                    ],
                    [
                        474,
                        188
                    ],
                    [
                        475,
                        189
                    ],
                    [
                        481,
                        189
                    ],
                    [
                        482,
                        188
                    ],
                    [
                        483,
                        188
                    ],
                    [
                        484,
                        189
                    ],
                    [
                        505,
                        189
                    ],
                    [
                        506,
                        190
                    ],
                    [
                        510,
                        190
                    ],
                    [
                        511,
                        191
                    ],
                    [
                        511,
                        192
                    ],
                    [
                        515,
                        192
                    ],
                    [
                        516,
                        193
                    ],
                    [
                        516,
                        194
                    ],
                    [
                        519,
                        197
                    ],
                    [
                        518,
                        196
                    ],
                    [
                        518,
                        195
                    ],
                    [
                        516,
                        193
                    ],
                    [
                        516,
                        182
                    ],
                    [
                        515,
                        181
                    ],
                    [
                        515,
                        179
                    ],
                    [
                        518,
                        176
                    ],
                    [
                        518,
                        175
                    ],
                    [
                        519,
                        174
                    ],
                    [
                        519,
                        173
                    ],
                    [
                        520,
                        172
                    ],
                    [
                        522,
                        174
                    ],
                    [
                        522,
                        175
                    ],
                    [
                        524,
                        177
                    ],
                    [
                        524,
                        178
                    ],
                    [
                        525,
                        179
                    ],
                    [
                        525,
                        181
                    ],
                    [
                        526,
                        182
                    ],
                    [
                        526,
                        183
                    ],
                    [
                        527,
                        184
                    ],
                    [
                        527,
                        185
                    ],
                    [
                        528,
                        186
                    ],
                    [
                        528,
                        188
                    ],
                    [
                        527,
                        189
                    ],
                    [
                        527,
                        192
                    ],
                    [
                        525,
                        194
                    ],
                    [
                        525,
                        201
                    ],
                    [
                        527,
                        203
                    ],
                    [
                        527,
                        208
                    ],
                    [
                        526,
                        209
                    ],
                    [
                        527,
                        210
                    ],
                    [
                        527,
                        211
                    ],
                    [
                        528,
                        212
                    ],
                    [
                        528,
                        213
                    ],
                    [
                        529,
                        214
                    ],
                    [
                        529,
                        215
                    ],
                    [
                        530,
                        216
                    ],
                    [
                        530,
                        217
                    ],
                    [
                        602,
                        217
                    ],
                    [
                        603,
                        218
                    ],
                    [
                        603,
                        231
                    ],
                    [
                        698,
                        231
                    ],
                    [
                        698,
                        124
                    ]
                ],
                "interior": []
            }
        },
        {
            "id": 159634399,
            "classId": 6551259,
            "objectId": null,
            "description": "",
            "geometryType": "rectangle",
            "labelerLogin": "inbox@datasetninja.com",
            "createdAt": "2024-03-12T16:00:54.127Z",
            "updatedAt": "2024-03-12T16:00:54.127Z",
            "tags": [],
            "classTitle": "ignore region",
            "points": {
                "exterior": [
                    [
                        462,
                        124
                    ],
                    [
                        698,
                        231
                    ]
                ],
                "interior": []
            }
        }
    ]
}