{
    "description": "",
    "tags": [
        {
            "id": 21889902,
            "tagId": 32512,
            "name": "sequence",
            "value": "0019",
            "labelerLogin": "inbox@datasetninja.com",
            "createdAt": "2024-03-12T16:07:57.529Z",
            "updatedAt": "2024-03-12T16:07:57.529Z"
        }
    ],
    "size": {
        "height": 374,
        "width": 1238
    },
    "objects": [
        {
            "id": 159657460,
            "classId": 6551257,
            "objectId": null,
            "description": "",
            "geometryType": "polygon",
            "labelerLogin": "inbox@datasetninja.com",
            "createdAt": "2024-03-12T16:07:57.530Z",
            "updatedAt": "2024-03-12T16:07:57.530Z",
            "tags": [
                {
                    "id": 122152437,
                    "tagId": 32511,
                    "name": "object id",
                    "value": 2047,
                    "labelerLogin": "inbox@datasetninja.com",
                    "createdAt": "2024-03-12T16:07:57.529Z",
                    "updatedAt": "2024-03-12T16:07:57.529Z"
                },
                {
                    "id": 122152438,
                    "tagId": 32513,
                    "name": "instance id",
                    "value": 47,
                    "labelerLogin": "inbox@datasetninja.com",
                    "createdAt": "2024-03-12T16:07:57.529Z",
                    "updatedAt": "2024-03-12T16:07:57.529Z"
                }
            ],
            "classTitle": "pedestrian",
            "points": {
                "exterior": [
                    [
                        660,
                        173
                    ],
                    [
                        659,
                        174
                    ],
                    [
                        658,
                        174
                    ],
                    [
                        658,
                        175
                    ],
                    [
                        655,
                        178
                    ],
                    [
                        655,
                        181
                    ],
                    [
                        654,
                        182
                    ],
                    [
                        654,
                        185
                    ],
                    [
                        652,
                        187
                    ],
                    [
                        652,
                        196
                    ],
                    [
                        653,
                        197
                    ],
                    [
                        653,
                        195
                    ],
                    [
                        656,
                        192
                    ],
                    [
                        657,
                        193
                    ],
                    [
                        657,
                        199
                    ],
                    [
                        655,
                        201
                    ],
                    [
                        654,
                        201
                    ],
                    [
                        654,
                        203
                    ],
                    [
                        655,
                        204
                    ],
                    [
                        655,
                        207
                    ],
                    [
                        656,
                        208
                    ],
                    [
                        656,
                        214
                    ],
                    [
                        658,
                        216
                    ],
                    [
                        658,
                        218
                    ],
                    [
                        659,
                        219
                    ],
                    [
                        659,
                        224
                    ],
                    [
                        660,
                        225
                    ],
                    [
                        660,
                        226
                    ],
                    [
                        659,
                        227
                    ],
                    [
                        659,
                        232
                    ],
                    [
                        660,
                        233
                    ],
                    [
                        661,
                        233
                    ],
                    [
                        663,
                        235
                    ],
                    [
                        665,
                        235
                    ],
                    [
                        666,
                        234
                    ],
                    [
                        666,
                        224
                    ],
                    [
                        667,
                        223
                    ],
                    [
                        667,
                        221
                    ],
                    [
                        668,
                        220
                    ],
                    [
                        668,
                        209
                    ],
                    [
                        669,
                        208
                    ],
                    [
                        669,
                        207
                    ],
                    [
                        670,
                        206
                    ],
                    [
                        670,
                        205
                    ],
                    [
                        671,
                        204
                    ],
                    [
                        672,
                        204
                    ],
                    [
                        672,
                        200
                    ],
                    [
                        671,
                        199
                    ],
                    [
                        671,
                        190
                    ],
                    [
                        670,
                        189
                    ],
                    [
                        670,
                        186
                    ],
                    [
                        669,
                        185
                    ],
                    [
                        669,
                        183
                    ],
                    [
                        668,
                        182
                    ],
                    [
                        668,
                        181
                    ],
                    [
                        667,
                        181
                    ],
                    [
                        663,
                        177
                    ],
                    [
                        663,
                        176
                    ],
                    [
                        662,
                        175
                    ],
                    [
                        662,
                        174
                    ],
                    [
                        661,
                        174
                    ]
                ],
                "interior": []
            }
        },
        {
            "id": 159657461,
            "classId": 6551257,
            "objectId": null,
            "description": "",
            "geometryType": "rectangle",
            "labelerLogin": "inbox@datasetninja.com",
            "createdAt": "2024-03-12T16:07:57.530Z",
            "updatedAt": "2024-03-12T16:07:57.530Z",
            "tags": [
                {
                    "id": 122152439,
                    "tagId": 32511,
                    "name": "object id",
                    "value": 2047,
                    "labelerLogin": "inbox@datasetninja.com",
                    "createdAt": "2024-03-12T16:07:57.530Z",
                    "updatedAt": "2024-03-12T16:07:57.530Z"
                },
                {
                    "id": 122152440,
                    "tagId": 32513,
                    "name": "instance id",
                    "value": 47,
                    "labelerLogin": "inbox@datasetninja.com",
                    "createdAt": "2024-03-12T16:07:57.530Z",
                    "updatedAt": "2024-03-12T16:07:57.530Z"
                }
            ],
            "classTitle": "pedestrian",
            "points": {
                "exterior": [
                    [
                        652,
                        173
                    ],
                    [
                        672,
                        235
                    ]
                ],
                "interior": []
            }
        },
        {
            "id": 159657462,
            "classId": 6551257,
            "objectId": null,
            "description": "",
            "geometryType": "polygon",
            "labelerLogin": "inbox@datasetninja.com",
            "createdAt": "2024-03-12T16:07:57.531Z",
            "updatedAt": "2024-03-12T16:07:57.531Z",
            "tags": [
                {
                    "id": 122152441,
                    "tagId": 32511,
                    "name": "object id",
                    "value": 2048,
                    "labelerLogin": "inbox@datasetninja.com",
                    "createdAt": "2024-03-12T16:07:57.531Z",
                    "updatedAt": "2024-03-12T16:07:57.531Z"
                },
                {
                    "id": 122152442,
                    "tagId": 32513,
                    "name": "instance id",
                    "value": 48,
                    "labelerLogin": "inbox@datasetninja.com",
                    "createdAt": "2024-03-12T16:07:57.531Z",
                    "updatedAt": "2024-03-12T16:07:57.531Z"
                }
            ],
            "classTitle": "pedestrian",
            "points": {
                "exterior": [
                    [
                        680,
                        171
                    ],
                    [
                        679,
                        172
                    ],
                    [
                        679,
                        174
                    ],
                    [
                        678,
                        175
                    ],
                    [
                        678,
                        178
                    ],
                    [
                        676,
                        180
                    ],
                    [
                        676,
                        181
                    ],
                    [
                        674,
                        183
                    ],
                    [
                        674,
                        184
                    ],
                    [
                        672,
                        186
                    ],
                    [
                        672,
                        198
                    ],
                    [
                        673,
                        199
                    ],
                    [
                        673,
                        201
                    ],
                    [
                        674,
                        202
                    ],
                    [
                        674,
                        203
                    ],
                    [
                        675,
                        204
                    ],
                    [
                        675,
                        206
                    ],
                    [
                        676,
                        207
                    ],
                    [
                        676,
                        212
                    ],
                    [
                        677,
                        213
                    ],
                    [
                        677,
                        216
                    ],
                    [
                        678,
                        217
                    ],
                    [
                        678,
                        220
                    ],
                    [
                        679,
                        221
                    ],
                    [
                        679,
                        223
                    ],
                    [
                        680,
                        224
                    ],
                    [
                        680,
                        231
                    ],
                    [
                        683,
                        231
                    ],
                    [
                        683,
                        224
                    ],
                    [
                        684,
                        223
                    ],
                    [
                        685,
                        224
                    ],
                    [
                        685,
                        225
                    ],
                    [
                        686,
                        226
                    ],
                    [
                        686,
                        229
                    ],
                    [
                        685,
                        230
                    ],
                    [
                        687,
                        232
                    ],
                    [
                        689,
                        232
                    ],
                    [
                        690,
                        231
                    ],
                    [
                        690,
                        225
                    ],
                    [
                        689,
                        224
                    ],
                    [
                        689,
                        223
                    ],
                    [
                        690,
                        222
                    ],
                    [
                        690,
                        216
                    ],
                    [
                        691,
                        215
                    ],
                    [
                        691,
                        213
                    ],
                    [
                        692,
                        212
                    ],
                    [
                        692,
                        208
                    ],
                    [
                        693,
                        207
                    ],
                    [
                        693,
                        206
                    ],
                    [
                        692,
                        205
                    ],
                    [
                        693,
                        204
                    ],
                    [
                        693,
                        198
                    ],
                    [
                        695,
                        196
                    ],
                    [
                        695,
                        190
                    ],
                    [
                        694,
                        189
                    ],
                    [
                        694,
                        186
                    ],
                    [
                        692,
                        184
                    ],
                    [
                        692,
                        183
                    ],
                    [
                        691,
                        183
                    ],
                    [
                        688,
                        180
                    ],
                    [
                        687,
                        180
                    ],
                    [
                        685,
                        178
                    ],
                    [
                        685,
                        176
                    ],
                    [
                        684,
                        175
                    ],
                    [
                        684,
                        171
                    ]
                ],
                "interior": []
            }
        },
        {
            "id": 159657463,
            "classId": 6551257,
            "objectId": null,
            "description": "",
            "geometryType": "rectangle",
            "labelerLogin": "inbox@datasetninja.com",
            "createdAt": "2024-03-12T16:07:57.533Z",
            "updatedAt": "2024-03-12T16:07:57.533Z",
            "tags": [
                {
                    "id": 122152443,
                    "tagId": 32511,
                    "name": "object id",
                    "value": 2048,
                    "labelerLogin": "inbox@datasetninja.com",
                    "createdAt": "2024-03-12T16:07:57.532Z",
                    "updatedAt": "2024-03-12T16:07:57.532Z"
                },
                {
                    "id": 122152444,
                    "tagId": 32513,
                    "name": "instance id",
                    "value": 48,
                    "labelerLogin": "inbox@datasetninja.com",
                    "createdAt": "2024-03-12T16:07:57.532Z",
                    "updatedAt": "2024-03-12T16:07:57.532Z"
                }
            ],
            "classTitle": "pedestrian",
            "points": {
                "exterior": [
                    [
                        672,
                        171
                    ],
                    [
                        695,
                        232
                    ]
                ],
                "interior": []
            }
        },
        {
            "id": 159657464,
            "classId": 6551257,
            "objectId": null,
            "description": "",
            "geometryType": "polygon",
            "labelerLogin": "inbox@datasetninja.com",
            "createdAt": "2024-03-12T16:07:57.533Z",
            "updatedAt": "2024-03-12T16:07:57.533Z",
            "tags": [
                {
                    "id": 122152445,
                    "tagId": 32511,
                    "name": "object id",
                    "value": 2049,
                    "labelerLogin": "inbox@datasetninja.com",
                    "createdAt": "2024-03-12T16:07:57.533Z",
                    "updatedAt": "2024-03-12T16:07:57.533Z"
                },
                {
                    "id": 122152446,
                    "tagId": 32513,
                    "name": "instance id",
                    "value": 49,
                    "labelerLogin": "inbox@datasetninja.com",
                    "createdAt": "2024-03-12T16:07:57.533Z",
                    "updatedAt": "2024-03-12T16:07:57.533Z"
                }
            ],
            "classTitle": "pedestrian",
            "points": {
                "exterior": [
                    [
                        483,
                        168
                    ],
                    [
                        481,
                        170
                    ],
                    [
                        480,
                        170
                    ],
                    [
                        480,
                        177
                    ],
                    [
                        479,
                        178
                    ],
                    [
                        479,
                        179
                    ],
                    [
                        478,
                        180
                    ],
                    [
                        476,
                        180
                    ],
                    [
                        476,
                        181
                    ],
                    [
                        475,
                        182
                    ],
                    [
                        475,
                        189
                    ],
                    [
                        474,
                        190
                    ],
                    [
                        474,
                        203
                    ],
                    [
                        475,
                        204
                    ],
                    [
                        476,
                        204
                    ],
                    [
                        479,
                        207
                    ],
                    [
                        479,
                        209
                    ],
                    [
                        480,
                        210
                    ],
                    [
                        480,
                        216
                    ],
                    [
                        481,
                        217
                    ],
                    [
                        481,
                        223
                    ],
                    [
                        482,
                        224
                    ],
                    [
                        482,
                        228
                    ],
                    [
                        481,
                        229
                    ],
                    [
                        481,
                        232
                    ],
                    [
                        482,
                        233
                    ],
                    [
                        486,
                        233
                    ],
                    [
                        487,
                        232
                    ],
                    [
                        487,
                        231
                    ],
                    [
                        488,
                        230
                    ],
                    [
                        488,
                        220
                    ],
                    [
                        489,
                        219
                    ],
                    [
                        489,
                        217
                    ],
                    [
                        490,
                        216
                    ],
                    [
                        490,
                        212
                    ],
                    [
                        489,
                        211
                    ],
                    [
                        489,
                        210
                    ],
                    [
                        488,
                        210
                    ],
                    [
                        487,
                        209
                    ],
                    [
                        486,
                        209
                    ],
                    [
                        483,
                        206
                    ],
                    [
                        481,
                        206
                    ],
                    [
                        480,
                        205
                    ],
                    [
                        480,
                        200
                    ],
                    [
                        481,
                        199
                    ],
                    [
                        481,
                        197
                    ],
                    [
                        484,
                        194
                    ],
                    [
                        487,
                        194
                    ],
                    [
                        488,
                        195
                    ],
                    [
                        489,
                        195
                    ],
                    [
                        490,
                        196
                    ],
                    [
                        491,
                        196
                    ],
                    [
                        492,
                        197
                    ],
                    [
                        493,
                        197
                    ],
                    [
                        494,
                        198
                    ],
                    [
                        495,
                        198
                    ],
                    [
                        495,
                        195
                    ],
                    [
                        496,
                        194
                    ],
                    [
                        496,
                        189
                    ],
                    [
                        495,
                        188
                    ],
                    [
                        495,
                        186
                    ],
                    [
                        494,
                        185
                    ],
                    [
                        494,
                        184
                    ],
                    [
                        491,
                        181
                    ],
                    [
                        491,
                        180
                    ],
                    [
                        490,
                        180
                    ],
                    [
                        487,
                        177
                    ],
                    [
                        487,
                        172
                    ],
                    [
                        486,
                        171
                    ],
                    [
                        486,
                        170
                    ],
                    [
                        484,
                        168
                    ]
                ],
                "interior": []
            }
        },
        {
            "id": 159657465,
            "classId": 6551257,
            "objectId": null,
            "description": "",
            "geometryType": "rectangle",
            "labelerLogin": "inbox@datasetninja.com",
            "createdAt": "2024-03-12T16:07:57.534Z",
            "updatedAt": "2024-03-12T16:07:57.534Z",
            "tags": [
                {
                    "id": 122152447,
                    "tagId": 32511,
                    "name": "object id",
                    "value": 2049,
                    "labelerLogin": "inbox@datasetninja.com",
                    "createdAt": "2024-03-12T16:07:57.534Z",
                    "updatedAt": "2024-03-12T16:07:57.534Z"
                },
                {
                    "id": 122152448,
                    "tagId": 32513,
                    "name": "instance id",
                    "value": 49,
                    "labelerLogin": "inbox@datasetninja.com",
                    "createdAt": "2024-03-12T16:07:57.534Z",
                    "updatedAt": "2024-03-12T16:07:57.534Z"
                }
            ],
            "classTitle": "pedestrian",
            "points": {
                "exterior": [
                    [
                        474,
                        168
                    ],
                    [
                        496,
                        233
                    ]
                ],
                "interior": []
            }
        },
        {
            "id": 159657466,
            "classId": 6551259,
            "objectId": null,
            "description": "",
            "geometryType": "polygon",
            "labelerLogin": "inbox@datasetninja.com",
            "createdAt": "2024-03-12T16:07:57.535Z",
            "updatedAt": "2024-03-12T16:07:57.535Z",
            "tags": [],
            "classTitle": "ignore region",
            "points": {
                "exterior": [
                    [
                        673,
                        202
                    ],
                    [
                        673,
                        204
                    ],
                    [
                        672,
                        205
                    ],
                    [
                        671,
                        205
                    ],
                    [
                        671,
                        206
                    ],
                    [
                        670,
                        207
                    ],
                    [
                        670,
                        208
                    ],
                    [
                        669,
                        209
                    ],
                    [
                        669,
                        215
                    ],
                    [
                        676,
                        215
                    ],
                    [
                        676,
                        213
                    ],
                    [
                        675,
                        212
                    ],
                    [
                        675,
                        207
                    ],
                    [
                        674,
                        206
                    ],
                    [
                        674,
                        204
                    ],
                    [
                        673,
                        203
                    ]
                ],
                "interior": []
            }
        },
        {
            "id": 159657467,
            "classId": 6551259,
            "objectId": null,
            "description": "",
            "geometryType": "rectangle",
            "labelerLogin": "inbox@datasetninja.com",
            "createdAt": "2024-03-12T16:07:57.535Z",
            "updatedAt": "2024-03-12T16:07:57.535Z",
            "tags": [],
            "classTitle": "ignore region",
            "points": {
                "exterior": [
                    [
                        669,
                        202
                    ],
                    [
                        676,
                        215
                    ]
                ],
                "interior": []
            }
        },
        {
            "id": 159657468,
            "classId": 6551259,
            "objectId": null,
            "description": "",
            "geometryType": "polygon",
            "labelerLogin": "inbox@datasetninja.com",
            "createdAt": "2024-03-12T16:07:57.536Z",
            "updatedAt": "2024-03-12T16:07:57.536Z",
            "tags": [],
            "classTitle": "ignore region",
            "points": {
                "exterior": [
                    [
                        1,
                        182
                    ],
                    [
                        1,
                        284
                    ],
                    [
                        139,
                        284
                    ],
                    [
                        139,
                        182
                    ]
                ],
                "interior": []
            }
        },
        {
            "id": 159657469,
            "classId": 6551259,
            "objectId": null,
            "description": "",
            "geometryType": "rectangle",
            "labelerLogin": "inbox@datasetninja.com",
            "createdAt": "2024-03-12T16:07:57.536Z",
            "updatedAt": "2024-03-12T16:07:57.536Z",
            "tags": [],
            "classTitle": "ignore region",
            "points": {
                "exterior": [
                    [
                        1,
                        182
                    ],
                    [
                        139,
                        284
                    ]
                ],
                "interior": []
            }
        },
        {
            "id": 159657470,
            "classId": 6551259,
            "objectId": null,
            "description": "",
            "geometryType": "polygon",
            "labelerLogin": "inbox@datasetninja.com",
            "createdAt": "2024-03-12T16:07:57.537Z",
            "updatedAt": "2024-03-12T16:07:57.537Z",
            "tags": [],
            "classTitle": "ignore region",
            "points": {
                "exterior": [
                    [
                        206,
                        169
                    ],
                    [
                        206,
                        239
                    ],
                    [
                        441,
                        239
                    ],
                    [
                        441,
                        169
                    ]
                ],
                "interior": []
            }
        },
        {
            "id": 159657471,
            "classId": 6551259,
            "objectId": null,
            "description": "",
            "geometryType": "rectangle",
            "labelerLogin": "inbox@datasetninja.com",
            "createdAt": "2024-03-12T16:07:57.537Z",
            "updatedAt": "2024-03-12T16:07:57.537Z",
            "tags": [],
            "classTitle": "ignore region",
            "points": {
                "exterior": [
                    [
                        206,
                        169
                    ],
                    [
                        441,
                        239
                    ]
                ],
                "interior": []
            }
        },
        {
            "id": 159657472,
            "classId": 6551259,
            "objectId": null,
            "description": "",
            "geometryType": "polygon",
            "labelerLogin": "inbox@datasetninja.com",
            "createdAt": "2024-03-12T16:07:57.538Z",
            "updatedAt": "2024-03-12T16:07:57.538Z",
            "tags": [],
            "classTitle": "ignore region",
            "points": {
                "exterior": [
                    [
                        524,
                        162
                    ],
                    [
                        524,
                        215
                    ],
                    [
                        656,
                        215
                    ],
                    [
                        655,
                        214
                    ],
                    [
                        655,
                        208
                    ],
                    [
                        654,
                        207
                    ],
                    [
                        654,
                        204
                    ],
                    [
                        653,
                        203
                    ],
                    [
                        653,
                        201
                    ],
                    [
                        654,
                        200
                    ],
                    [
                        655,
                        200
                    ],
                    [
                        656,
                        199
                    ],
                    [
                        656,
                        193
                    ],
                    [
                        654,
                        195
                    ],
                    [
                        654,
                        197
                    ],
                    [
                        653,
                        198
                    ],
                    [
                        651,
                        196
                    ],
                    [
                        651,
                        187
                    ],
                    [
                        653,
                        185
                    ],
                    [
                        653,
                        182
                    ],
                    [
                        654,
                        181
                    ],
                    [
                        654,
                        178
                    ],
                    [
                        657,
                        175
                    ],
                    [
                        657,
                        174
                    ],
                    [
                        658,
                        173
                    ],
                    [
                        659,
                        173
                    ],
                    [
                        660,
                        172
                    ],
                    [
                        661,
                        173
                    ],
                    [
                        662,
                        173
                    ],
                    [
                        663,
                        174
                    ],
                    [
                        663,
                        175
                    ],
                    [
                        664,
                        176
                    ],
                    [
                        664,
                        177
                    ],
                    [
                        667,
                        180
                    ],
                    [
                        668,
                        180
                    ],
                    [
                        669,
                        181
                    ],
                    [
                        669,
                        182
                    ],
                    [
                        670,
                        183
                    ],
                    [
                        670,
                        185
                    ],
                    [
                        671,
                        186
                    ],
                    [
                        671,
                        189
                    ],
                    [
                        671,
                        186
                    ],
                    [
                        673,
                        184
                    ],
                    [
                        673,
                        183
                    ],
                    [
                        675,
                        181
                    ],
                    [
                        675,
                        180
                    ],
                    [
                        677,
                        178
                    ],
                    [
                        677,
                        175
                    ],
                    [
                        678,
                        174
                    ],
                    [
                        678,
                        172
                    ],
                    [
                        680,
                        170
                    ],
                    [
                        684,
                        170
                    ],
                    [
                        685,
                        171
                    ],
                    [
                        685,
                        175
                    ],
                    [
                        686,
                        176
                    ],
                    [
                        686,
                        178
                    ],
                    [
                        687,
                        179
                    ],
                    [
                        688,
                        179
                    ],
                    [
                        691,
                        182
                    ],
                    [
                        692,
                        182
                    ],
                    [
                        693,
                        183
                    ],
                    [
                        693,
                        184
                    ],
                    [
                        695,
                        186
                    ],
                    [
                        695,
                        189
                    ],
                    [
                        696,
                        190
                    ],
                    [
                        696,
                        196
                    ],
                    [
                        694,
                        198
                    ],
                    [
                        694,
                        204
                    ],
                    [
                        693,
                        205
                    ],
                    [
                        694,
                        206
                    ],
                    [
                        694,
                        207
                    ],
                    [
                        693,
                        208
                    ],
                    [
                        693,
                        212
                    ],
                    [
                        692,
                        213
                    ],
                    [
                        692,
                        215
                    ],
                    [
                        768,
                        215
                    ],
                    [
                        768,
                        162
                    ]
                ],
                "interior": []
            }
        },
        {
            "id": 159657473,
            "classId": 6551259,
            "objectId": null,
            "description": "",
            "geometryType": "rectangle",
            "labelerLogin": "inbox@datasetninja.com",
            "createdAt": "2024-03-12T16:07:57.538Z",
            "updatedAt": "2024-03-12T16:07:57.538Z",
            "tags": [],
            "classTitle": "ignore region",
            "points": {
                "exterior": [
                    [
                        524,
                        162
                    ],
                    [
                        768,
                        215
                    ]
                ],
                "interior": []
            }
        },
        {
            "id": 159657474,
            "classId": 6551259,
            "objectId": null,
            "description": "",
            "geometryType": "polygon",
            "labelerLogin": "inbox@datasetninja.com",
            "createdAt": "2024-03-12T16:07:57.539Z",
            "updatedAt": "2024-03-12T16:07:57.539Z",
            "tags": [],
            "classTitle": "ignore region",
            "points": {
                "exterior": [
                    [
                        1153,
                        144
                    ],
                    [
                        1153,
                        164
                    ],
                    [
                        1152,
                        165
                    ],
                    [
                        780,
                        165
                    ],
                    [
                        780,
                        373
                    ],
                    [
                        1165,
                        373
                    ],
                    [
                        1166,
                        372
                    ],
                    [
                        1237,
                        372
                    ],
                    [
                        1237,
                        144
                    ]
                ],
                "interior": []
            }
        },
        {
            "id": 159657475,
            "classId": 6551259,
            "objectId": null,
            "description": "",
            "geometryType": "rectangle",
            "labelerLogin": "inbox@datasetninja.com",
            "createdAt": "2024-03-12T16:07:57.539Z",
            "updatedAt": "2024-03-12T16:07:57.539Z",
            "tags": [],
            "classTitle": "ignore region",
            "points": {
                "exterior": [
                    [
                        780,
                        144
                    ],
                    [
                        1237,
                        373
                    ]
                ],
                "interior": []
            }
        }
    ]
}