{
    "description": "",
    "tags": [
        {
            "id": 21890003,
            "tagId": 32512,
            "name": "sequence",
            "value": "0019",
            "labelerLogin": "inbox@datasetninja.com",
            "createdAt": "2024-03-12T16:08:25.182Z",
            "updatedAt": "2024-03-12T16:08:25.182Z"
        }
    ],
    "size": {
        "height": 374,
        "width": 1238
    },
    "objects": [
        {
            "id": 159660040,
            "classId": 6551258,
            "objectId": null,
            "description": "",
            "geometryType": "polygon",
            "labelerLogin": "inbox@datasetninja.com",
            "createdAt": "2024-03-12T16:08:25.184Z",
            "updatedAt": "2024-03-12T16:08:25.184Z",
            "tags": [
                {
                    "id": 122155973,
                    "tagId": 32511,
                    "name": "object id",
                    "value": 1000,
                    "labelerLogin": "inbox@datasetninja.com",
                    "createdAt": "2024-03-12T16:08:25.183Z",
                    "updatedAt": "2024-03-12T16:08:25.183Z"
                },
                {
                    "id": 122155974,
                    "tagId": 32513,
                    "name": "instance id",
                    "value": 0,
                    "labelerLogin": "inbox@datasetninja.com",
                    "createdAt": "2024-03-12T16:08:25.183Z",
                    "updatedAt": "2024-03-12T16:08:25.183Z"
                }
            ],
            "classTitle": "car",
            "points": {
                "exterior": [
                    [
                        0,
                        239
                    ],
                    [
                        0,
                        373
                    ],
                    [
                        234,
                        373
                    ],
                    [
                        234,
                        372
                    ],
                    [
                        235,
                        371
                    ],
                    [
                        235,
                        369
                    ],
                    [
                        236,
                        368
                    ],
                    [
                        236,
                        360
                    ],
                    [
                        235,
                        359
                    ],
                    [
                        235,
                        352
                    ],
                    [
                        234,
                        351
                    ],
                    [
                        234,
                        350
                    ],
                    [
                        232,
                        348
                    ],
                    [
                        232,
                        346
                    ],
                    [
                        231,
                        345
                    ],
                    [
                        231,
                        340
                    ],
                    [
                        230,
                        339
                    ],
                    [
                        230,
                        336
                    ],
                    [
                        229,
                        335
                    ],
                    [
                        229,
                        328
                    ],
                    [
                        228,
                        327
                    ],
                    [
                        228,
                        326
                    ],
                    [
                        226,
                        324
                    ],
                    [
                        226,
                        323
                    ],
                    [
                        225,
                        322
                    ],
                    [
                        225,
                        317
                    ],
                    [
                        221,
                        313
                    ],
                    [
                        221,
                        312
                    ],
                    [
                        217,
                        308
                    ],
                    [
                        216,
                        308
                    ],
                    [
                        214,
                        306
                    ],
                    [
                        214,
                        305
                    ],
                    [
                        213,
                        305
                    ],
                    [
                        210,
                        302
                    ],
                    [
                        209,
                        302
                    ],
                    [
                        208,
                        301
                    ],
                    [
                        207,
                        301
                    ],
                    [
                        205,
                        299
                    ],
                    [
                        204,
                        299
                    ],
                    [
                        202,
                        297
                    ],
                    [
                        201,
                        297
                    ],
                    [
                        191,
                        287
                    ],
                    [
                        190,
                        287
                    ],
                    [
                        187,
                        284
                    ],
                    [
                        186,
                        284
                    ],
                    [
                        184,
                        282
                    ],
                    [
                        184,
                        281
                    ],
                    [
                        183,
                        281
                    ],
                    [
                        180,
                        278
                    ],
                    [
                        179,
                        278
                    ],
                    [
                        175,
                        274
                    ],
                    [
                        174,
                        274
                    ],
                    [
                        173,
                        273
                    ],
                    [
                        173,
                        272
                    ],
                    [
                        172,
                        272
                    ],
                    [
                        171,
                        271
                    ],
                    [
                        170,
                        271
                    ],
                    [
                        169,
                        270
                    ],
                    [
                        169,
                        269
                    ],
                    [
                        168,
                        269
                    ],
                    [
                        165,
                        266
                    ],
                    [
                        164,
                        266
                    ],
                    [
                        160,
                        262
                    ],
                    [
                        159,
                        262
                    ],
                    [
                        158,
                        261
                    ],
                    [
                        158,
                        260
                    ],
                    [
                        153,
                        255
                    ],
                    [
                        153,
                        254
                    ],
                    [
                        150,
                        251
                    ],
                    [
                        149,
                        251
                    ],
                    [
                        147,
                        249
                    ],
                    [
                        145,
                        249
                    ],
                    [
                        143,
                        247
                    ],
                    [
                        141,
                        247
                    ],
                    [
                        140,
                        246
                    ],
                    [
                        137,
                        246
                    ],
                    [
                        136,
                        245
                    ],
                    [
                        133,
                        245
                    ],
                    [
                        132,
                        244
                    ],
                    [
                        128,
                        244
                    ],
                    [
                        127,
                        243
                    ],
                    [
                        122,
                        243
                    ],
                    [
                        121,
                        242
                    ],
                    [
                        107,
                        242
                    ],
                    [
                        106,
                        241
                    ],
                    [
                        95,
                        241
                    ],
                    [
                        94,
                        240
                    ],
                    [
                        71,
                        240
                    ],
                    [
                        70,
                        239
                    ]
                ],
                "interior": []
            }
        },
        {
            "id": 159660041,
            "classId": 6551258,
            "objectId": null,
            "description": "",
            "geometryType": "rectangle",
            "labelerLogin": "inbox@datasetninja.com",
            "createdAt": "2024-03-12T16:08:25.186Z",
            "updatedAt": "2024-03-12T16:08:25.186Z",
            "tags": [
                {
                    "id": 122155975,
                    "tagId": 32511,
                    "name": "object id",
                    "value": 1000,
                    "labelerLogin": "inbox@datasetninja.com",
                    "createdAt": "2024-03-12T16:08:25.185Z",
                    "updatedAt": "2024-03-12T16:08:25.185Z"
                },
                {
                    "id": 122155976,
                    "tagId": 32513,
                    "name": "instance id",
                    "value": 0,
                    "labelerLogin": "inbox@datasetninja.com",
                    "createdAt": "2024-03-12T16:08:25.185Z",
                    "updatedAt": "2024-03-12T16:08:25.185Z"
                }
            ],
            "classTitle": "car",
            "points": {
                "exterior": [
                    [
                        0,
                        239
                    ],
                    [
                        236,
                        373
                    ]
                ],
                "interior": []
            }
        },
        {
            "id": 159660042,
            "classId": 6551257,
            "objectId": null,
            "description": "",
            "geometryType": "polygon",
            "labelerLogin": "inbox@datasetninja.com",
            "createdAt": "2024-03-12T16:08:25.186Z",
            "updatedAt": "2024-03-12T16:08:25.186Z",
            "tags": [
                {
                    "id": 122155977,
                    "tagId": 32511,
                    "name": "object id",
                    "value": 2001,
                    "labelerLogin": "inbox@datasetninja.com",
                    "createdAt": "2024-03-12T16:08:25.186Z",
                    "updatedAt": "2024-03-12T16:08:25.186Z"
                },
                {
                    "id": 122155978,
                    "tagId": 32513,
                    "name": "instance id",
                    "value": 1,
                    "labelerLogin": "inbox@datasetninja.com",
                    "createdAt": "2024-03-12T16:08:25.186Z",
                    "updatedAt": "2024-03-12T16:08:25.186Z"
                }
            ],
            "classTitle": "pedestrian",
            "points": {
                "exterior": [
                    [
                        798,
                        172
                    ],
                    [
                        797,
                        173
                    ],
                    [
                        795,
                        173
                    ],
                    [
                        794,
                        174
                    ],
                    [
                        793,
                        174
                    ],
                    [
                        793,
                        175
                    ],
                    [
                        791,
                        177
                    ],
                    [
                        791,
                        183
                    ],
                    [
                        792,
                        184
                    ],
                    [
                        792,
                        186
                    ],
                    [
                        793,
                        187
                    ],
                    [
                        793,
                        188
                    ],
                    [
                        792,
                        189
                    ],
                    [
                        792,
                        190
                    ],
                    [
                        791,
                        191
                    ],
                    [
                        791,
                        192
                    ],
                    [
                        790,
                        193
                    ],
                    [
                        785,
                        193
                    ],
                    [
                        785,
                        194
                    ],
                    [
                        783,
                        196
                    ],
                    [
                        783,
                        197
                    ],
                    [
                        781,
                        199
                    ],
                    [
                        781,
                        202
                    ],
                    [
                        780,
                        203
                    ],
                    [
                        780,
                        211
                    ],
                    [
                        779,
                        212
                    ],
                    [
                        779,
                        214
                    ],
                    [
                        778,
                        215
                    ],
                    [
                        778,
                        217
                    ],
                    [
                        777,
                        218
                    ],
                    [
                        777,
                        221
                    ],
                    [
                        776,
                        222
                    ],
                    [
                        776,
                        230
                    ],
                    [
                        777,
                        230
                    ],
                    [
                        777,
                        229
                    ],
                    [
                        781,
                        225
                    ],
                    [
                        782,
                        225
                    ],
                    [
                        783,
                        224
                    ],
                    [
                        784,
                        224
                    ],
                    [
                        784,
                        222
                    ],
                    [
                        786,
                        220
                    ],
                    [
                        786,
                        217
                    ],
                    [
                        787,
                        216
                    ],
                    [
                        787,
                        207
                    ],
                    [
                        788,
                        206
                    ],
                    [
                        788,
                        202
                    ],
                    [
                        789,
                        201
                    ],
                    [
                        789,
                        196
                    ],
                    [
                        790,
                        195
                    ],
                    [
                        791,
                        196
                    ],
                    [
                        791,
                        203
                    ],
                    [
                        792,
                        204
                    ],
                    [
                        792,
                        209
                    ],
                    [
                        793,
                        210
                    ],
                    [
                        793,
                        214
                    ],
                    [
                        792,
                        215
                    ],
                    [
                        792,
                        219
                    ],
                    [
                        793,
                        220
                    ],
                    [
                        793,
                        224
                    ],
                    [
                        794,
                        225
                    ],
                    [
                        794,
                        227
                    ],
                    [
                        795,
                        228
                    ],
                    [
                        795,
                        234
                    ],
                    [
                        794,
                        235
                    ],
                    [
                        794,
                        236
                    ],
                    [
                        786,
                        244
                    ],
                    [
                        786,
                        248
                    ],
                    [
                        787,
                        249
                    ],
                    [
                        787,
                        257
                    ],
                    [
                        786,
                        258
                    ],
                    [
                        786,
                        272
                    ],
                    [
                        787,
                        273
                    ],
                    [
                        787,
                        277
                    ],
                    [
                        788,
                        278
                    ],
                    [
                        788,
                        279
                    ],
                    [
                        789,
                        280
                    ],
                    [
                        789,
                        282
                    ],
                    [
                        790,
                        283
                    ],
                    [
                        790,
                        284
                    ],
                    [
                        791,
                        285
                    ],
                    [
                        791,
                        287
                    ],
                    [
                        792,
                        288
                    ],
                    [
                        801,
                        288
                    ],
                    [
                        802,
                        287
                    ],
                    [
                        803,
                        287
                    ],
                    [
                        804,
                        286
                    ],
                    [
                        804,
                        284
                    ],
                    [
                        805,
                        283
                    ],
                    [
                        805,
                        277
                    ],
                    [
                        806,
                        276
                    ],
                    [
                        806,
                        263
                    ],
                    [
                        807,
                        262
                    ],
                    [
                        807,
                        254
                    ],
                    [
                        808,
                        253
                    ],
                    [
                        808,
                        246
                    ],
                    [
                        809,
                        245
                    ],
                    [
                        809,
                        243
                    ],
                    [
                        810,
                        242
                    ],
                    [
                        810,
                        240
                    ],
                    [
                        811,
                        239
                    ],
                    [
                        816,
                        239
                    ],
                    [
                        817,
                        238
                    ],
                    [
                        818,
                        238
                    ],
                    [
                        819,
                        237
                    ],
                    [
                        819,
                        235
                    ],
                    [
                        818,
                        234
                    ],
                    [
                        818,
                        233
                    ],
                    [
                        817,
                        232
                    ],
                    [
                        817,
                        231
                    ],
                    [
                        816,
                        230
                    ],
                    [
                        816,
                        229
                    ],
                    [
                        815,
                        228
                    ],
                    [
                        815,
                        222
                    ],
                    [
                        813,
                        220
                    ],
                    [
                        813,
                        204
                    ],
                    [
                        812,
                        203
                    ],
                    [
                        812,
                        202
                    ],
                    [
                        811,
                        201
                    ],
                    [
                        811,
                        200
                    ],
                    [
                        810,
                        199
                    ],
                    [
                        810,
                        198
                    ],
                    [
                        809,
                        198
                    ],
                    [
                        808,
                        197
                    ],
                    [
                        808,
                        196
                    ],
                    [
                        807,
                        196
                    ],
                    [
                        803,
                        192
                    ],
                    [
                        803,
                        191
                    ],
                    [
                        802,
                        190
                    ],
                    [
                        802,
                        189
                    ],
                    [
                        804,
                        187
                    ],
                    [
                        804,
                        185
                    ],
                    [
                        805,
                        184
                    ],
                    [
                        805,
                        181
                    ],
                    [
                        806,
                        180
                    ],
                    [
                        806,
                        177
                    ],
                    [
                        804,
                        175
                    ],
                    [
                        804,
                        174
                    ],
                    [
                        802,
                        174
                    ],
                    [
                        801,
                        173
                    ],
                    [
                        799,
                        173
                    ]
                ],
                "interior": []
            }
        },
        {
            "id": 159660043,
            "classId": 6551257,
            "objectId": null,
            "description": "",
            "geometryType": "rectangle",
            "labelerLogin": "inbox@datasetninja.com",
            "createdAt": "2024-03-12T16:08:25.187Z",
            "updatedAt": "2024-03-12T16:08:25.187Z",
            "tags": [
                {
                    "id": 122155979,
                    "tagId": 32511,
                    "name": "object id",
                    "value": 2001,
                    "labelerLogin": "inbox@datasetninja.com",
                    "createdAt": "2024-03-12T16:08:25.187Z",
                    "updatedAt": "2024-03-12T16:08:25.187Z"
                },
                {
                    "id": 122155980,
                    "tagId": 32513,
                    "name": "instance id",
                    "value": 1,
                    "labelerLogin": "inbox@datasetninja.com",
                    "createdAt": "2024-03-12T16:08:25.187Z",
                    "updatedAt": "2024-03-12T16:08:25.187Z"
                }
            ],
            "classTitle": "pedestrian",
            "points": {
                "exterior": [
                    [
                        776,
                        172
                    ],
                    [
                        819,
                        288
                    ]
                ],
                "interior": []
            }
        },
        {
            "id": 159660044,
            "classId": 6551257,
            "objectId": null,
            "description": "",
            "geometryType": "polygon",
            "labelerLogin": "inbox@datasetninja.com",
            "createdAt": "2024-03-12T16:08:25.188Z",
            "updatedAt": "2024-03-12T16:08:25.188Z",
            "tags": [
                {
                    "id": 122155981,
                    "tagId": 32511,
                    "name": "object id",
                    "value": 2004,
                    "labelerLogin": "inbox@datasetninja.com",
                    "createdAt": "2024-03-12T16:08:25.188Z",
                    "updatedAt": "2024-03-12T16:08:25.188Z"
                },
                {
                    "id": 122155982,
                    "tagId": 32513,
                    "name": "instance id",
                    "value": 4,
                    "labelerLogin": "inbox@datasetninja.com",
                    "createdAt": "2024-03-12T16:08:25.188Z",
                    "updatedAt": "2024-03-12T16:08:25.188Z"
                }
            ],
            "classTitle": "pedestrian",
            "points": {
                "exterior": [
                    [
                        659,
                        170
                    ],
                    [
                        658,
                        171
                    ],
                    [
                        657,
                        171
                    ],
                    [
                        656,
                        172
                    ],
                    [
                        656,
                        174
                    ],
                    [
                        655,
                        175
                    ],
                    [
                        655,
                        177
                    ],
                    [
                        654,
                        178
                    ],
                    [
                        654,
                        179
                    ],
                    [
                        652,
                        181
                    ],
                    [
                        652,
                        183
                    ],
                    [
                        651,
                        184
                    ],
                    [
                        651,
                        189
                    ],
                    [
                        652,
                        190
                    ],
                    [
                        653,
                        190
                    ],
                    [
                        656,
                        193
                    ],
                    [
                        656,
                        195
                    ],
                    [
                        657,
                        196
                    ],
                    [
                        657,
                        197
                    ],
                    [
                        658,
                        198
                    ],
                    [
                        658,
                        199
                    ],
                    [
                        659,
                        200
                    ],
                    [
                        659,
                        216
                    ],
                    [
                        661,
                        218
                    ],
                    [
                        662,
                        218
                    ],
                    [
                        663,
                        219
                    ],
                    [
                        663,
                        220
                    ],
                    [
                        664,
                        221
                    ],
                    [
                        664,
                        222
                    ],
                    [
                        663,
                        223
                    ],
                    [
                        663,
                        225
                    ],
                    [
                        664,
                        226
                    ],
                    [
                        666,
                        226
                    ],
                    [
                        667,
                        225
                    ],
                    [
                        667,
                        217
                    ],
                    [
                        668,
                        216
                    ],
                    [
                        668,
                        212
                    ],
                    [
                        669,
                        211
                    ],
                    [
                        669,
                        208
                    ],
                    [
                        670,
                        207
                    ],
                    [
                        670,
                        195
                    ],
                    [
                        669,
                        194
                    ],
                    [
                        669,
                        188
                    ],
                    [
                        668,
                        187
                    ],
                    [
                        668,
                        185
                    ],
                    [
                        667,
                        184
                    ],
                    [
                        667,
                        183
                    ],
                    [
                        666,
                        182
                    ],
                    [
                        666,
                        181
                    ],
                    [
                        662,
                        177
                    ],
                    [
                        662,
                        173
                    ],
                    [
                        661,
                        172
                    ],
                    [
                        661,
                        171
                    ],
                    [
                        660,
                        170
                    ]
                ],
                "interior": []
            }
        },
        {
            "id": 159660045,
            "classId": 6551257,
            "objectId": null,
            "description": "",
            "geometryType": "rectangle",
            "labelerLogin": "inbox@datasetninja.com",
            "createdAt": "2024-03-12T16:08:25.191Z",
            "updatedAt": "2024-03-12T16:08:25.191Z",
            "tags": [
                {
                    "id": 122155983,
                    "tagId": 32511,
                    "name": "object id",
                    "value": 2004,
                    "labelerLogin": "inbox@datasetninja.com",
                    "createdAt": "2024-03-12T16:08:25.191Z",
                    "updatedAt": "2024-03-12T16:08:25.191Z"
                },
                {
                    "id": 122155984,
                    "tagId": 32513,
                    "name": "instance id",
                    "value": 4,
                    "labelerLogin": "inbox@datasetninja.com",
                    "createdAt": "2024-03-12T16:08:25.191Z",
                    "updatedAt": "2024-03-12T16:08:25.191Z"
                }
            ],
            "classTitle": "pedestrian",
            "points": {
                "exterior": [
                    [
                        651,
                        170
                    ],
                    [
                        670,
                        226
                    ]
                ],
                "interior": []
            }
        },
        {
            "id": 159660046,
            "classId": 6551259,
            "objectId": null,
            "description": "",
            "geometryType": "polygon",
            "labelerLogin": "inbox@datasetninja.com",
            "createdAt": "2024-03-12T16:08:25.192Z",
            "updatedAt": "2024-03-12T16:08:25.192Z",
            "tags": [],
            "classTitle": "ignore region",
            "points": {
                "exterior": [
                    [
                        0,
                        211
                    ],
                    [
                        0,
                        238
                    ],
                    [
                        24,
                        238
                    ],
                    [
                        24,
                        211
                    ]
                ],
                "interior": []
            }
        },
        {
            "id": 159660047,
            "classId": 6551259,
            "objectId": null,
            "description": "",
            "geometryType": "rectangle",
            "labelerLogin": "inbox@datasetninja.com",
            "createdAt": "2024-03-12T16:08:25.193Z",
            "updatedAt": "2024-03-12T16:08:25.193Z",
            "tags": [],
            "classTitle": "ignore region",
            "points": {
                "exterior": [
                    [
                        0,
                        211
                    ],
                    [
                        24,
                        238
                    ]
                ],
                "interior": []
            }
        },
        {
            "id": 159660048,
            "classId": 6551259,
            "objectId": null,
            "description": "",
            "geometryType": "polygon",
            "labelerLogin": "inbox@datasetninja.com",
            "createdAt": "2024-03-12T16:08:25.193Z",
            "updatedAt": "2024-03-12T16:08:25.193Z",
            "tags": [],
            "classTitle": "ignore region",
            "points": {
                "exterior": [
                    [
                        372,
                        171
                    ],
                    [
                        372,
                        219
                    ],
                    [
                        397,
                        219
                    ],
                    [
                        397,
                        171
                    ]
                ],
                "interior": []
            }
        },
        {
            "id": 159660049,
            "classId": 6551259,
            "objectId": null,
            "description": "",
            "geometryType": "rectangle",
            "labelerLogin": "inbox@datasetninja.com",
            "createdAt": "2024-03-12T16:08:25.193Z",
            "updatedAt": "2024-03-12T16:08:25.193Z",
            "tags": [],
            "classTitle": "ignore region",
            "points": {
                "exterior": [
                    [
                        372,
                        171
                    ],
                    [
                        397,
                        219
                    ]
                ],
                "interior": []
            }
        },
        {
            "id": 159660050,
            "classId": 6551259,
            "objectId": null,
            "description": "",
            "geometryType": "polygon",
            "labelerLogin": "inbox@datasetninja.com",
            "createdAt": "2024-03-12T16:08:25.194Z",
            "updatedAt": "2024-03-12T16:08:25.194Z",
            "tags": [],
            "classTitle": "ignore region",
            "points": {
                "exterior": [
                    [
                        538,
                        144
                    ],
                    [
                        538,
                        159
                    ],
                    [
                        537,
                        160
                    ],
                    [
                        440,
                        160
                    ],
                    [
                        440,
                        166
                    ],
                    [
                        439,
                        167
                    ],
                    [
                        405,
                        167
                    ],
                    [
                        405,
                        236
                    ],
                    [
                        443,
                        236
                    ],
                    [
                        443,
                        200
                    ],
                    [
                        444,
                        199
                    ],
                    [
                        448,
                        199
                    ],
                    [
                        449,
                        200
                    ],
                    [
                        449,
                        226
                    ],
                    [
                        484,
                        226
                    ],
                    [
                        484,
                        200
                    ],
                    [
                        485,
                        199
                    ],
                    [
                        537,
                        199
                    ],
                    [
                        538,
                        200
                    ],
                    [
                        584,
                        200
                    ],
                    [
                        584,
                        199
                    ],
                    [
                        585,
                        198
                    ],
                    [
                        604,
                        198
                    ],
                    [
                        604,
                        156
                    ],
                    [
                        585,
                        156
                    ],
                    [
                        584,
                        155
                    ],
                    [
                        584,
                        144
                    ]
                ],
                "interior": []
            }
        },
        {
            "id": 159660051,
            "classId": 6551259,
            "objectId": null,
            "description": "",
            "geometryType": "rectangle",
            "labelerLogin": "inbox@datasetninja.com",
            "createdAt": "2024-03-12T16:08:25.194Z",
            "updatedAt": "2024-03-12T16:08:25.194Z",
            "tags": [],
            "classTitle": "ignore region",
            "points": {
                "exterior": [
                    [
                        405,
                        144
                    ],
                    [
                        604,
                        236
                    ]
                ],
                "interior": []
            }
        }
    ]
}