{
    "description": "",
    "tags": [
        {
            "id": 21889658,
            "tagId": 32512,
            "name": "sequence",
            "value": "0019",
            "labelerLogin": "inbox@datasetninja.com",
            "createdAt": "2024-03-12T16:06:03.322Z",
            "updatedAt": "2024-03-12T16:06:03.322Z"
        }
    ],
    "size": {
        "height": 374,
        "width": 1238
    },
    "objects": [
        {
            "id": 159650514,
            "classId": 6551257,
            "objectId": null,
            "description": "",
            "geometryType": "polygon",
            "labelerLogin": "inbox@datasetninja.com",
            "createdAt": "2024-03-12T16:06:03.323Z",
            "updatedAt": "2024-03-12T16:06:03.323Z",
            "tags": [
                {
                    "id": 122143265,
                    "tagId": 32511,
                    "name": "object id",
                    "value": 2004,
                    "labelerLogin": "inbox@datasetninja.com",
                    "createdAt": "2024-03-12T16:06:03.322Z",
                    "updatedAt": "2024-03-12T16:06:03.322Z"
                },
                {
                    "id": 122143266,
                    "tagId": 32513,
                    "name": "instance id",
                    "value": 4,
                    "labelerLogin": "inbox@datasetninja.com",
                    "createdAt": "2024-03-12T16:06:03.322Z",
                    "updatedAt": "2024-03-12T16:06:03.322Z"
                }
            ],
            "classTitle": "pedestrian",
            "points": {
                "exterior": [
                    [
                        939,
                        174
                    ],
                    [
                        937,
                        176
                    ],
                    [
                        936,
                        176
                    ],
                    [
                        935,
                        177
                    ],
                    [
                        935,
                        178
                    ],
                    [
                        934,
                        179
                    ],
                    [
                        934,
                        185
                    ],
                    [
                        933,
                        186
                    ],
                    [
                        933,
                        187
                    ],
                    [
                        934,
                        188
                    ],
                    [
                        934,
                        191
                    ],
                    [
                        935,
                        192
                    ],
                    [
                        934,
                        193
                    ],
                    [
                        933,
                        193
                    ],
                    [
                        931,
                        195
                    ],
                    [
                        930,
                        195
                    ],
                    [
                        929,
                        196
                    ],
                    [
                        928,
                        196
                    ],
                    [
                        927,
                        197
                    ],
                    [
                        926,
                        197
                    ],
                    [
                        926,
                        198
                    ],
                    [
                        925,
                        199
                    ],
                    [
                        925,
                        200
                    ],
                    [
                        924,
                        201
                    ],
                    [
                        924,
                        203
                    ],
                    [
                        923,
                        204
                    ],
                    [
                        923,
                        207
                    ],
                    [
                        922,
                        208
                    ],
                    [
                        922,
                        212
                    ],
                    [
                        921,
                        213
                    ],
                    [
                        921,
                        216
                    ],
                    [
                        920,
                        217
                    ],
                    [
                        920,
                        219
                    ],
                    [
                        919,
                        220
                    ],
                    [
                        919,
                        224
                    ],
                    [
                        918,
                        225
                    ],
                    [
                        918,
                        227
                    ],
                    [
                        917,
                        228
                    ],
                    [
                        917,
                        231
                    ],
                    [
                        916,
                        232
                    ],
                    [
                        916,
                        236
                    ],
                    [
                        917,
                        237
                    ],
                    [
                        917,
                        238
                    ],
                    [
                        918,
                        238
                    ],
                    [
                        919,
                        239
                    ],
                    [
                        920,
                        239
                    ],
                    [
                        921,
                        240
                    ],
                    [
                        923,
                        240
                    ],
                    [
                        924,
                        241
                    ],
                    [
                        924,
                        242
                    ],
                    [
                        926,
                        244
                    ],
                    [
                        926,
                        245
                    ],
                    [
                        927,
                        246
                    ],
                    [
                        928,
                        246
                    ],
                    [
                        930,
                        248
                    ],
                    [
                        930,
                        249
                    ],
                    [
                        931,
                        250
                    ],
                    [
                        931,
                        254
                    ],
                    [
                        930,
                        255
                    ],
                    [
                        930,
                        259
                    ],
                    [
                        929,
                        260
                    ],
                    [
                        929,
                        261
                    ],
                    [
                        928,
                        262
                    ],
                    [
                        928,
                        276
                    ],
                    [
                        929,
                        277
                    ],
                    [
                        929,
                        280
                    ],
                    [
                        930,
                        281
                    ],
                    [
                        930,
                        282
                    ],
                    [
                        931,
                        283
                    ],
                    [
                        932,
                        283
                    ],
                    [
                        934,
                        285
                    ],
                    [
                        935,
                        285
                    ],
                    [
                        936,
                        286
                    ],
                    [
                        937,
                        286
                    ],
                    [
                        938,
                        287
                    ],
                    [
                        941,
                        287
                    ],
                    [
                        942,
                        288
                    ],
                    [
                        942,
                        291
                    ],
                    [
                        943,
                        292
                    ],
                    [
                        943,
                        293
                    ],
                    [
                        942,
                        294
                    ],
                    [
                        942,
                        296
                    ],
                    [
                        941,
                        297
                    ],
                    [
                        941,
                        299
                    ],
                    [
                        940,
                        300
                    ],
                    [
                        940,
                        302
                    ],
                    [
                        941,
                        303
                    ],
                    [
                        941,
                        304
                    ],
                    [
                        942,
                        304
                    ],
                    [
                        943,
                        305
                    ],
                    [
                        945,
                        305
                    ],
                    [
                        946,
                        304
                    ],
                    [
                        948,
                        304
                    ],
                    [
                        951,
                        301
                    ],
                    [
                        951,
                        294
                    ],
                    [
                        952,
                        293
                    ],
                    [
                        952,
                        290
                    ],
                    [
                        954,
                        288
                    ],
                    [
                        955,
                        288
                    ],
                    [
                        956,
                        287
                    ],
                    [
                        959,
                        287
                    ],
                    [
                        961,
                        285
                    ],
                    [
                        961,
                        284
                    ],
                    [
                        962,
                        283
                    ],
                    [
                        962,
                        281
                    ],
                    [
                        963,
                        280
                    ],
                    [
                        963,
                        276
                    ],
                    [
                        964,
                        275
                    ],
                    [
                        964,
                        270
                    ],
                    [
                        965,
                        269
                    ],
                    [
                        965,
                        263
                    ],
                    [
                        966,
                        262
                    ],
                    [
                        966,
                        260
                    ],
                    [
                        967,
                        259
                    ],
                    [
                        967,
                        258
                    ],
                    [
                        970,
                        255
                    ],
                    [
                        970,
                        254
                    ],
                    [
                        969,
                        253
                    ],
                    [
                        970,
                        252
                    ],
                    [
                        970,
                        251
                    ],
                    [
                        971,
                        250
                    ],
                    [
                        971,
                        239
                    ],
                    [
                        970,
                        238
                    ],
                    [
                        970,
                        232
                    ],
                    [
                        969,
                        231
                    ],
                    [
                        969,
                        227
                    ],
                    [
                        968,
                        226
                    ],
                    [
                        968,
                        223
                    ],
                    [
                        967,
                        222
                    ],
                    [
                        967,
                        218
                    ],
                    [
                        966,
                        217
                    ],
                    [
                        966,
                        214
                    ],
                    [
                        965,
                        213
                    ],
                    [
                        965,
                        208
                    ],
                    [
                        964,
                        207
                    ],
                    [
                        964,
                        205
                    ],
                    [
                        963,
                        204
                    ],
                    [
                        963,
                        203
                    ],
                    [
                        962,
                        202
                    ],
                    [
                        962,
                        201
                    ],
                    [
                        958,
                        197
                    ],
                    [
                        957,
                        197
                    ],
                    [
                        954,
                        194
                    ],
                    [
                        954,
                        193
                    ],
                    [
                        953,
                        192
                    ],
                    [
                        953,
                        184
                    ],
                    [
                        952,
                        183
                    ],
                    [
                        952,
                        181
                    ],
                    [
                        951,
                        180
                    ],
                    [
                        951,
                        179
                    ],
                    [
                        947,
                        175
                    ],
                    [
                        946,
                        175
                    ],
                    [
                        945,
                        174
                    ]
                ],
                "interior": []
            }
        },
        {
            "id": 159650515,
            "classId": 6551257,
            "objectId": null,
            "description": "",
            "geometryType": "rectangle",
            "labelerLogin": "inbox@datasetninja.com",
            "createdAt": "2024-03-12T16:06:03.323Z",
            "updatedAt": "2024-03-12T16:06:03.323Z",
            "tags": [
                {
                    "id": 122143267,
                    "tagId": 32511,
                    "name": "object id",
                    "value": 2004,
                    "labelerLogin": "inbox@datasetninja.com",
                    "createdAt": "2024-03-12T16:06:03.323Z",
                    "updatedAt": "2024-03-12T16:06:03.323Z"
                },
                {
                    "id": 122143268,
                    "tagId": 32513,
                    "name": "instance id",
                    "value": 4,
                    "labelerLogin": "inbox@datasetninja.com",
                    "createdAt": "2024-03-12T16:06:03.323Z",
                    "updatedAt": "2024-03-12T16:06:03.323Z"
                }
            ],
            "classTitle": "pedestrian",
            "points": {
                "exterior": [
                    [
                        916,
                        174
                    ],
                    [
                        971,
                        305
                    ]
                ],
                "interior": []
            }
        },
        {
            "id": 159650516,
            "classId": 6551257,
            "objectId": null,
            "description": "",
            "geometryType": "polygon",
            "labelerLogin": "inbox@datasetninja.com",
            "createdAt": "2024-03-12T16:06:03.324Z",
            "updatedAt": "2024-03-12T16:06:03.324Z",
            "tags": [
                {
                    "id": 122143269,
                    "tagId": 32511,
                    "name": "object id",
                    "value": 2005,
                    "labelerLogin": "inbox@datasetninja.com",
                    "createdAt": "2024-03-12T16:06:03.324Z",
                    "updatedAt": "2024-03-12T16:06:03.324Z"
                },
                {
                    "id": 122143270,
                    "tagId": 32513,
                    "name": "instance id",
                    "value": 5,
                    "labelerLogin": "inbox@datasetninja.com",
                    "createdAt": "2024-03-12T16:06:03.324Z",
                    "updatedAt": "2024-03-12T16:06:03.324Z"
                }
            ],
            "classTitle": "pedestrian",
            "points": {
                "exterior": [
                    [
                        147,
                        190
                    ],
                    [
                        146,
                        191
                    ],
                    [
                        144,
                        191
                    ],
                    [
                        143,
                        192
                    ],
                    [
                        142,
                        192
                    ],
                    [
                        140,
                        194
                    ],
                    [
                        138,
                        194
                    ],
                    [
                        135,
                        197
                    ],
                    [
                        135,
                        201
                    ],
                    [
                        136,
                        202
                    ],
                    [
                        136,
                        205
                    ],
                    [
                        137,
                        206
                    ],
                    [
                        137,
                        208
                    ],
                    [
                        138,
                        209
                    ],
                    [
                        138,
                        210
                    ],
                    [
                        139,
                        211
                    ],
                    [
                        139,
                        215
                    ],
                    [
                        140,
                        216
                    ],
                    [
                        139,
                        217
                    ],
                    [
                        139,
                        218
                    ],
                    [
                        138,
                        219
                    ],
                    [
                        137,
                        219
                    ],
                    [
                        136,
                        220
                    ],
                    [
                        136,
                        221
                    ],
                    [
                        135,
                        222
                    ],
                    [
                        135,
                        223
                    ],
                    [
                        134,
                        224
                    ],
                    [
                        134,
                        225
                    ],
                    [
                        133,
                        226
                    ],
                    [
                        133,
                        229
                    ],
                    [
                        132,
                        230
                    ],
                    [
                        132,
                        234
                    ],
                    [
                        131,
                        235
                    ],
                    [
                        131,
                        239
                    ],
                    [
                        130,
                        240
                    ],
                    [
                        130,
                        241
                    ],
                    [
                        129,
                        242
                    ],
                    [
                        129,
                        243
                    ],
                    [
                        128,
                        244
                    ],
                    [
                        128,
                        245
                    ],
                    [
                        127,
                        246
                    ],
                    [
                        127,
                        247
                    ],
                    [
                        126,
                        248
                    ],
                    [
                        126,
                        249
                    ],
                    [
                        125,
                        250
                    ],
                    [
                        125,
                        252
                    ],
                    [
                        121,
                        256
                    ],
                    [
                        121,
                        257
                    ],
                    [
                        120,
                        258
                    ],
                    [
                        120,
                        259
                    ],
                    [
                        119,
                        260
                    ],
                    [
                        119,
                        261
                    ],
                    [
                        118,
                        262
                    ],
                    [
                        118,
                        263
                    ],
                    [
                        116,
                        265
                    ],
                    [
                        116,
                        266
                    ],
                    [
                        115,
                        267
                    ],
                    [
                        115,
                        271
                    ],
                    [
                        114,
                        272
                    ],
                    [
                        115,
                        273
                    ],
                    [
                        115,
                        274
                    ],
                    [
                        116,
                        275
                    ],
                    [
                        117,
                        275
                    ],
                    [
                        118,
                        274
                    ],
                    [
                        119,
                        274
                    ],
                    [
                        119,
                        273
                    ],
                    [
                        120,
                        272
                    ],
                    [
                        120,
                        271
                    ],
                    [
                        121,
                        270
                    ],
                    [
                        121,
                        268
                    ],
                    [
                        122,
                        267
                    ],
                    [
                        122,
                        266
                    ],
                    [
                        123,
                        265
                    ],
                    [
                        123,
                        264
                    ],
                    [
                        124,
                        263
                    ],
                    [
                        124,
                        261
                    ],
                    [
                        127,
                        258
                    ],
                    [
                        128,
                        258
                    ],
                    [
                        129,
                        257
                    ],
                    [
                        130,
                        257
                    ],
                    [
                        132,
                        255
                    ],
                    [
                        133,
                        255
                    ],
                    [
                        133,
                        254
                    ],
                    [
                        134,
                        253
                    ],
                    [
                        135,
                        253
                    ],
                    [
                        136,
                        254
                    ],
                    [
                        136,
                        255
                    ],
                    [
                        138,
                        257
                    ],
                    [
                        138,
                        259
                    ],
                    [
                        139,
                        260
                    ],
                    [
                        139,
                        273
                    ],
                    [
                        140,
                        274
                    ],
                    [
                        140,
                        278
                    ],
                    [
                        141,
                        279
                    ],
                    [
                        141,
                        285
                    ],
                    [
                        142,
                        286
                    ],
                    [
                        142,
                        287
                    ],
                    [
                        143,
                        288
                    ],
                    [
                        144,
                        287
                    ],
                    [
                        146,
                        287
                    ],
                    [
                        147,
                        286
                    ],
                    [
                        153,
                        286
                    ],
                    [
                        159,
                        280
                    ],
                    [
                        161,
                        280
                    ],
                    [
                        162,
                        279
                    ],
                    [
                        162,
                        277
                    ],
                    [
                        160,
                        275
                    ],
                    [
                        160,
                        273
                    ],
                    [
                        159,
                        272
                    ],
                    [
                        159,
                        270
                    ],
                    [
                        154,
                        270
                    ],
                    [
                        153,
                        271
                    ],
                    [
                        152,
                        271
                    ],
                    [
                        151,
                        272
                    ],
                    [
                        148,
                        272
                    ],
                    [
                        143,
                        267
                    ],
                    [
                        143,
                        266
                    ],
                    [
                        142,
                        265
                    ],
                    [
                        142,
                        258
                    ],
                    [
                        143,
                        257
                    ],
                    [
                        143,
                        256
                    ],
                    [
                        144,
                        255
                    ],
                    [
                        145,
                        255
                    ],
                    [
                        147,
                        253
                    ],
                    [
                        148,
                        253
                    ],
                    [
                        149,
                        252
                    ],
                    [
                        158,
                        252
                    ],
                    [
                        160,
                        250
                    ],
                    [
                        160,
                        245
                    ],
                    [
                        161,
                        244
                    ],
                    [
                        161,
                        242
                    ],
                    [
                        162,
                        241
                    ],
                    [
                        162,
                        240
                    ],
                    [
                        163,
                        239
                    ],
                    [
                        165,
                        239
                    ],
                    [
                        166,
                        240
                    ],
                    [
                        170,
                        240
                    ],
                    [
                        172,
                        238
                    ],
                    [
                        172,
                        234
                    ],
                    [
                        171,
                        233
                    ],
                    [
                        171,
                        218
                    ],
                    [
                        170,
                        217
                    ],
                    [
                        170,
                        216
                    ],
                    [
                        169,
                        216
                    ],
                    [
                        167,
                        214
                    ],
                    [
                        163,
                        214
                    ],
                    [
                        162,
                        213
                    ],
                    [
                        161,
                        213
                    ],
                    [
                        159,
                        211
                    ],
                    [
                        159,
                        210
                    ],
                    [
                        158,
                        209
                    ],
                    [
                        158,
                        207
                    ],
                    [
                        159,
                        206
                    ],
                    [
                        159,
                        205
                    ],
                    [
                        160,
                        204
                    ],
                    [
                        160,
                        202
                    ],
                    [
                        161,
                        201
                    ],
                    [
                        161,
                        197
                    ],
                    [
                        159,
                        195
                    ],
                    [
                        159,
                        194
                    ],
                    [
                        156,
                        191
                    ],
                    [
                        152,
                        191
                    ],
                    [
                        151,
                        190
                    ]
                ],
                "interior": []
            }
        },
        {
            "id": 159650517,
            "classId": 6551257,
            "objectId": null,
            "description": "",
            "geometryType": "rectangle",
            "labelerLogin": "inbox@datasetninja.com",
            "createdAt": "2024-03-12T16:06:03.325Z",
            "updatedAt": "2024-03-12T16:06:03.325Z",
            "tags": [
                {
                    "id": 122143271,
                    "tagId": 32511,
                    "name": "object id",
                    "value": 2005,
                    "labelerLogin": "inbox@datasetninja.com",
                    "createdAt": "2024-03-12T16:06:03.325Z",
                    "updatedAt": "2024-03-12T16:06:03.325Z"
                },
                {
                    "id": 122143272,
                    "tagId": 32513,
                    "name": "instance id",
                    "value": 5,
                    "labelerLogin": "inbox@datasetninja.com",
                    "createdAt": "2024-03-12T16:06:03.325Z",
                    "updatedAt": "2024-03-12T16:06:03.325Z"
                }
            ],
            "classTitle": "pedestrian",
            "points": {
                "exterior": [
                    [
                        114,
                        190
                    ],
                    [
                        172,
                        288
                    ]
                ],
                "interior": []
            }
        },
        {
            "id": 159650518,
            "classId": 6551257,
            "objectId": null,
            "description": "",
            "geometryType": "polygon",
            "labelerLogin": "inbox@datasetninja.com",
            "createdAt": "2024-03-12T16:06:03.326Z",
            "updatedAt": "2024-03-12T16:06:03.326Z",
            "tags": [
                {
                    "id": 122143273,
                    "tagId": 32511,
                    "name": "object id",
                    "value": 2006,
                    "labelerLogin": "inbox@datasetninja.com",
                    "createdAt": "2024-03-12T16:06:03.326Z",
                    "updatedAt": "2024-03-12T16:06:03.326Z"
                },
                {
                    "id": 122143274,
                    "tagId": 32513,
                    "name": "instance id",
                    "value": 6,
                    "labelerLogin": "inbox@datasetninja.com",
                    "createdAt": "2024-03-12T16:06:03.326Z",
                    "updatedAt": "2024-03-12T16:06:03.326Z"
                }
            ],
            "classTitle": "pedestrian",
            "points": {
                "exterior": [
                    [
                        445,
                        175
                    ],
                    [
                        444,
                        176
                    ],
                    [
                        444,
                        182
                    ],
                    [
                        445,
                        183
                    ],
                    [
                        445,
                        191
                    ],
                    [
                        446,
                        191
                    ],
                    [
                        447,
                        190
                    ],
                    [
                        447,
                        189
                    ],
                    [
                        448,
                        188
                    ],
                    [
                        448,
                        184
                    ],
                    [
                        449,
                        183
                    ],
                    [
                        449,
                        182
                    ],
                    [
                        450,
                        181
                    ],
                    [
                        450,
                        180
                    ],
                    [
                        451,
                        179
                    ],
                    [
                        451,
                        178
                    ],
                    [
                        450,
                        177
                    ],
                    [
                        450,
                        176
                    ],
                    [
                        449,
                        176
                    ],
                    [
                        448,
                        175
                    ]
                ],
                "interior": []
            }
        },
        {
            "id": 159650519,
            "classId": 6551257,
            "objectId": null,
            "description": "",
            "geometryType": "rectangle",
            "labelerLogin": "inbox@datasetninja.com",
            "createdAt": "2024-03-12T16:06:03.327Z",
            "updatedAt": "2024-03-12T16:06:03.327Z",
            "tags": [
                {
                    "id": 122143275,
                    "tagId": 32511,
                    "name": "object id",
                    "value": 2006,
                    "labelerLogin": "inbox@datasetninja.com",
                    "createdAt": "2024-03-12T16:06:03.327Z",
                    "updatedAt": "2024-03-12T16:06:03.327Z"
                },
                {
                    "id": 122143276,
                    "tagId": 32513,
                    "name": "instance id",
                    "value": 6,
                    "labelerLogin": "inbox@datasetninja.com",
                    "createdAt": "2024-03-12T16:06:03.327Z",
                    "updatedAt": "2024-03-12T16:06:03.327Z"
                }
            ],
            "classTitle": "pedestrian",
            "points": {
                "exterior": [
                    [
                        444,
                        175
                    ],
                    [
                        451,
                        191
                    ]
                ],
                "interior": []
            }
        },
        {
            "id": 159650520,
            "classId": 6551257,
            "objectId": null,
            "description": "",
            "geometryType": "polygon",
            "labelerLogin": "inbox@datasetninja.com",
            "createdAt": "2024-03-12T16:06:03.328Z",
            "updatedAt": "2024-03-12T16:06:03.328Z",
            "tags": [
                {
                    "id": 122143277,
                    "tagId": 32511,
                    "name": "object id",
                    "value": 2007,
                    "labelerLogin": "inbox@datasetninja.com",
                    "createdAt": "2024-03-12T16:06:03.327Z",
                    "updatedAt": "2024-03-12T16:06:03.327Z"
                },
                {
                    "id": 122143278,
                    "tagId": 32513,
                    "name": "instance id",
                    "value": 7,
                    "labelerLogin": "inbox@datasetninja.com",
                    "createdAt": "2024-03-12T16:06:03.327Z",
                    "updatedAt": "2024-03-12T16:06:03.327Z"
                }
            ],
            "classTitle": "pedestrian",
            "points": {
                "exterior": [
                    [
                        467,
                        243
                    ],
                    [
                        461,
                        249
                    ],
                    [
                        461,
                        251
                    ],
                    [
                        462,
                        252
                    ],
                    [
                        462,
                        253
                    ],
                    [
                        463,
                        254
                    ],
                    [
                        463,
                        255
                    ],
                    [
                        464,
                        256
                    ],
                    [
                        464,
                        259
                    ],
                    [
                        469,
                        259
                    ],
                    [
                        469,
                        246
                    ],
                    [
                        468,
                        245
                    ],
                    [
                        468,
                        244
                    ]
                ],
                "interior": []
            }
        },
        {
            "id": 159650521,
            "classId": 6551257,
            "objectId": null,
            "description": "",
            "geometryType": "rectangle",
            "labelerLogin": "inbox@datasetninja.com",
            "createdAt": "2024-03-12T16:06:03.329Z",
            "updatedAt": "2024-03-12T16:06:03.329Z",
            "tags": [
                {
                    "id": 122143279,
                    "tagId": 32511,
                    "name": "object id",
                    "value": 2007,
                    "labelerLogin": "inbox@datasetninja.com",
                    "createdAt": "2024-03-12T16:06:03.329Z",
                    "updatedAt": "2024-03-12T16:06:03.329Z"
                },
                {
                    "id": 122143280,
                    "tagId": 32513,
                    "name": "instance id",
                    "value": 7,
                    "labelerLogin": "inbox@datasetninja.com",
                    "createdAt": "2024-03-12T16:06:03.329Z",
                    "updatedAt": "2024-03-12T16:06:03.329Z"
                }
            ],
            "classTitle": "pedestrian",
            "points": {
                "exterior": [
                    [
                        461,
                        243
                    ],
                    [
                        469,
                        259
                    ]
                ],
                "interior": []
            }
        },
        {
            "id": 159650522,
            "classId": 6551257,
            "objectId": null,
            "description": "",
            "geometryType": "polygon",
            "labelerLogin": "inbox@datasetninja.com",
            "createdAt": "2024-03-12T16:06:03.329Z",
            "updatedAt": "2024-03-12T16:06:03.329Z",
            "tags": [
                {
                    "id": 122143281,
                    "tagId": 32511,
                    "name": "object id",
                    "value": 2007,
                    "labelerLogin": "inbox@datasetninja.com",
                    "createdAt": "2024-03-12T16:06:03.329Z",
                    "updatedAt": "2024-03-12T16:06:03.329Z"
                },
                {
                    "id": 122143282,
                    "tagId": 32513,
                    "name": "instance id",
                    "value": 7,
                    "labelerLogin": "inbox@datasetninja.com",
                    "createdAt": "2024-03-12T16:06:03.329Z",
                    "updatedAt": "2024-03-12T16:06:03.329Z"
                }
            ],
            "classTitle": "pedestrian",
            "points": {
                "exterior": [
                    [
                        452,
                        179
                    ],
                    [
                        451,
                        180
                    ],
                    [
                        451,
                        181
                    ],
                    [
                        450,
                        182
                    ],
                    [
                        450,
                        183
                    ],
                    [
                        449,
                        184
                    ],
                    [
                        449,
                        186
                    ],
                    [
                        450,
                        187
                    ],
                    [
                        450,
                        188
                    ],
                    [
                        452,
                        190
                    ],
                    [
                        452,
                        191
                    ],
                    [
                        450,
                        193
                    ],
                    [
                        450,
                        198
                    ],
                    [
                        449,
                        199
                    ],
                    [
                        449,
                        201
                    ],
                    [
                        448,
                        202
                    ],
                    [
                        447,
                        201
                    ],
                    [
                        447,
                        193
                    ],
                    [
                        446,
                        193
                    ],
                    [
                        445,
                        194
                    ],
                    [
                        445,
                        207
                    ],
                    [
                        447,
                        207
                    ],
                    [
                        448,
                        208
                    ],
                    [
                        448,
                        211
                    ],
                    [
                        449,
                        212
                    ],
                    [
                        449,
                        213
                    ],
                    [
                        450,
                        214
                    ],
                    [
                        450,
                        219
                    ],
                    [
                        451,
                        220
                    ],
                    [
                        451,
                        221
                    ],
                    [
                        452,
                        222
                    ],
                    [
                        453,
                        222
                    ],
                    [
                        455,
                        224
                    ],
                    [
                        456,
                        224
                    ],
                    [
                        463,
                        231
                    ],
                    [
                        464,
                        231
                    ],
                    [
                        465,
                        232
                    ],
                    [
                        465,
                        226
                    ],
                    [
                        464,
                        225
                    ],
                    [
                        464,
                        214
                    ],
                    [
                        465,
                        213
                    ],
                    [
                        465,
                        212
                    ],
                    [
                        466,
                        211
                    ],
                    [
                        466,
                        210
                    ],
                    [
                        467,
                        209
                    ],
                    [
                        467,
                        206
                    ],
                    [
                        466,
                        205
                    ],
                    [
                        466,
                        198
                    ],
                    [
                        465,
                        197
                    ],
                    [
                        465,
                        196
                    ],
                    [
                        460,
                        191
                    ],
                    [
                        459,
                        191
                    ],
                    [
                        458,
                        190
                    ],
                    [
                        457,
                        190
                    ],
                    [
                        456,
                        189
                    ],
                    [
                        456,
                        181
                    ],
                    [
                        455,
                        180
                    ],
                    [
                        454,
                        180
                    ],
                    [
                        453,
                        179
                    ]
                ],
                "interior": []
            }
        },
        {
            "id": 159650523,
            "classId": 6551257,
            "objectId": null,
            "description": "",
            "geometryType": "rectangle",
            "labelerLogin": "inbox@datasetninja.com",
            "createdAt": "2024-03-12T16:06:03.330Z",
            "updatedAt": "2024-03-12T16:06:03.330Z",
            "tags": [
                {
                    "id": 122143283,
                    "tagId": 32511,
                    "name": "object id",
                    "value": 2007,
                    "labelerLogin": "inbox@datasetninja.com",
                    "createdAt": "2024-03-12T16:06:03.330Z",
                    "updatedAt": "2024-03-12T16:06:03.330Z"
                },
                {
                    "id": 122143284,
                    "tagId": 32513,
                    "name": "instance id",
                    "value": 7,
                    "labelerLogin": "inbox@datasetninja.com",
                    "createdAt": "2024-03-12T16:06:03.330Z",
                    "updatedAt": "2024-03-12T16:06:03.330Z"
                }
            ],
            "classTitle": "pedestrian",
            "points": {
                "exterior": [
                    [
                        445,
                        179
                    ],
                    [
                        467,
                        232
                    ]
                ],
                "interior": []
            }
        },
        {
            "id": 159650524,
            "classId": 6551257,
            "objectId": null,
            "description": "",
            "geometryType": "polygon",
            "labelerLogin": "inbox@datasetninja.com",
            "createdAt": "2024-03-12T16:06:03.331Z",
            "updatedAt": "2024-03-12T16:06:03.331Z",
            "tags": [
                {
                    "id": 122143285,
                    "tagId": 32511,
                    "name": "object id",
                    "value": 2010,
                    "labelerLogin": "inbox@datasetninja.com",
                    "createdAt": "2024-03-12T16:06:03.331Z",
                    "updatedAt": "2024-03-12T16:06:03.331Z"
                },
                {
                    "id": 122143286,
                    "tagId": 32513,
                    "name": "instance id",
                    "value": 10,
                    "labelerLogin": "inbox@datasetninja.com",
                    "createdAt": "2024-03-12T16:06:03.331Z",
                    "updatedAt": "2024-03-12T16:06:03.331Z"
                }
            ],
            "classTitle": "pedestrian",
            "points": {
                "exterior": [
                    [
                        531,
                        184
                    ],
                    [
                        530,
                        185
                    ],
                    [
                        529,
                        185
                    ],
                    [
                        528,
                        186
                    ],
                    [
                        528,
                        192
                    ],
                    [
                        526,
                        194
                    ],
                    [
                        526,
                        195
                    ],
                    [
                        525,
                        196
                    ],
                    [
                        525,
                        204
                    ],
                    [
                        526,
                        204
                    ],
                    [
                        527,
                        205
                    ],
                    [
                        527,
                        208
                    ],
                    [
                        528,
                        209
                    ],
                    [
                        528,
                        211
                    ],
                    [
                        529,
                        212
                    ],
                    [
                        529,
                        216
                    ],
                    [
                        530,
                        217
                    ],
                    [
                        530,
                        226
                    ],
                    [
                        529,
                        227
                    ],
                    [
                        529,
                        233
                    ],
                    [
                        530,
                        234
                    ],
                    [
                        532,
                        234
                    ],
                    [
                        533,
                        233
                    ],
                    [
                        534,
                        233
                    ],
                    [
                        534,
                        221
                    ],
                    [
                        535,
                        220
                    ],
                    [
                        535,
                        219
                    ],
                    [
                        536,
                        218
                    ],
                    [
                        536,
                        214
                    ],
                    [
                        537,
                        213
                    ],
                    [
                        536,
                        212
                    ],
                    [
                        536,
                        211
                    ],
                    [
                        537,
                        210
                    ],
                    [
                        537,
                        198
                    ],
                    [
                        536,
                        197
                    ],
                    [
                        536,
                        195
                    ],
                    [
                        534,
                        193
                    ],
                    [
                        534,
                        192
                    ],
                    [
                        533,
                        191
                    ],
                    [
                        533,
                        186
                    ]
                ],
                "interior": []
            }
        },
        {
            "id": 159650525,
            "classId": 6551257,
            "objectId": null,
            "description": "",
            "geometryType": "rectangle",
            "labelerLogin": "inbox@datasetninja.com",
            "createdAt": "2024-03-12T16:06:03.332Z",
            "updatedAt": "2024-03-12T16:06:03.332Z",
            "tags": [
                {
                    "id": 122143287,
                    "tagId": 32511,
                    "name": "object id",
                    "value": 2010,
                    "labelerLogin": "inbox@datasetninja.com",
                    "createdAt": "2024-03-12T16:06:03.332Z",
                    "updatedAt": "2024-03-12T16:06:03.332Z"
                },
                {
                    "id": 122143288,
                    "tagId": 32513,
                    "name": "instance id",
                    "value": 10,
                    "labelerLogin": "inbox@datasetninja.com",
                    "createdAt": "2024-03-12T16:06:03.332Z",
                    "updatedAt": "2024-03-12T16:06:03.332Z"
                }
            ],
            "classTitle": "pedestrian",
            "points": {
                "exterior": [
                    [
                        525,
                        184
                    ],
                    [
                        537,
                        234
                    ]
                ],
                "interior": []
            }
        },
        {
            "id": 159650526,
            "classId": 6551257,
            "objectId": null,
            "description": "",
            "geometryType": "polygon",
            "labelerLogin": "inbox@datasetninja.com",
            "createdAt": "2024-03-12T16:06:03.332Z",
            "updatedAt": "2024-03-12T16:06:03.332Z",
            "tags": [
                {
                    "id": 122143289,
                    "tagId": 32511,
                    "name": "object id",
                    "value": 2012,
                    "labelerLogin": "inbox@datasetninja.com",
                    "createdAt": "2024-03-12T16:06:03.332Z",
                    "updatedAt": "2024-03-12T16:06:03.332Z"
                },
                {
                    "id": 122143290,
                    "tagId": 32513,
                    "name": "instance id",
                    "value": 12,
                    "labelerLogin": "inbox@datasetninja.com",
                    "createdAt": "2024-03-12T16:06:03.332Z",
                    "updatedAt": "2024-03-12T16:06:03.332Z"
                }
            ],
            "classTitle": "pedestrian",
            "points": {
                "exterior": [
                    [
                        587,
                        183
                    ],
                    [
                        586,
                        184
                    ],
                    [
                        587,
                        185
                    ],
                    [
                        587,
                        195
                    ],
                    [
                        585,
                        197
                    ],
                    [
                        585,
                        198
                    ],
                    [
                        584,
                        199
                    ],
                    [
                        586,
                        199
                    ],
                    [
                        589,
                        202
                    ],
                    [
                        589,
                        203
                    ],
                    [
                        590,
                        204
                    ],
                    [
                        590,
                        207
                    ],
                    [
                        591,
                        208
                    ],
                    [
                        591,
                        215
                    ],
                    [
                        590,
                        216
                    ],
                    [
                        593,
                        219
                    ],
                    [
                        596,
                        219
                    ],
                    [
                        597,
                        218
                    ],
                    [
                        597,
                        217
                    ],
                    [
                        598,
                        216
                    ],
                    [
                        598,
                        208
                    ],
                    [
                        599,
                        207
                    ],
                    [
                        599,
                        203
                    ],
                    [
                        598,
                        202
                    ],
                    [
                        598,
                        199
                    ],
                    [
                        597,
                        198
                    ],
                    [
                        597,
                        197
                    ],
                    [
                        596,
                        196
                    ],
                    [
                        596,
                        195
                    ],
                    [
                        595,
                        194
                    ],
                    [
                        595,
                        193
                    ],
                    [
                        594,
                        192
                    ],
                    [
                        594,
                        191
                    ],
                    [
                        592,
                        189
                    ],
                    [
                        592,
                        188
                    ]
                ],
                "interior": []
            }
        },
        {
            "id": 159650527,
            "classId": 6551257,
            "objectId": null,
            "description": "",
            "geometryType": "rectangle",
            "labelerLogin": "inbox@datasetninja.com",
            "createdAt": "2024-03-12T16:06:03.333Z",
            "updatedAt": "2024-03-12T16:06:03.333Z",
            "tags": [
                {
                    "id": 122143291,
                    "tagId": 32511,
                    "name": "object id",
                    "value": 2012,
                    "labelerLogin": "inbox@datasetninja.com",
                    "createdAt": "2024-03-12T16:06:03.333Z",
                    "updatedAt": "2024-03-12T16:06:03.333Z"
                },
                {
                    "id": 122143292,
                    "tagId": 32513,
                    "name": "instance id",
                    "value": 12,
                    "labelerLogin": "inbox@datasetninja.com",
                    "createdAt": "2024-03-12T16:06:03.333Z",
                    "updatedAt": "2024-03-12T16:06:03.333Z"
                }
            ],
            "classTitle": "pedestrian",
            "points": {
                "exterior": [
                    [
                        584,
                        183
                    ],
                    [
                        599,
                        219
                    ]
                ],
                "interior": []
            }
        },
        {
            "id": 159650528,
            "classId": 6551257,
            "objectId": null,
            "description": "",
            "geometryType": "polygon",
            "labelerLogin": "inbox@datasetninja.com",
            "createdAt": "2024-03-12T16:06:03.334Z",
            "updatedAt": "2024-03-12T16:06:03.334Z",
            "tags": [
                {
                    "id": 122143293,
                    "tagId": 32511,
                    "name": "object id",
                    "value": 2014,
                    "labelerLogin": "inbox@datasetninja.com",
                    "createdAt": "2024-03-12T16:06:03.334Z",
                    "updatedAt": "2024-03-12T16:06:03.334Z"
                },
                {
                    "id": 122143294,
                    "tagId": 32513,
                    "name": "instance id",
                    "value": 14,
                    "labelerLogin": "inbox@datasetninja.com",
                    "createdAt": "2024-03-12T16:06:03.334Z",
                    "updatedAt": "2024-03-12T16:06:03.334Z"
                }
            ],
            "classTitle": "pedestrian",
            "points": {
                "exterior": [
                    [
                        634,
                        181
                    ],
                    [
                        632,
                        183
                    ],
                    [
                        632,
                        184
                    ],
                    [
                        629,
                        187
                    ],
                    [
                        629,
                        191
                    ],
                    [
                        630,
                        192
                    ],
                    [
                        630,
                        200
                    ],
                    [
                        631,
                        201
                    ],
                    [
                        631,
                        206
                    ],
                    [
                        632,
                        207
                    ],
                    [
                        632,
                        211
                    ],
                    [
                        631,
                        212
                    ],
                    [
                        632,
                        213
                    ],
                    [
                        632,
                        219
                    ],
                    [
                        637,
                        219
                    ],
                    [
                        638,
                        218
                    ],
                    [
                        639,
                        218
                    ],
                    [
                        639,
                        217
                    ],
                    [
                        640,
                        216
                    ],
                    [
                        640,
                        212
                    ],
                    [
                        639,
                        211
                    ],
                    [
                        639,
                        207
                    ],
                    [
                        638,
                        206
                    ],
                    [
                        638,
                        204
                    ],
                    [
                        639,
                        203
                    ],
                    [
                        639,
                        191
                    ],
                    [
                        638,
                        190
                    ],
                    [
                        638,
                        189
                    ],
                    [
                        637,
                        188
                    ],
                    [
                        637,
                        186
                    ],
                    [
                        636,
                        185
                    ],
                    [
                        636,
                        183
                    ],
                    [
                        635,
                        182
                    ],
                    [
                        635,
                        181
                    ]
                ],
                "interior": []
            }
        },
        {
            "id": 159650529,
            "classId": 6551257,
            "objectId": null,
            "description": "",
            "geometryType": "rectangle",
            "labelerLogin": "inbox@datasetninja.com",
            "createdAt": "2024-03-12T16:06:03.334Z",
            "updatedAt": "2024-03-12T16:06:03.334Z",
            "tags": [
                {
                    "id": 122143295,
                    "tagId": 32511,
                    "name": "object id",
                    "value": 2014,
                    "labelerLogin": "inbox@datasetninja.com",
                    "createdAt": "2024-03-12T16:06:03.334Z",
                    "updatedAt": "2024-03-12T16:06:03.334Z"
                },
                {
                    "id": 122143296,
                    "tagId": 32513,
                    "name": "instance id",
                    "value": 14,
                    "labelerLogin": "inbox@datasetninja.com",
                    "createdAt": "2024-03-12T16:06:03.334Z",
                    "updatedAt": "2024-03-12T16:06:03.334Z"
                }
            ],
            "classTitle": "pedestrian",
            "points": {
                "exterior": [
                    [
                        629,
                        181
                    ],
                    [
                        640,
                        219
                    ]
                ],
                "interior": []
            }
        },
        {
            "id": 159650530,
            "classId": 6551259,
            "objectId": null,
            "description": "",
            "geometryType": "polygon",
            "labelerLogin": "inbox@datasetninja.com",
            "createdAt": "2024-03-12T16:06:03.335Z",
            "updatedAt": "2024-03-12T16:06:03.335Z",
            "tags": [],
            "classTitle": "ignore region",
            "points": {
                "exterior": [
                    [
                        701,
                        109
                    ],
                    [
                        701,
                        168
                    ],
                    [
                        700,
                        169
                    ],
                    [
                        544,
                        169
                    ],
                    [
                        544,
                        210
                    ],
                    [
                        590,
                        210
                    ],
                    [
                        590,
                        208
                    ],
                    [
                        589,
                        207
                    ],
                    [
                        589,
                        204
                    ],
                    [
                        588,
                        203
                    ],
                    [
                        588,
                        202
                    ],
                    [
                        586,
                        200
                    ],
                    [
                        584,
                        200
                    ],
                    [
                        583,
                        199
                    ],
                    [
                        584,
                        198
                    ],
                    [
                        584,
                        197
                    ],
                    [
                        586,
                        195
                    ],
                    [
                        586,
                        185
                    ],
                    [
                        585,
                        184
                    ],
                    [
                        587,
                        182
                    ],
                    [
                        593,
                        188
                    ],
                    [
                        593,
                        189
                    ],
                    [
                        595,
                        191
                    ],
                    [
                        595,
                        192
                    ],
                    [
                        596,
                        193
                    ],
                    [
                        596,
                        194
                    ],
                    [
                        597,
                        195
                    ],
                    [
                        597,
                        196
                    ],
                    [
                        598,
                        197
                    ],
                    [
                        598,
                        198
                    ],
                    [
                        599,
                        199
                    ],
                    [
                        599,
                        202
                    ],
                    [
                        600,
                        203
                    ],
                    [
                        600,
                        207
                    ],
                    [
                        599,
                        208
                    ],
                    [
                        599,
                        210
                    ],
                    [
                        631,
                        210
                    ],
                    [
                        631,
                        207
                    ],
                    [
                        630,
                        206
                    ],
                    [
                        630,
                        201
                    ],
                    [
                        629,
                        200
                    ],
                    [
                        629,
                        192
                    ],
                    [
                        628,
                        191
                    ],
                    [
                        628,
                        187
                    ],
                    [
                        631,
                        184
                    ],
                    [
                        631,
                        183
                    ],
                    [
                        634,
                        180
                    ],
                    [
                        635,
                        180
                    ],
                    [
                        636,
                        181
                    ],
                    [
                        636,
                        182
                    ],
                    [
                        637,
                        183
                    ],
                    [
                        637,
                        185
                    ],
                    [
                        638,
                        186
                    ],
                    [
                        638,
                        188
                    ],
                    [
                        639,
                        189
                    ],
                    [
                        639,
                        190
                    ],
                    [
                        640,
                        191
                    ],
                    [
                        640,
                        203
                    ],
                    [
                        639,
                        204
                    ],
                    [
                        639,
                        206
                    ],
                    [
                        640,
                        207
                    ],
                    [
                        640,
                        210
                    ],
                    [
                        700,
                        210
                    ],
                    [
                        701,
                        211
                    ],
                    [
                        701,
                        272
                    ],
                    [
                        862,
                        272
                    ],
                    [
                        862,
                        109
                    ]
                ],
                "interior": []
            }
        },
        {
            "id": 159650531,
            "classId": 6551259,
            "objectId": null,
            "description": "",
            "geometryType": "rectangle",
            "labelerLogin": "inbox@datasetninja.com",
            "createdAt": "2024-03-12T16:06:03.336Z",
            "updatedAt": "2024-03-12T16:06:03.336Z",
            "tags": [],
            "classTitle": "ignore region",
            "points": {
                "exterior": [
                    [
                        544,
                        109
                    ],
                    [
                        862,
                        272
                    ]
                ],
                "interior": []
            }
        }
    ]
}